Workbook

Sheet Format description
A1: Notations | C1: Example | E1: Content
B4: Status | C4: V | E4: Last used of the statioin during BITS (Quarter 1 in 2011)
A5: Position | B5: NrHaul | C5: 22002 | E5: Number of the haul (SD followed by 3 figures)
B6: Rectangular | C6: 3756 | E6: Notation of the rectangle (3756 and 37G1 is used parallel)
B7: ICES SD | C7: 22 | E7: ICES subdivision
A8: 1 | B8: Latitude | C8: 54 | E8: 1. Position: Degree of latitudes
C9: 11.27 | E9: 1. Position: minutes of latitude
B10: Longitude | C10: 11 | E10: 1. Position: Degree of longitude
C11: 55.26 | E11: 1. Position: minutes of longitude
A12: 2 | B12: Latitude | C12: 54 | E12: 2. Position: Degree of latitudes
C13: 11.19 | E13: 2. Position: minutes of latitude
B14: Longitude | C14: 11 | E14: 2. Position: Degree of longitude
C15: 49.49 | E15: 2. Position: minutes of longitude
A16: 3 | B16: Latitude | C16: 0
C17: 0
B18: Longitude | C18: 0
C19: 0 | E19: In each caseat least two positions are available. More than two subsequent positions are available if the haul does not present a straigth line
A20: 4 | B20: Latitude | C20: 0
C21: 0
B22: Longitude | C22: 0
C23: 0
A24: 5 | B24: Latitude | C24: 0
C25: 0
B26: Longitude | C26: 0
C27: 0
A28: 6 | B28: Latitude | C28: 0
C29: 0
B30: Longitude | C30: 0
C31: 0
A32: 7 | B32: Latitude | C32: 0
C33: 0
B34: Longitude | C34: 0
C35: 0
A36: 8 | B36: Latitude | C36: 0
C37: 0
B38: Longitude | C38: 0
C39: 0
A40: 9 | B40: Latitude | C40: 0
C41: 0
B42: Longitude | C42: 0
C43: 0
A44: 10 | B44: Latitude | C44: 0
C45: 0
B46: Longitude | C46: 0
C47: 0
B49: Depth | C49: 18 | E49: Meanbottom depth during the haul
B50: 1 | C50: 19 | E50: Depth of the first position
B51: 2 | C51: 17 | E51: Depth of the second position
B52: 3 | C52: 0
B53: 4 | C53: 0
B54: 5 | C54: 0
B55: 6 | C55: 0
B56: 7 | C56: 0
B57: 8 | C57: 0
B58: 9 | C58: 0
B59: 10 | C59: 0
B60: Source | C60: German R/V | E60: Provider of the haul information, description
B61: TV3 | C61: 1 | E61: Notation which standard gear is used (1 - TVL, 2 - TVS, see BITS Manual)
B62: Ground rope | C62: 1 | E62: Specification of the ground rope (1 - standard, 2 - rock hopper)
B63: Direction | C63: 1 | E63: Direction of the hauls
B64: Distance | C64: 3.3772013 | E64: Distande of the haul in nm
B65: Zone | C65: DEN | E65: Notation of the nationel zone
B66: 12NM | C66: Yes/No | E66: Inside 12 Nautic mile zone?

Sheet SD22N
B2: Position | I2: 1 | M2: 2 | Q2: 3 | U2: 4 | Y2: 5 | AC2: 6 | AG2: 7 | AK2: 8 | AO2: 9 | AS2: 10 | BR2: Depth | BS2: 1. Pos | BU2: Unit 1. Pos | BW2: Mean Pos. Unit
A3: Status | B3: NrHaul | C3: Rectangle | E3: Check | F3: Rect. Num | G3: Rect. Alpha | H3: ICES SD | I3: Latitude | K3: Longitude | M3: Latitude | O3: Longitude | Q3: Latitude | S3: Longitude | U3: Latitude | W3: Longitude | Y3: Latitude | AA3: Longitude | AC3: Latitude | AE3: Longitude | AG3: Latitude | AI3: Longitude | AK3: Latitude | AM3: Longitude | AO3: Latitude | AQ3: Longitude | AS3: Latitude | AU3: Longitude | AX3: Depth | AY3: 1 | AZ3: 2 | BA3: 3 | BB3: 4 | BC3: 5 | BD3: 6 | BE3: 7 | BF3: 8 | BG3: 9 | BH3: 10 | BI3: Source | BJ3: EEZ | BK3: 12NM | BL3: rope | BM3: Direction | BN3: Distance | BQ3: Dist | BR3: layer | BS3: Lati | BT3: Long | BU3: Lati | BV3: Long | BW3: Lati | BX3: Long
A4: V | B4: 22002 | C4: 3756 | D4: =IF(K4=9,54,IF(K4=10,55,IF(K4=11,56,""))) -> 56 | E4: =IF(D4=_xlfn.NUMBERVALUE(RIGHT(C4,2)),"OK","") -> OK | F4: =CONCATENATE(LEFT(C4,2),D4) -> 3756 | G4: =IF(RIGHT(C4,2)="54",CONCATENATE(LEFT(C4,2),"F9"),IF(RIGHT(C4,2)="55",CONCATENATE(LEFT(C4,2),"G0"),IF(RIGHT(C4,2)="56",CONCATENATE(LEFT(C4,2),"G1"),IF(RIGHT(C4,2)="57",CONCATENATE(LEFT(C4,2),"G2"),IF(RIGHT(C4,2)="58",CONCATENATE(LEFT(C4,2),"G3"),IF(RIGHT(C4,2)="59",CONCATENATE(LEFT(C4,2),"G4"),IF(RIGHT(C4,2)="60",CONCATENATE(LEFT(C4,2),"G5"),IF(RIGHT(C4,2)="61",CONCATENATE(LEFT(C4,2),"G6"),IF(RIGHT(C4,2)="62",CONCATENATE(LEFT(C4,2),"G7"),IF(RIGHT(C4,2)="63",CONCATENATE(LEFT(C4,2),"G8"),IF(RIGHT(C4,2)="64",CONCATENATE(LEFT(C4,2),"G9"),IF(RIGHT(C4,2)="65",CONCATENATE(LEFT(C4,2),"H0"),IF(RIGHT(C4,2)="66",CONCATENATE(LEFT(C4,2),"H1"),IF(RIGHT(C4,2)="67",CONCATENATE(LEFT(C4,2),"H2"),IF(RIGHT(C4,2)="68",CONCATENATE(LEFT(C4,2),"H3"),IF(RIGHT(C4,2)="68",CONCATENATE(LEFT(C4,2),"H4"),C4)))))))))))))))) -> 37G1 | H4: 22 | I4: 54 | J4: 11.27 | K4: 11 | L4: 55.26 | M4: 54 | N4: 11.19 | O4: 11 | P4: 49.49 | Q4: 0 | R4: 0 | S4: 0 | T4: 0 | U4: 0 | V4: 0 | W4: 0 | X4: 0 | Y4: 0 | Z4: 0 | AA4: 0 | AB4: 0 | AC4: 0 | AD4: 0 | AE4: 0 | AF4: 0 | AG4: 0 | AH4: 0 | AI4: 0 | AJ4: 0 | AK4: 0 | AL4: 0 | AM4: 0 | AN4: 0 | AO4: 0 | AP4: 0 | AQ4: 0 | AR4: 0 | AS4: 0 | AT4: 0 | AU4: 0 | AV4: 0 | AW4: =IF(A4="",1,"") | AX4: 18 | AY4: 19 | AZ4: 17 | BA4: 0 | BB4: 0 | BC4: 0 | BD4: 0 | BE4: 0 | BF4: 0 | BG4: 0 | BH4: 0 | BI4: German R/V | BJ4: GFR | BK4: No | BL4: 1 | BM4: 1 | BN4: 3.3772013 | BP4: 2 | BQ4: 3.3772013 | BR4: 2 | BS4: 5411.27 | BT4: 1155.26 | BU4: 3702 | BV4: 5603 | BW4: 5415 | BX4: 1150
A5: V | B5: 22003 | C5: 3756 | D5: =IF(K5=9,54,IF(K5=10,55,IF(K5=11,56,""))) -> 56 | E5: =IF(D5=_xlfn.NUMBERVALUE(RIGHT(C5,2)),"OK","") -> OK | F5: =CONCATENATE(LEFT(C5,2),D5) -> 3756 | G5: =IF(RIGHT(C5,2)="54",CONCATENATE(LEFT(C5,2),"F9"),IF(RIGHT(C5,2)="55",CONCATENATE(LEFT(C5,2),"G0"),IF(RIGHT(C5,2)="56",CONCATENATE(LEFT(C5,2),"G1"),IF(RIGHT(C5,2)="57",CONCATENATE(LEFT(C5,2),"G2"),IF(RIGHT(C5,2)="58",CONCATENATE(LEFT(C5,2),"G3"),IF(RIGHT(C5,2)="59",CONCATENATE(LEFT(C5,2),"G4"),IF(RIGHT(C5,2)="60",CONCATENATE(LEFT(C5,2),"G5"),IF(RIGHT(C5,2)="61",CONCATENATE(LEFT(C5,2),"G6"),IF(RIGHT(C5,2)="62",CONCATENATE(LEFT(C5,2),"G7"),IF(RIGHT(C5,2)="63",CONCATENATE(LEFT(C5,2),"G8"),IF(RIGHT(C5,2)="64",CONCATENATE(LEFT(C5,2),"G9"),IF(RIGHT(C5,2)="65",CONCATENATE(LEFT(C5,2),"H0"),IF(RIGHT(C5,2)="66",CONCATENATE(LEFT(C5,2),"H1"),IF(RIGHT(C5,2)="67",CONCATENATE(LEFT(C5,2),"H2"),IF(RIGHT(C5,2)="68",CONCATENATE(LEFT(C5,2),"H3"),IF(RIGHT(C5,2)="68",CONCATENATE(LEFT(C5,2),"H4"),C5)))))))))))))))) -> 37G1 | H5: 22 | I5: 54 | J5: 11.8 | K5: 11 | L5: 53.4 | M5: 54 | N5: 14.2 | O5: 11 | P5: 53.2 | Q5: 0 | R5: 0 | S5: 0 | T5: 0 | U5: 0 | V5: 0 | W5: 0 | X5: 0 | Y5: 0 | Z5: 0 | AA5: 0 | AB5: 0 | AC5: 0 | AD5: 0 | AE5: 0 | AF5: 0 | AG5: 0 | AH5: 0 | AI5: 0 | AJ5: 0 | AK5: 0 | AL5: 0 | AM5: 0 | AN5: 0 | AO5: 0 | AP5: 0 | AQ5: 0 | AR5: 0 | AS5: 0 | AT5: 0 | AU5: 0 | AV5: 0 | AW5: =IF(A5="",1,"") | AX5: 19 | AY5: 19 | AZ5: 19 | BA5: 0 | BB5: 0 | BC5: 0 | BD5: 0 | BE5: 0 | BF5: 0 | BG5: 0 | BH5: 0 | BI5: Havfisken | BJ5: GFR | BK5: No | BL5: 0 | BM5: 1 | BN5: 2.4028475 | BP5: 2 | BQ5: 2.4028475 | BR5: 2 | BS5: 5411.8 | BT5: 1153.4 | BU5: 3702 | BV5: 5603 | BW5: 5415 | BX5: 1150
A6: V | B6: 22004 | C6: 3755 | D6: =IF(K6=9,54,IF(K6=10,55,IF(K6=11,56,""))) -> 55 | E6: =IF(D6=_xlfn.NUMBERVALUE(RIGHT(C6,2)),"OK","") -> OK | F6: =CONCATENATE(LEFT(C6,2),D6) -> 3755 | G6: =IF(RIGHT(C6,2)="54",CONCATENATE(LEFT(C6,2),"F9"),IF(RIGHT(C6,2)="55",CONCATENATE(LEFT(C6,2),"G0"),IF(RIGHT(C6,2)="56",CONCATENATE(LEFT(C6,2),"G1"),IF(RIGHT(C6,2)="57",CONCATENATE(LEFT(C6,2),"G2"),IF(RIGHT(C6,2)="58",CONCATENATE(LEFT(C6,2),"G3"),IF(RIGHT(C6,2)="59",CONCATENATE(LEFT(C6,2),"G4"),IF(RIGHT(C6,2)="60",CONCATENATE(LEFT(C6,2),"G5"),IF(RIGHT(C6,2)="61",CONCATENATE(LEFT(C6,2),"G6"),IF(RIGHT(C6,2)="62",CONCATENATE(LEFT(C6,2),"G7"),IF(RIGHT(C6,2)="63",CONCATENATE(LEFT(C6,2),"G8"),IF(RIGHT(C6,2)="64",CONCATENATE(LEFT(C6,2),"G9"),IF(RIGHT(C6,2)="65",CONCATENATE(LEFT(C6,2),"H0"),IF(RIGHT(C6,2)="66",CONCATENATE(LEFT(C6,2),"H1"),IF(RIGHT(C6,2)="67",CONCATENATE(LEFT(C6,2),"H2"),IF(RIGHT(C6,2)="68",CONCATENATE(LEFT(C6,2),"H3"),IF(RIGHT(C6,2)="68",CONCATENATE(LEFT(C6,2),"H4"),C6)))))))))))))))) -> 37G0 | H6: 22 | I6: 54 | J6: 26.5 | K6: 10 | L6: 39.66 | M6: 54 | N6: 27.31 | O6: 10 | P6: 35.55 | Q6: 0 | R6: 0 | S6: 0 | T6: 0 | U6: 0 | V6: 0 | W6: 0 | X6: 0 | Y6: 0 | Z6: 0 | AA6: 0 | AB6: 0 | AC6: 0 | AD6: 0 | AE6: 0 | AF6: 0 | AG6: 0 | AH6: 0 | AI6: 0 | AJ6: 0 | AK6: 0 | AL6: 0 | AM6: 0 | AN6: 0 | AO6: 0 | AP6: 0 | AQ6: 0 | AR6: 0 | AS6: 0 | AT6: 0 | AU6: 0 | AV6: 0 | AW6: =IF(A6="",1,"") | AX6: 18 | AY6: 18 | AZ6: 18 | BA6: 0 | BB6: 0 | BC6: 0 | BD6: 0 | BE6: 0 | BF6: 0 | BG6: 0 | BH6: 0 | BI6: German R/V | BJ6: GFR | BK6: No | BL6: 1 | BM6: 1 | BN6: 2.5232456 | BP6: 2 | BQ6: 2.5232456 | BR6: 2 | BS6: 5426.5 | BT6: 1039.66 | BU6: 3703 | BV6: 5502 | BW6: 5425 | BX6: 1030
A7: V | B7: 22005 | C7: 3755 | D7: =IF(K7=9,54,IF(K7=10,55,IF(K7=11,56,""))) -> 55 | E7: =IF(D7=_xlfn.NUMBERVALUE(RIGHT(C7,2)),"OK","") -> OK | F7: =CONCATENATE(LEFT(C7,2),D7) -> 3755 | G7: =IF(RIGHT(C7,2)="54",CONCATENATE(LEFT(C7,2),"F9"),IF(RIGHT(C7,2)="55",CONCATENATE(LEFT(C7,2),"G0"),IF(RIGHT(C7,2)="56",CONCATENATE(LEFT(C7,2),"G1"),IF(RIGHT(C7,2)="57",CONCATENATE(LEFT(C7,2),"G2"),IF(RIGHT(C7,2)="58",CONCATENATE(LEFT(C7,2),"G3"),IF(RIGHT(C7,2)="59",CONCATENATE(LEFT(C7,2),"G4"),IF(RIGHT(C7,2)="60",CONCATENATE(LEFT(C7,2),"G5"),IF(RIGHT(C7,2)="61",CONCATENATE(LEFT(C7,2),"G6"),IF(RIGHT(C7,2)="62",CONCATENATE(LEFT(C7,2),"G7"),IF(RIGHT(C7,2)="63",CONCATENATE(LEFT(C7,2),"G8"),IF(RIGHT(C7,2)="64",CONCATENATE(LEFT(C7,2),"G9"),IF(RIGHT(C7,2)="65",CONCATENATE(LEFT(C7,2),"H0"),IF(RIGHT(C7,2)="66",CONCATENATE(LEFT(C7,2),"H1"),IF(RIGHT(C7,2)="67",CONCATENATE(LEFT(C7,2),"H2"),IF(RIGHT(C7,2)="68",CONCATENATE(LEFT(C7,2),"H3"),IF(RIGHT(C7,2)="68",CONCATENATE(LEFT(C7,2),"H4"),C7)))))))))))))))) -> 37G0 | H7: 22 | I7: 54 | J7: 24.24 | K7: 10 | L7: 45.27 | M7: 54 | N7: 25.45 | O7: 10 | P7: 43.58 | Q7: 0 | R7: 0 | S7: 0 | T7: 0 | U7: 0 | V7: 0 | W7: 0 | X7: 0 | Y7: 0 | Z7: 0 | AA7: 0 | AB7: 0 | AC7: 0 | AD7: 0 | AE7: 0 | AF7: 0 | AG7: 0 | AH7: 0 | AI7: 0 | AJ7: 0 | AK7: 0 | AL7: 0 | AM7: 0 | AN7: 0 | AO7: 0 | AP7: 0 | AQ7: 0 | AR7: 0 | AS7: 0 | AT7: 0 | AU7: 0 | AV7: 0 | AW7: =IF(A7="",1,"") | AX7: 17 | AY7: 17 | AZ7: 17 | BA7: 0 | BB7: 0 | BC7: 0 | BD7: 0 | BE7: 0 | BF7: 0 | BG7: 0 | BH7: 0 | BI7: Havfisken | BJ7: GFR | BK7: No | BL7: 0 | BM7: 1 | BN7: 1.5592543 | BP7: 1 | BQ7: 1.5592543 | BR7: 2 | BS7: 5424.24 | BT7: 1045.27 | BU7: 3703 | BV7: 5503 | BW7: 5425 | BX7: 1050
A8: I | B8: 22006 | C8: 3755 | D8: =IF(K8=9,54,IF(K8=10,55,IF(K8=11,56,""))) -> 55 | E8: =IF(D8=_xlfn.NUMBERVALUE(RIGHT(C8,2)),"OK","") -> OK | F8: =CONCATENATE(LEFT(C8,2),D8) -> 3755 | G8: =IF(RIGHT(C8,2)="54",CONCATENATE(LEFT(C8,2),"F9"),IF(RIGHT(C8,2)="55",CONCATENATE(LEFT(C8,2),"G0"),IF(RIGHT(C8,2)="56",CONCATENATE(LEFT(C8,2),"G1"),IF(RIGHT(C8,2)="57",CONCATENATE(LEFT(C8,2),"G2"),IF(RIGHT(C8,2)="58",CONCATENATE(LEFT(C8,2),"G3"),IF(RIGHT(C8,2)="59",CONCATENATE(LEFT(C8,2),"G4"),IF(RIGHT(C8,2)="60",CONCATENATE(LEFT(C8,2),"G5"),IF(RIGHT(C8,2)="61",CONCATENATE(LEFT(C8,2),"G6"),IF(RIGHT(C8,2)="62",CONCATENATE(LEFT(C8,2),"G7"),IF(RIGHT(C8,2)="63",CONCATENATE(LEFT(C8,2),"G8"),IF(RIGHT(C8,2)="64",CONCATENATE(LEFT(C8,2),"G9"),IF(RIGHT(C8,2)="65",CONCATENATE(LEFT(C8,2),"H0"),IF(RIGHT(C8,2)="66",CONCATENATE(LEFT(C8,2),"H1"),IF(RIGHT(C8,2)="67",CONCATENATE(LEFT(C8,2),"H2"),IF(RIGHT(C8,2)="68",CONCATENATE(LEFT(C8,2),"H3"),IF(RIGHT(C8,2)="68",CONCATENATE(LEFT(C8,2),"H4"),C8)))))))))))))))) -> 37G0 | H8: 22 | I8: 54 | J8: 29.8 | K8: 10 | L8: 41.2 | M8: 54 | N8: 27.7 | O8: 10 | P8: 42.6 | Q8: 0 | R8: 0 | S8: 0 | T8: 0 | U8: 0 | V8: 0 | W8: 0 | X8: 0 | Y8: 0 | Z8: 0 | AA8: 0 | AB8: 0 | AC8: 0 | AD8: 0 | AE8: 0 | AF8: 0 | AG8: 0 | AH8: 0 | AI8: 0 | AJ8: 0 | AK8: 0 | AL8: 0 | AM8: 0 | AN8: 0 | AO8: 0 | AP8: 0 | AQ8: 0 | AR8: 0 | AS8: 0 | AT8: 0 | AU8: 0 | AV8: 0 | AW8: =IF(A8="",1,"") | AX8: 19 | AY8: 19 | AZ8: 19 | BA8: 0 | BB8: 0 | BC8: 0 | BD8: 0 | BE8: 0 | BF8: 0 | BG8: 0 | BH8: 0 | BI8: Havfisken | BJ8: GFR | BK8: No | BL8: 0 | BM8: 0 | BN8: 2.2520251 | BP8: 2 | BQ8: 2.2520251 | BR8: 2 | BS8: 5429.8 | BT8: 1041.2 | BU8: 3703 | BV8: 5503 | BW8: 5425 | BX8: 1050
A9: V | B9: 22007 | C9: 3756 | D9: =IF(K9=9,54,IF(K9=10,55,IF(K9=11,56,""))) -> 56 | E9: =IF(D9=_xlfn.NUMBERVALUE(RIGHT(C9,2)),"OK","") -> OK | F9: =CONCATENATE(LEFT(C9,2),D9) -> 3756 | G9: =IF(RIGHT(C9,2)="54",CONCATENATE(LEFT(C9,2),"F9"),IF(RIGHT(C9,2)="55",CONCATENATE(LEFT(C9,2),"G0"),IF(RIGHT(C9,2)="56",CONCATENATE(LEFT(C9,2),"G1"),IF(RIGHT(C9,2)="57",CONCATENATE(LEFT(C9,2),"G2"),IF(RIGHT(C9,2)="58",CONCATENATE(LEFT(C9,2),"G3"),IF(RIGHT(C9,2)="59",CONCATENATE(LEFT(C9,2),"G4"),IF(RIGHT(C9,2)="60",CONCATENATE(LEFT(C9,2),"G5"),IF(RIGHT(C9,2)="61",CONCATENATE(LEFT(C9,2),"G6"),IF(RIGHT(C9,2)="62",CONCATENATE(LEFT(C9,2),"G7"),IF(RIGHT(C9,2)="63",CONCATENATE(LEFT(C9,2),"G8"),IF(RIGHT(C9,2)="64",CONCATENATE(LEFT(C9,2),"G9"),IF(RIGHT(C9,2)="65",CONCATENATE(LEFT(C9,2),"H0"),IF(RIGHT(C9,2)="66",CONCATENATE(LEFT(C9,2),"H1"),IF(RIGHT(C9,2)="67",CONCATENATE(LEFT(C9,2),"H2"),IF(RIGHT(C9,2)="68",CONCATENATE(LEFT(C9,2),"H3"),IF(RIGHT(C9,2)="68",CONCATENATE(LEFT(C9,2),"H4"),C9)))))))))))))))) -> 37G1 | H9: 22 | I9: 54 | J9: 27.13 | K9: 11 | L9: 23.18 | M9: 54 | N9: 23.17 | O9: 11 | P9: 22.24 | Q9: 0 | R9: 0 | S9: 0 | T9: 0 | U9: 0 | V9: 0 | W9: 0 | X9: 0 | Y9: 0 | Z9: 0 | AA9: 0 | AB9: 0 | AC9: 0 | AD9: 0 | AE9: 0 | AF9: 0 | AG9: 0 | AH9: 0 | AI9: 0 | AJ9: 0 | AK9: 0 | AL9: 0 | AM9: 0 | AN9: 0 | AO9: 0 | AP9: 0 | AQ9: 0 | AR9: 0 | AS9: 0 | AT9: 0 | AU9: 0 | AV9: 0 | AW9: =IF(A9="",1,"") | AX9: 16 | AY9: 16 | AZ9: 15 | BA9: 0 | BB9: 0 | BC9: 0 | BD9: 0 | BE9: 0 | BF9: 0 | BG9: 0 | BH9: 0 | BI9: German R/V | BJ9: GFR | BK9: No | BL9: 1 | BM9: 1 | BN9: 3.9975922 | BP9: 2 | BQ9: 3.9975922 | BR9: 2 | BS9: 5427.13 | BT9: 1123.18 | BU9: 3703 | BV9: 5602 | BW9: 5425 | BX9: 1130
A10: V | B10: 22008 | C10: 3756 | D10: =IF(K10=9,54,IF(K10=10,55,IF(K10=11,56,""))) -> 56 | E10: =IF(D10=_xlfn.NUMBERVALUE(RIGHT(C10,2)),"OK","") -> OK | F10: =CONCATENATE(LEFT(C10,2),D10) -> 3756 | G10: =IF(RIGHT(C10,2)="54",CONCATENATE(LEFT(C10,2),"F9"),IF(RIGHT(C10,2)="55",CONCATENATE(LEFT(C10,2),"G0"),IF(RIGHT(C10,2)="56",CONCATENATE(LEFT(C10,2),"G1"),IF(RIGHT(C10,2)="57",CONCATENATE(LEFT(C10,2),"G2"),IF(RIGHT(C10,2)="58",CONCATENATE(LEFT(C10,2),"G3"),IF(RIGHT(C10,2)="59",CONCATENATE(LEFT(C10,2),"G4"),IF(RIGHT(C10,2)="60",CONCATENATE(LEFT(C10,2),"G5"),IF(RIGHT(C10,2)="61",CONCATENATE(LEFT(C10,2),"G6"),IF(RIGHT(C10,2)="62",CONCATENATE(LEFT(C10,2),"G7"),IF(RIGHT(C10,2)="63",CONCATENATE(LEFT(C10,2),"G8"),IF(RIGHT(C10,2)="64",CONCATENATE(LEFT(C10,2),"G9"),IF(RIGHT(C10,2)="65",CONCATENATE(LEFT(C10,2),"H0"),IF(RIGHT(C10,2)="66",CONCATENATE(LEFT(C10,2),"H1"),IF(RIGHT(C10,2)="67",CONCATENATE(LEFT(C10,2),"H2"),IF(RIGHT(C10,2)="68",CONCATENATE(LEFT(C10,2),"H3"),IF(RIGHT(C10,2)="68",CONCATENATE(LEFT(C10,2),"H4"),C10)))))))))))))))) -> 37G1 | H10: 22 | I10: 54 | J10: 20.8 | K10: 11 | L10: 55.3 | M10: 54 | N10: 18.5 | O10: 11 | P10: 55.4 | Q10: 0 | R10: 0 | S10: 0 | T10: 0 | U10: 0 | V10: 0 | W10: 0 | X10: 0 | Y10: 0 | Z10: 0 | AA10: 0 | AB10: 0 | AC10: 0 | AD10: 0 | AE10: 0 | AF10: 0 | AG10: 0 | AH10: 0 | AI10: 0 | AJ10: 0 | AK10: 0 | AL10: 0 | AM10: 0 | AN10: 0 | AO10: 0 | AP10: 0 | AQ10: 0 | AR10: 0 | AS10: 0 | AT10: 0 | AU10: 0 | AV10: 0 | AW10: =IF(A10="",1,"") | AX10: 19 | AY10: 19 | AZ10: 19 | BA10: 0 | BB10: 0 | BC10: 0 | BD10: 0 | BE10: 0 | BF10: 0 | BG10: 0 | BH10: 0 | BI10: Havfisken | BJ10: GFR | BK10: No | BL10: 0 | BM10: 0 | BN10: 2.3007392 | BP10: 2 | BQ10: 2.3007392 | BR10: 2 | BS10: 5420.8 | BT10: 1155.3 | BU10: 3703 | BV10: 5603 | BW10: 5425 | BX10: 1150
A11: V | B11: 22011 | C11: 3855 | D11: =IF(K11=9,54,IF(K11=10,55,IF(K11=11,56,""))) -> 55 | E11: =IF(D11=_xlfn.NUMBERVALUE(RIGHT(C11,2)),"OK","") -> OK | F11: =CONCATENATE(LEFT(C11,2),D11) -> 3855 | G11: =IF(RIGHT(C11,2)="54",CONCATENATE(LEFT(C11,2),"F9"),IF(RIGHT(C11,2)="55",CONCATENATE(LEFT(C11,2),"G0"),IF(RIGHT(C11,2)="56",CONCATENATE(LEFT(C11,2),"G1"),IF(RIGHT(C11,2)="57",CONCATENATE(LEFT(C11,2),"G2"),IF(RIGHT(C11,2)="58",CONCATENATE(LEFT(C11,2),"G3"),IF(RIGHT(C11,2)="59",CONCATENATE(LEFT(C11,2),"G4"),IF(RIGHT(C11,2)="60",CONCATENATE(LEFT(C11,2),"G5"),IF(RIGHT(C11,2)="61",CONCATENATE(LEFT(C11,2),"G6"),IF(RIGHT(C11,2)="62",CONCATENATE(LEFT(C11,2),"G7"),IF(RIGHT(C11,2)="63",CONCATENATE(LEFT(C11,2),"G8"),IF(RIGHT(C11,2)="64",CONCATENATE(LEFT(C11,2),"G9"),IF(RIGHT(C11,2)="65",CONCATENATE(LEFT(C11,2),"H0"),IF(RIGHT(C11,2)="66",CONCATENATE(LEFT(C11,2),"H1"),IF(RIGHT(C11,2)="67",CONCATENATE(LEFT(C11,2),"H2"),IF(RIGHT(C11,2)="68",CONCATENATE(LEFT(C11,2),"H3"),IF(RIGHT(C11,2)="68",CONCATENATE(LEFT(C11,2),"H4"),C11)))))))))))))))) -> 38G0 | H11: 22 | I11: 54 | J11: 34.55 | K11: 10 | L11: 10.19 | M11: 54 | N11: 33.53 | O11: 10 | P11: 14.12 | Q11: 0 | R11: 0 | S11: 0 | T11: 0 | U11: 0 | V11: 0 | W11: 0 | X11: 0 | Y11: 0 | Z11: 0 | AA11: 0 | AB11: 0 | AC11: 0 | AD11: 0 | AE11: 0 | AF11: 0 | AG11: 0 | AH11: 0 | AI11: 0 | AJ11: 0 | AK11: 0 | AL11: 0 | AM11: 0 | AN11: 0 | AO11: 0 | AP11: 0 | AQ11: 0 | AR11: 0 | AS11: 0 | AT11: 0 | AU11: 0 | AV11: 0 | AW11: =IF(A11="",1,"") | AX11: 20 | AY11: 18 | AZ11: 17 | BA11: 0 | BB11: 0 | BC11: 0 | BD11: 0 | BE11: 0 | BF11: 0 | BG11: 0 | BH11: 0 | BI11: German R/V | BJ11: GFR | BK11: No | BL11: 1 | BM11: 0 | BN11: 2.4962994 | BP11: 2 | BQ11: 2.4962994 | BR11: 2 | BS11: 5434.55 | BT11: 1010.19 | BU11: 3801 | BV11: 5501 | BW11: 5435 | BX11: 1010
A12: V | B12: 22012 | C12: 37G1 | D12: =IF(K12=9,54,IF(K12=10,55,IF(K12=11,56,""))) -> 56 | E12: =IF(D12=_xlfn.NUMBERVALUE(RIGHT(C12,2)),"OK","") -> #VALUE! | F12: =CONCATENATE(LEFT(C12,2),D12) -> 3756 | G12: =IF(RIGHT(C12,2)="54",CONCATENATE(LEFT(C12,2),"F9"),IF(RIGHT(C12,2)="55",CONCATENATE(LEFT(C12,2),"G0"),IF(RIGHT(C12,2)="56",CONCATENATE(LEFT(C12,2),"G1"),IF(RIGHT(C12,2)="57",CONCATENATE(LEFT(C12,2),"G2"),IF(RIGHT(C12,2)="58",CONCATENATE(LEFT(C12,2),"G3"),IF(RIGHT(C12,2)="59",CONCATENATE(LEFT(C12,2),"G4"),IF(RIGHT(C12,2)="60",CONCATENATE(LEFT(C12,2),"G5"),IF(RIGHT(C12,2)="61",CONCATENATE(LEFT(C12,2),"G6"),IF(RIGHT(C12,2)="62",CONCATENATE(LEFT(C12,2),"G7"),IF(RIGHT(C12,2)="63",CONCATENATE(LEFT(C12,2),"G8"),IF(RIGHT(C12,2)="64",CONCATENATE(LEFT(C12,2),"G9"),IF(RIGHT(C12,2)="65",CONCATENATE(LEFT(C12,2),"H0"),IF(RIGHT(C12,2)="66",CONCATENATE(LEFT(C12,2),"H1"),IF(RIGHT(C12,2)="67",CONCATENATE(LEFT(C12,2),"H2"),IF(RIGHT(C12,2)="68",CONCATENATE(LEFT(C12,2),"H3"),IF(RIGHT(C12,2)="68",CONCATENATE(LEFT(C12,2),"H4"),C12)))))))))))))))) -> 37G1 | H12: 22 | I12: 54 | J12: 25.22 | K12: 11 | L12: 31.07 | M12: 54 | N12: 23.61 | O12: 11 | P12: 30.54 | Q12: 0 | R12: 0 | S12: 0 | T12: 0 | U12: 0 | V12: 0 | W12: 0 | X12: 0 | Y12: 0 | Z12: 0 | AA12: 0 | AB12: 0 | AC12: 0 | AD12: 0 | AE12: 0 | AF12: 0 | AG12: 0 | AH12: 0 | AI12: 0 | AJ12: 0 | AK12: 0 | AL12: 0 | AM12: 0 | AN12: 0 | AO12: 0 | AP12: 0 | AQ12: 0 | AR12: 0 | AS12: 0 | AT12: 0 | AU12: 0 | AV12: 0 | AX12: 25 | AY12: 0 | AZ12: 0 | BA12: 0 | BB12: 0 | BC12: 0 | BD12: 0 | BE12: 0 | BF12: 0 | BG12: 0 | BH12: 0 | BI12: Solea | BJ12: GFR | BK12: No | BP12: 2 | BQ12: 1.6392851 | BR12: 2 | BS12: 5425.22 | BT12: 1131.07 | BU12: 3703 | BV12: 5602 | BW12: 5425 | BX12: 1130
A13: V | B13: 22013 | C13: 3856 | D13: =IF(K13=9,54,IF(K13=10,55,IF(K13=11,56,""))) -> 56 | E13: =IF(D13=_xlfn.NUMBERVALUE(RIGHT(C13,2)),"OK","") -> OK | F13: =CONCATENATE(LEFT(C13,2),D13) -> 3856 | G13: =IF(RIGHT(C13,2)="54",CONCATENATE(LEFT(C13,2),"F9"),IF(RIGHT(C13,2)="55",CONCATENATE(LEFT(C13,2),"G0"),IF(RIGHT(C13,2)="56",CONCATENATE(LEFT(C13,2),"G1"),IF(RIGHT(C13,2)="57",CONCATENATE(LEFT(C13,2),"G2"),IF(RIGHT(C13,2)="58",CONCATENATE(LEFT(C13,2),"G3"),IF(RIGHT(C13,2)="59",CONCATENATE(LEFT(C13,2),"G4"),IF(RIGHT(C13,2)="60",CONCATENATE(LEFT(C13,2),"G5"),IF(RIGHT(C13,2)="61",CONCATENATE(LEFT(C13,2),"G6"),IF(RIGHT(C13,2)="62",CONCATENATE(LEFT(C13,2),"G7"),IF(RIGHT(C13,2)="63",CONCATENATE(LEFT(C13,2),"G8"),IF(RIGHT(C13,2)="64",CONCATENATE(LEFT(C13,2),"G9"),IF(RIGHT(C13,2)="65",CONCATENATE(LEFT(C13,2),"H0"),IF(RIGHT(C13,2)="66",CONCATENATE(LEFT(C13,2),"H1"),IF(RIGHT(C13,2)="67",CONCATENATE(LEFT(C13,2),"H2"),IF(RIGHT(C13,2)="68",CONCATENATE(LEFT(C13,2),"H3"),IF(RIGHT(C13,2)="68",CONCATENATE(LEFT(C13,2),"H4"),C13)))))))))))))))) -> 38G1 | H13: 22 | I13: 54 | J13: 31.38 | K13: 11 | L13: 19.27 | M13: 54 | N13: 30.17 | O13: 11 | P13: 21.19 | Q13: 0 | R13: 0 | S13: 0 | T13: 0 | U13: 0 | V13: 0 | W13: 0 | X13: 0 | Y13: 0 | Z13: 0 | AA13: 0 | AB13: 0 | AC13: 0 | AD13: 0 | AE13: 0 | AF13: 0 | AG13: 0 | AH13: 0 | AI13: 0 | AJ13: 0 | AK13: 0 | AL13: 0 | AM13: 0 | AN13: 0 | AO13: 0 | AP13: 0 | AQ13: 0 | AR13: 0 | AS13: 0 | AT13: 0 | AU13: 0 | AV13: 0 | AW13: =IF(A13="",1,"") | AX13: 28 | AY13: 24 | AZ13: 14 | BA13: 0 | BB13: 0 | BC13: 0 | BD13: 0 | BE13: 0 | BF13: 0 | BG13: 0 | BH13: 0 | BI13: German R/V | BJ13: GFR | BK13: No | BL13: 0 | BM13: 0 | BN13: 1.6451222 | BP13: 2 | BQ13: 1.6451222 | BR13: 2 | BS13: 5431.38 | BT13: 1119.27 | BU13: 3801 | BV13: 5601 | BW13: 5435 | BX13: 1110
A14: V | B14: 22014 | C14: 3855 | D14: =IF(K14=9,54,IF(K14=10,55,IF(K14=11,56,""))) -> 55 | E14: =IF(D14=_xlfn.NUMBERVALUE(RIGHT(C14,2)),"OK","") -> OK | F14: =CONCATENATE(LEFT(C14,2),D14) -> 3855 | G14: =IF(RIGHT(C14,2)="54",CONCATENATE(LEFT(C14,2),"F9"),IF(RIGHT(C14,2)="55",CONCATENATE(LEFT(C14,2),"G0"),IF(RIGHT(C14,2)="56",CONCATENATE(LEFT(C14,2),"G1"),IF(RIGHT(C14,2)="57",CONCATENATE(LEFT(C14,2),"G2"),IF(RIGHT(C14,2)="58",CONCATENATE(LEFT(C14,2),"G3"),IF(RIGHT(C14,2)="59",CONCATENATE(LEFT(C14,2),"G4"),IF(RIGHT(C14,2)="60",CONCATENATE(LEFT(C14,2),"G5"),IF(RIGHT(C14,2)="61",CONCATENATE(LEFT(C14,2),"G6"),IF(RIGHT(C14,2)="62",CONCATENATE(LEFT(C14,2),"G7"),IF(RIGHT(C14,2)="63",CONCATENATE(LEFT(C14,2),"G8"),IF(RIGHT(C14,2)="64",CONCATENATE(LEFT(C14,2),"G9"),IF(RIGHT(C14,2)="65",CONCATENATE(LEFT(C14,2),"H0"),IF(RIGHT(C14,2)="66",CONCATENATE(LEFT(C14,2),"H1"),IF(RIGHT(C14,2)="67",CONCATENATE(LEFT(C14,2),"H2"),IF(RIGHT(C14,2)="68",CONCATENATE(LEFT(C14,2),"H3"),IF(RIGHT(C14,2)="68",CONCATENATE(LEFT(C14,2),"H4"),C14)))))))))))))))) -> 38G0 | H14: 22 | I14: 54 | J14: 37.16 | K14: 10 | L14: 39.03 | M14: 54 | N14: 35.53 | O14: 10 | P14: 39.03 | Q14: 0 | R14: 0 | S14: 0 | T14: 0 | U14: 0 | V14: 0 | W14: 0 | X14: 0 | Y14: 0 | Z14: 0 | AA14: 0 | AB14: 0 | AC14: 0 | AD14: 0 | AE14: 0 | AF14: 0 | AG14: 0 | AH14: 0 | AI14: 0 | AJ14: 0 | AK14: 0 | AL14: 0 | AM14: 0 | AN14: 0 | AO14: 0 | AP14: 0 | AQ14: 0 | AR14: 0 | AS14: 0 | AT14: 0 | AU14: 0 | AV14: 0 | AW14: =IF(A14="",1,"") | AX14: 19 | AY14: 19 | AZ14: 19 | BA14: 19 | BB14: 0 | BC14: 0 | BD14: 0 | BE14: 0 | BF14: 0 | BG14: 0 | BH14: 0 | BI14: Havfisken | BJ14: DEN | BK14: No | BL14: 1 | BM14: 0 | BN14: 1.63 | BP14: 1 | BQ14: 1.63 | BR14: 2 | BS14: 5437.16 | BT14: 1039.03 | BU14: 3801 | BV14: 5502 | BW14: 5435 | BX14: 1030
A15: V | B15: 22016 | C15: 3955 | D15: =IF(K15=9,54,IF(K15=10,55,IF(K15=11,56,""))) -> 55 | E15: =IF(D15=_xlfn.NUMBERVALUE(RIGHT(C15,2)),"OK","") -> OK | F15: =CONCATENATE(LEFT(C15,2),D15) -> 3955 | G15: =IF(RIGHT(C15,2)="54",CONCATENATE(LEFT(C15,2),"F9"),IF(RIGHT(C15,2)="55",CONCATENATE(LEFT(C15,2),"G0"),IF(RIGHT(C15,2)="56",CONCATENATE(LEFT(C15,2),"G1"),IF(RIGHT(C15,2)="57",CONCATENATE(LEFT(C15,2),"G2"),IF(RIGHT(C15,2)="58",CONCATENATE(LEFT(C15,2),"G3"),IF(RIGHT(C15,2)="59",CONCATENATE(LEFT(C15,2),"G4"),IF(RIGHT(C15,2)="60",CONCATENATE(LEFT(C15,2),"G5"),IF(RIGHT(C15,2)="61",CONCATENATE(LEFT(C15,2),"G6"),IF(RIGHT(C15,2)="62",CONCATENATE(LEFT(C15,2),"G7"),IF(RIGHT(C15,2)="63",CONCATENATE(LEFT(C15,2),"G8"),IF(RIGHT(C15,2)="64",CONCATENATE(LEFT(C15,2),"G9"),IF(RIGHT(C15,2)="65",CONCATENATE(LEFT(C15,2),"H0"),IF(RIGHT(C15,2)="66",CONCATENATE(LEFT(C15,2),"H1"),IF(RIGHT(C15,2)="67",CONCATENATE(LEFT(C15,2),"H2"),IF(RIGHT(C15,2)="68",CONCATENATE(LEFT(C15,2),"H3"),IF(RIGHT(C15,2)="68",CONCATENATE(LEFT(C15,2),"H4"),C15)))))))))))))))) -> 39G0 | H15: 22 | I15: 55 | J15: 5.9 | K15: 10 | L15: 48.7 | M15: 55 | N15: 3.7 | O15: 10 | P15: 46.7 | Q15: 0 | R15: 0 | S15: 0 | T15: 0 | U15: 0 | V15: 0 | W15: 0 | X15: 0 | Y15: 0 | Z15: 0 | AA15: 0 | AB15: 0 | AC15: 0 | AD15: 0 | AE15: 0 | AF15: 0 | AG15: 0 | AH15: 0 | AI15: 0 | AJ15: 0 | AK15: 0 | AL15: 0 | AM15: 0 | AN15: 0 | AO15: 0 | AP15: 0 | AQ15: 0 | AR15: 0 | AS15: 0 | AT15: 0 | AU15: 0 | AV15: 0 | AW15: =IF(A15="",1,"") | AX15: 13 | AY15: 13 | AZ15: 13 | BA15: 0 | BB15: 0 | BC15: 0 | BD15: 0 | BE15: 0 | BF15: 0 | BG15: 0 | BH15: 0 | BI15: Havfisken | BJ15: DEN | BK15: No | BL15: 0 | BM15: 1 | BN15: 2.4800633 | BP15: 1 | BQ15: 2.4800633 | BR15: 2 | BS15: 5505.9 | BT15: 1048.7 | BU15: 3901 | BV15: 5503 | BW15: 5505 | BX15: 1050
A16: V | B16: 22017 | C16: 3956 | D16: =IF(K16=9,54,IF(K16=10,55,IF(K16=11,56,""))) -> 56 | E16: =IF(D16=_xlfn.NUMBERVALUE(RIGHT(C16,2)),"OK","") -> OK | F16: =CONCATENATE(LEFT(C16,2),D16) -> 3956 | G16: =IF(RIGHT(C16,2)="54",CONCATENATE(LEFT(C16,2),"F9"),IF(RIGHT(C16,2)="55",CONCATENATE(LEFT(C16,2),"G0"),IF(RIGHT(C16,2)="56",CONCATENATE(LEFT(C16,2),"G1"),IF(RIGHT(C16,2)="57",CONCATENATE(LEFT(C16,2),"G2"),IF(RIGHT(C16,2)="58",CONCATENATE(LEFT(C16,2),"G3"),IF(RIGHT(C16,2)="59",CONCATENATE(LEFT(C16,2),"G4"),IF(RIGHT(C16,2)="60",CONCATENATE(LEFT(C16,2),"G5"),IF(RIGHT(C16,2)="61",CONCATENATE(LEFT(C16,2),"G6"),IF(RIGHT(C16,2)="62",CONCATENATE(LEFT(C16,2),"G7"),IF(RIGHT(C16,2)="63",CONCATENATE(LEFT(C16,2),"G8"),IF(RIGHT(C16,2)="64",CONCATENATE(LEFT(C16,2),"G9"),IF(RIGHT(C16,2)="65",CONCATENATE(LEFT(C16,2),"H0"),IF(RIGHT(C16,2)="66",CONCATENATE(LEFT(C16,2),"H1"),IF(RIGHT(C16,2)="67",CONCATENATE(LEFT(C16,2),"H2"),IF(RIGHT(C16,2)="68",CONCATENATE(LEFT(C16,2),"H3"),IF(RIGHT(C16,2)="68",CONCATENATE(LEFT(C16,2),"H4"),C16)))))))))))))))) -> 39G1 | H16: 22 | I16: 55 | J16: 0.41 | K16: 11 | L16: 3.57 | M16: 54 | N16: 58.2 | O16: 11 | P16: 1.55 | Q16: 0 | R16: 0 | S16: 0 | T16: 0 | U16: 0 | V16: 0 | W16: 0 | X16: 0 | Y16: 0 | Z16: 0 | AA16: 0 | AB16: 0 | AC16: 0 | AD16: 0 | AE16: 0 | AF16: 0 | AG16: 0 | AH16: 0 | AI16: 0 | AJ16: 0 | AK16: 0 | AL16: 0 | AM16: 0 | AN16: 0 | AO16: 0 | AP16: 0 | AQ16: 0 | AR16: 0 | AS16: 0 | AT16: 0 | AU16: 0 | AV16: 0 | AW16: =IF(A16="",1,"") | AX16: 15 | AY16: 14 | AZ16: 14 | BA16: 0 | BB16: 0 | BC16: 0 | BD16: 0 | BE16: 0 | BF16: 0 | BG16: 0 | BH16: 0 | BI16: German R/V | BJ16: DEN | BK16: No | BL16: 0 | BM16: 1 | BN16: 2.4954529 | BP16: 1 | BQ16: 2.4954529 | BR16: 2 | BS16: 5500.41 | BT16: 1103.57 | BU16: 3901 | BV16: 5601 | BW16: 5505 | BX16: 1110
A17: V | B17: 22018 | C17: 3956 | D17: =IF(K17=9,54,IF(K17=10,55,IF(K17=11,56,""))) -> 56 | E17: =IF(D17=_xlfn.NUMBERVALUE(RIGHT(C17,2)),"OK","") -> OK | F17: =CONCATENATE(LEFT(C17,2),D17) -> 3956 | G17: =IF(RIGHT(C17,2)="54",CONCATENATE(LEFT(C17,2),"F9"),IF(RIGHT(C17,2)="55",CONCATENATE(LEFT(C17,2),"G0"),IF(RIGHT(C17,2)="56",CONCATENATE(LEFT(C17,2),"G1"),IF(RIGHT(C17,2)="57",CONCATENATE(LEFT(C17,2),"G2"),IF(RIGHT(C17,2)="58",CONCATENATE(LEFT(C17,2),"G3"),IF(RIGHT(C17,2)="59",CONCATENATE(LEFT(C17,2),"G4"),IF(RIGHT(C17,2)="60",CONCATENATE(LEFT(C17,2),"G5"),IF(RIGHT(C17,2)="61",CONCATENATE(LEFT(C17,2),"G6"),IF(RIGHT(C17,2)="62",CONCATENATE(LEFT(C17,2),"G7"),IF(RIGHT(C17,2)="63",CONCATENATE(LEFT(C17,2),"G8"),IF(RIGHT(C17,2)="64",CONCATENATE(LEFT(C17,2),"G9"),IF(RIGHT(C17,2)="65",CONCATENATE(LEFT(C17,2),"H0"),IF(RIGHT(C17,2)="66",CONCATENATE(LEFT(C17,2),"H1"),IF(RIGHT(C17,2)="67",CONCATENATE(LEFT(C17,2),"H2"),IF(RIGHT(C17,2)="68",CONCATENATE(LEFT(C17,2),"H3"),IF(RIGHT(C17,2)="68",CONCATENATE(LEFT(C17,2),"H4"),C17)))))))))))))))) -> 39G1 | H17: 22 | I17: 55 | J17: 4.2 | K17: 11 | L17: 4.1 | M17: 55 | N17: 3.8 | O17: 11 | P17: 5 | Q17: 55 | R17: 3 | S17: 11 | T17: 5.6 | U17: 55 | V17: 2.6 | W17: 11 | X17: 6.7 | Y17: 0 | Z17: 0 | AA17: 0 | AB17: 0 | AC17: 0 | AD17: 0 | AE17: 0 | AF17: 0 | AG17: 0 | AH17: 0 | AI17: 0 | AJ17: 0 | AK17: 0 | AL17: 0 | AM17: 0 | AN17: 0 | AO17: 0 | AP17: 0 | AQ17: 0 | AR17: 0 | AS17: 0 | AT17: 0 | AU17: 0 | AV17: 0 | AW17: =IF(A17="",1,"") | AX17: 13 | AY17: 13 | AZ17: 13 | BA17: 13 | BB17: 13 | BC17: 0 | BD17: 0 | BE17: 0 | BF17: 0 | BG17: 0 | BH17: 0 | BI17: Havfisken | BJ17: DEN | BK17: No | BL17: 0 | BM17: 0 | BN17: 2.2694943 | BP17: 1 | BQ17: 2.2694943 | BR17: 2 | BS17: 5504.2 | BT17: 1104.1 | BU17: 3901 | BV17: 5601 | BW17: 5505 | BX17: 1110
A18: V | B18: 22019 | C18: 3956 | D18: =IF(K18=9,54,IF(K18=10,55,IF(K18=11,56,""))) -> 56 | E18: =IF(D18=_xlfn.NUMBERVALUE(RIGHT(C18,2)),"OK","") -> OK | F18: =CONCATENATE(LEFT(C18,2),D18) -> 3956 | G18: =IF(RIGHT(C18,2)="54",CONCATENATE(LEFT(C18,2),"F9"),IF(RIGHT(C18,2)="55",CONCATENATE(LEFT(C18,2),"G0"),IF(RIGHT(C18,2)="56",CONCATENATE(LEFT(C18,2),"G1"),IF(RIGHT(C18,2)="57",CONCATENATE(LEFT(C18,2),"G2"),IF(RIGHT(C18,2)="58",CONCATENATE(LEFT(C18,2),"G3"),IF(RIGHT(C18,2)="59",CONCATENATE(LEFT(C18,2),"G4"),IF(RIGHT(C18,2)="60",CONCATENATE(LEFT(C18,2),"G5"),IF(RIGHT(C18,2)="61",CONCATENATE(LEFT(C18,2),"G6"),IF(RIGHT(C18,2)="62",CONCATENATE(LEFT(C18,2),"G7"),IF(RIGHT(C18,2)="63",CONCATENATE(LEFT(C18,2),"G8"),IF(RIGHT(C18,2)="64",CONCATENATE(LEFT(C18,2),"G9"),IF(RIGHT(C18,2)="65",CONCATENATE(LEFT(C18,2),"H0"),IF(RIGHT(C18,2)="66",CONCATENATE(LEFT(C18,2),"H1"),IF(RIGHT(C18,2)="67",CONCATENATE(LEFT(C18,2),"H2"),IF(RIGHT(C18,2)="68",CONCATENATE(LEFT(C18,2),"H3"),IF(RIGHT(C18,2)="68",CONCATENATE(LEFT(C18,2),"H4"),C18)))))))))))))))) -> 39G1 | H18: 22 | I18: 55 | J18: 3.44 | K18: 11 | L18: 24.15 | M18: 55 | N18: 2.81 | O18: 11 | P18: 19.93 | Q18: 0 | R18: 0 | S18: 0 | T18: 0 | U18: 0 | V18: 0 | W18: 0 | X18: 0 | Y18: 0 | Z18: 0 | AA18: 0 | AB18: 0 | AC18: 0 | AD18: 0 | AE18: 0 | AF18: 0 | AG18: 0 | AH18: 0 | AI18: 0 | AJ18: 0 | AK18: 0 | AL18: 0 | AM18: 0 | AN18: 0 | AO18: 0 | AP18: 0 | AQ18: 0 | AR18: 0 | AS18: 0 | AT18: 0 | AU18: 0 | AV18: 0 | AW18: =IF(A18="",1,"") | AX18: 17 | AY18: 19 | AZ18: 18 | BA18: 0 | BB18: 0 | BC18: 0 | BD18: 0 | BE18: 0 | BF18: 0 | BG18: 0 | BH18: 0 | BI18: German R/V | BJ18: DEN | BK18: No | BL18: 0 | BM18: 1 | BN18: 2.4980946 | BP18: 1 | BQ18: 2.4980946 | BR18: 2 | BS18: 5503.44 | BT18: 1124.15 | BU18: 3901 | BV18: 5602 | BW18: 5505 | BX18: 1130
A19: V | B19: 22020 | C19: 3955 | D19: =IF(K19=9,54,IF(K19=10,55,IF(K19=11,56,""))) -> 55 | E19: =IF(D19=_xlfn.NUMBERVALUE(RIGHT(C19,2)),"OK","") -> OK | F19: =CONCATENATE(LEFT(C19,2),D19) -> 3955 | G19: =IF(RIGHT(C19,2)="54",CONCATENATE(LEFT(C19,2),"F9"),IF(RIGHT(C19,2)="55",CONCATENATE(LEFT(C19,2),"G0"),IF(RIGHT(C19,2)="56",CONCATENATE(LEFT(C19,2),"G1"),IF(RIGHT(C19,2)="57",CONCATENATE(LEFT(C19,2),"G2"),IF(RIGHT(C19,2)="58",CONCATENATE(LEFT(C19,2),"G3"),IF(RIGHT(C19,2)="59",CONCATENATE(LEFT(C19,2),"G4"),IF(RIGHT(C19,2)="60",CONCATENATE(LEFT(C19,2),"G5"),IF(RIGHT(C19,2)="61",CONCATENATE(LEFT(C19,2),"G6"),IF(RIGHT(C19,2)="62",CONCATENATE(LEFT(C19,2),"G7"),IF(RIGHT(C19,2)="63",CONCATENATE(LEFT(C19,2),"G8"),IF(RIGHT(C19,2)="64",CONCATENATE(LEFT(C19,2),"G9"),IF(RIGHT(C19,2)="65",CONCATENATE(LEFT(C19,2),"H0"),IF(RIGHT(C19,2)="66",CONCATENATE(LEFT(C19,2),"H1"),IF(RIGHT(C19,2)="67",CONCATENATE(LEFT(C19,2),"H2"),IF(RIGHT(C19,2)="68",CONCATENATE(LEFT(C19,2),"H3"),IF(RIGHT(C19,2)="68",CONCATENATE(LEFT(C19,2),"H4"),C19)))))))))))))))) -> 39G0 | H19: 22 | I19: 55 | J19: 12.7 | K19: 10 | L19: 56.3 | M19: 55 | N19: 13.5 | O19: 10 | P19: 57.3 | Q19: 55 | R19: 13.7 | S19: 10 | T19: 59.2 | U19: 55 | V19: 14.2 | W19: 10 | X19: 59.6 | Y19: 0 | Z19: 0 | AA19: 0 | AB19: 0 | AC19: 0 | AD19: 0 | AE19: 0 | AF19: 0 | AG19: 0 | AH19: 0 | AI19: 0 | AJ19: 0 | AK19: 0 | AL19: 0 | AM19: 0 | AN19: 0 | AO19: 0 | AP19: 0 | AQ19: 0 | AR19: 0 | AS19: 0 | AT19: 0 | AU19: 0 | AV19: 0 | AW19: =IF(A19="",1,"") | AX19: 18 | AY19: 18 | AZ19: 18 | BA19: 18 | BB19: 18 | BC19: 0 | BD19: 0 | BE19: 0 | BF19: 0 | BG19: 0 | BH19: 0 | BI19: Havfisken | BJ19: DEN | BK19: No | BL19: 0 | BM19: 0 | BN19: 2.6340581 | BP19: 1 | BQ19: 2.6340581 | BR19: 2 | BS19: 5512.7 | BT19: 1056.3 | BU19: 3902 | BV19: 5503 | BW19: 5515 | BX19: 1050
A20: V | B20: 22021 | C20: 3955 | D20: =IF(K20=9,54,IF(K20=10,55,IF(K20=11,56,""))) -> 55 | E20: =IF(D20=_xlfn.NUMBERVALUE(RIGHT(C20,2)),"OK","") -> OK | F20: =CONCATENATE(LEFT(C20,2),D20) -> 3955 | G20: =IF(RIGHT(C20,2)="54",CONCATENATE(LEFT(C20,2),"F9"),IF(RIGHT(C20,2)="55",CONCATENATE(LEFT(C20,2),"G0"),IF(RIGHT(C20,2)="56",CONCATENATE(LEFT(C20,2),"G1"),IF(RIGHT(C20,2)="57",CONCATENATE(LEFT(C20,2),"G2"),IF(RIGHT(C20,2)="58",CONCATENATE(LEFT(C20,2),"G3"),IF(RIGHT(C20,2)="59",CONCATENATE(LEFT(C20,2),"G4"),IF(RIGHT(C20,2)="60",CONCATENATE(LEFT(C20,2),"G5"),IF(RIGHT(C20,2)="61",CONCATENATE(LEFT(C20,2),"G6"),IF(RIGHT(C20,2)="62",CONCATENATE(LEFT(C20,2),"G7"),IF(RIGHT(C20,2)="63",CONCATENATE(LEFT(C20,2),"G8"),IF(RIGHT(C20,2)="64",CONCATENATE(LEFT(C20,2),"G9"),IF(RIGHT(C20,2)="65",CONCATENATE(LEFT(C20,2),"H0"),IF(RIGHT(C20,2)="66",CONCATENATE(LEFT(C20,2),"H1"),IF(RIGHT(C20,2)="67",CONCATENATE(LEFT(C20,2),"H2"),IF(RIGHT(C20,2)="68",CONCATENATE(LEFT(C20,2),"H3"),IF(RIGHT(C20,2)="68",CONCATENATE(LEFT(C20,2),"H4"),C20)))))))))))))))) -> 39G0 | H20: 22 | I20: 55 | J20: 14.9 | K20: 10 | L20: 50.7 | M20: 55 | N20: 14.2 | O20: 10 | P20: 50.4 | Q20: 55 | R20: 13.3 | S20: 10 | T20: 50.3 | U20: 55 | V20: 12.9 | W20: 10 | X20: 50.1 | Y20: 0 | Z20: 0 | AA20: 0 | AB20: 0 | AC20: 0 | AD20: 0 | AE20: 0 | AF20: 0 | AG20: 0 | AH20: 0 | AI20: 0 | AJ20: 0 | AK20: 0 | AL20: 0 | AM20: 0 | AN20: 0 | AO20: 0 | AP20: 0 | AQ20: 0 | AR20: 0 | AS20: 0 | AT20: 0 | AU20: 0 | AV20: 0 | AW20: =IF(A20="",1,"") | AX20: 20 | AY20: 20 | AZ20: 20 | BA20: 20 | BB20: 20 | BC20: 0 | BD20: 0 | BE20: 0 | BF20: 0 | BG20: 0 | BH20: 0 | BI20: Havfisken | BJ20: DEN | BK20: No | BL20: 0 | BM20: 1 | BN20: 2.0383489 | BP20: 1 | BQ20: 2.0383489 | BR20: 2 | BS20: 5514.9 | BT20: 1050.7 | BU20: 3902 | BV20: 5503 | BW20: 5515 | BX20: 1050
A21: V | B21: 22022 | C21: 3956 | D21: =IF(K21=9,54,IF(K21=10,55,IF(K21=11,56,""))) -> 56 | E21: =IF(D21=_xlfn.NUMBERVALUE(RIGHT(C21,2)),"OK","") -> OK | F21: =CONCATENATE(LEFT(C21,2),D21) -> 3956 | G21: =IF(RIGHT(C21,2)="54",CONCATENATE(LEFT(C21,2),"F9"),IF(RIGHT(C21,2)="55",CONCATENATE(LEFT(C21,2),"G0"),IF(RIGHT(C21,2)="56",CONCATENATE(LEFT(C21,2),"G1"),IF(RIGHT(C21,2)="57",CONCATENATE(LEFT(C21,2),"G2"),IF(RIGHT(C21,2)="58",CONCATENATE(LEFT(C21,2),"G3"),IF(RIGHT(C21,2)="59",CONCATENATE(LEFT(C21,2),"G4"),IF(RIGHT(C21,2)="60",CONCATENATE(LEFT(C21,2),"G5"),IF(RIGHT(C21,2)="61",CONCATENATE(LEFT(C21,2),"G6"),IF(RIGHT(C21,2)="62",CONCATENATE(LEFT(C21,2),"G7"),IF(RIGHT(C21,2)="63",CONCATENATE(LEFT(C21,2),"G8"),IF(RIGHT(C21,2)="64",CONCATENATE(LEFT(C21,2),"G9"),IF(RIGHT(C21,2)="65",CONCATENATE(LEFT(C21,2),"H0"),IF(RIGHT(C21,2)="66",CONCATENATE(LEFT(C21,2),"H1"),IF(RIGHT(C21,2)="67",CONCATENATE(LEFT(C21,2),"H2"),IF(RIGHT(C21,2)="68",CONCATENATE(LEFT(C21,2),"H3"),IF(RIGHT(C21,2)="68",CONCATENATE(LEFT(C21,2),"H4"),C21)))))))))))))))) -> 39G1 | H21: 22 | I21: 55 | J21: 14.7 | K21: 11 | L21: 3.3 | M21: 55 | N21: 14.3 | O21: 11 | P21: 1.5 | Q21: 55 | R21: 13 | S21: 11 | T21: 0.6 | U21: 0 | V21: 0 | W21: 0 | X21: 0 | Y21: 0 | Z21: 0 | AA21: 0 | AB21: 0 | AC21: 0 | AD21: 0 | AE21: 0 | AF21: 0 | AG21: 0 | AH21: 0 | AI21: 0 | AJ21: 0 | AK21: 0 | AL21: 0 | AM21: 0 | AN21: 0 | AO21: 0 | AP21: 0 | AQ21: 0 | AR21: 0 | AS21: 0 | AT21: 0 | AU21: 0 | AV21: 0 | AW21: =IF(A21="",1,"") | AX21: 19 | AY21: 19 | AZ21: 19 | BA21: 19 | BB21: 0 | BC21: 0 | BD21: 0 | BE21: 0 | BF21: 0 | BG21: 0 | BH21: 0 | BI21: Havfisken | BJ21: DEN | BK21: No | BL21: 0 | BM21: 1 | BN21: 2.4990744 | BP21: 1 | BQ21: 2.4990744 | BR21: 2 | BS21: 5514.7 | BT21: 1103.3 | BU21: 3902 | BV21: 5601 | BW21: 5515 | BX21: 1110
A22: V | B22: 22023 | C22: 3956 | D22: =IF(K22=9,54,IF(K22=10,55,IF(K22=11,56,""))) -> 56 | E22: =IF(D22=_xlfn.NUMBERVALUE(RIGHT(C22,2)),"OK","") -> OK | F22: =CONCATENATE(LEFT(C22,2),D22) -> 3956 | G22: =IF(RIGHT(C22,2)="54",CONCATENATE(LEFT(C22,2),"F9"),IF(RIGHT(C22,2)="55",CONCATENATE(LEFT(C22,2),"G0"),IF(RIGHT(C22,2)="56",CONCATENATE(LEFT(C22,2),"G1"),IF(RIGHT(C22,2)="57",CONCATENATE(LEFT(C22,2),"G2"),IF(RIGHT(C22,2)="58",CONCATENATE(LEFT(C22,2),"G3"),IF(RIGHT(C22,2)="59",CONCATENATE(LEFT(C22,2),"G4"),IF(RIGHT(C22,2)="60",CONCATENATE(LEFT(C22,2),"G5"),IF(RIGHT(C22,2)="61",CONCATENATE(LEFT(C22,2),"G6"),IF(RIGHT(C22,2)="62",CONCATENATE(LEFT(C22,2),"G7"),IF(RIGHT(C22,2)="63",CONCATENATE(LEFT(C22,2),"G8"),IF(RIGHT(C22,2)="64",CONCATENATE(LEFT(C22,2),"G9"),IF(RIGHT(C22,2)="65",CONCATENATE(LEFT(C22,2),"H0"),IF(RIGHT(C22,2)="66",CONCATENATE(LEFT(C22,2),"H1"),IF(RIGHT(C22,2)="67",CONCATENATE(LEFT(C22,2),"H2"),IF(RIGHT(C22,2)="68",CONCATENATE(LEFT(C22,2),"H3"),IF(RIGHT(C22,2)="68",CONCATENATE(LEFT(C22,2),"H4"),C22)))))))))))))))) -> 39G1 | H22: 22 | I22: 55 | J22: 18.47 | K22: 11 | L22: 1.28 | M22: 55 | N22: 16.01 | O22: 11 | P22: 2.03 | Q22: 0 | R22: 0 | S22: 0 | T22: 0 | U22: 0 | V22: 0 | W22: 0 | X22: 0 | Y22: 0 | Z22: 0 | AA22: 0 | AB22: 0 | AC22: 0 | AD22: 0 | AE22: 0 | AF22: 0 | AG22: 0 | AH22: 0 | AI22: 0 | AJ22: 0 | AK22: 0 | AL22: 0 | AM22: 0 | AN22: 0 | AO22: 0 | AP22: 0 | AQ22: 0 | AR22: 0 | AS22: 0 | AT22: 0 | AU22: 0 | AV22: 0 | AW22: =IF(A22="",1,"") | AX22: 15 | AY22: 23 | AZ22: 34 | BA22: 0 | BB22: 0 | BC22: 0 | BD22: 0 | BE22: 0 | BF22: 0 | BG22: 0 | BH22: 0 | BI22: German R/V | BJ22: DEN | BK22: No | BL22: 0 | BM22: 0 | BN22: 2.4968001 | BP22: 1 | BQ22: 2.4968001 | BR22: 2 | BS22: 5518.47 | BT22: 1101.28 | BU22: 3902 | BV22: 5601 | BW22: 5515 | BX22: 1110
A23: V | B23: 22024 | C23: 3954 | D23: =IF(K23=9,54,IF(K23=10,55,IF(K23=11,56,""))) -> 54 | E23: =IF(D23=_xlfn.NUMBERVALUE(RIGHT(C23,2)),"OK","") -> OK | F23: =CONCATENATE(LEFT(C23,2),D23) -> 3954 | G23: =IF(RIGHT(C23,2)="54",CONCATENATE(LEFT(C23,2),"F9"),IF(RIGHT(C23,2)="55",CONCATENATE(LEFT(C23,2),"G0"),IF(RIGHT(C23,2)="56",CONCATENATE(LEFT(C23,2),"G1"),IF(RIGHT(C23,2)="57",CONCATENATE(LEFT(C23,2),"G2"),IF(RIGHT(C23,2)="58",CONCATENATE(LEFT(C23,2),"G3"),IF(RIGHT(C23,2)="59",CONCATENATE(LEFT(C23,2),"G4"),IF(RIGHT(C23,2)="60",CONCATENATE(LEFT(C23,2),"G5"),IF(RIGHT(C23,2)="61",CONCATENATE(LEFT(C23,2),"G6"),IF(RIGHT(C23,2)="62",CONCATENATE(LEFT(C23,2),"G7"),IF(RIGHT(C23,2)="63",CONCATENATE(LEFT(C23,2),"G8"),IF(RIGHT(C23,2)="64",CONCATENATE(LEFT(C23,2),"G9"),IF(RIGHT(C23,2)="65",CONCATENATE(LEFT(C23,2),"H0"),IF(RIGHT(C23,2)="66",CONCATENATE(LEFT(C23,2),"H1"),IF(RIGHT(C23,2)="67",CONCATENATE(LEFT(C23,2),"H2"),IF(RIGHT(C23,2)="68",CONCATENATE(LEFT(C23,2),"H3"),IF(RIGHT(C23,2)="68",CONCATENATE(LEFT(C23,2),"H4"),C23)))))))))))))))) -> 39F9 | H23: 22 | I23: 55 | J23: 21.9 | K23: 9 | L23: 45.16 | M23: 55 | N23: 24.1 | O23: 9 | P23: 43.94 | Q23: 0 | R23: 0 | S23: 0 | T23: 0 | U23: 0 | V23: 0 | W23: 0 | X23: 0 | Y23: 0 | Z23: 0 | AA23: 0 | AB23: 0 | AC23: 0 | AD23: 0 | AE23: 0 | AF23: 0 | AG23: 0 | AH23: 0 | AI23: 0 | AJ23: 0 | AK23: 0 | AL23: 0 | AM23: 0 | AN23: 0 | AO23: 0 | AP23: 0 | AQ23: 0 | AR23: 0 | AS23: 0 | AT23: 0 | AU23: 0 | AV23: 0 | AW23: =IF(A23="",1,"") | AX23: 18 | AY23: 18 | AZ23: 18 | BA23: 0 | BB23: 0 | BC23: 0 | BD23: 0 | BE23: 0 | BF23: 0 | BG23: 0 | BH23: 0 | BI23: Havfisken | BJ23: DEN | BK23: No | BL23: 0 | BM23: 1 | BN23: 2.3065849 | BP23: 1 | BQ23: 2.3065849 | BR23: 2 | BS23: 5521.9 | BT23: 945.16 | BU23: 3903 | BV23: 5403 | BW23: 5525 | BX23: 950
A24: V | B24: 22025 | C24: 3955 | D24: =IF(K24=9,54,IF(K24=10,55,IF(K24=11,56,""))) -> 55 | E24: =IF(D24=_xlfn.NUMBERVALUE(RIGHT(C24,2)),"OK","") -> OK | F24: =CONCATENATE(LEFT(C24,2),D24) -> 3955 | G24: =IF(RIGHT(C24,2)="54",CONCATENATE(LEFT(C24,2),"F9"),IF(RIGHT(C24,2)="55",CONCATENATE(LEFT(C24,2),"G0"),IF(RIGHT(C24,2)="56",CONCATENATE(LEFT(C24,2),"G1"),IF(RIGHT(C24,2)="57",CONCATENATE(LEFT(C24,2),"G2"),IF(RIGHT(C24,2)="58",CONCATENATE(LEFT(C24,2),"G3"),IF(RIGHT(C24,2)="59",CONCATENATE(LEFT(C24,2),"G4"),IF(RIGHT(C24,2)="60",CONCATENATE(LEFT(C24,2),"G5"),IF(RIGHT(C24,2)="61",CONCATENATE(LEFT(C24,2),"G6"),IF(RIGHT(C24,2)="62",CONCATENATE(LEFT(C24,2),"G7"),IF(RIGHT(C24,2)="63",CONCATENATE(LEFT(C24,2),"G8"),IF(RIGHT(C24,2)="64",CONCATENATE(LEFT(C24,2),"G9"),IF(RIGHT(C24,2)="65",CONCATENATE(LEFT(C24,2),"H0"),IF(RIGHT(C24,2)="66",CONCATENATE(LEFT(C24,2),"H1"),IF(RIGHT(C24,2)="67",CONCATENATE(LEFT(C24,2),"H2"),IF(RIGHT(C24,2)="68",CONCATENATE(LEFT(C24,2),"H3"),IF(RIGHT(C24,2)="68",CONCATENATE(LEFT(C24,2),"H4"),C24)))))))))))))))) -> 39G0 | H24: 22 | I24: 55 | J24: 23.14 | K24: 10 | L24: 50.56 | M24: 55 | N24: 22.97 | O24: 10 | P24: 54.95 | Q24: 0 | R24: 0 | S24: 0 | T24: 0 | U24: 0 | V24: 0 | W24: 0 | X24: 0 | Y24: 0 | Z24: 0 | AA24: 0 | AB24: 0 | AC24: 0 | AD24: 0 | AE24: 0 | AF24: 0 | AG24: 0 | AH24: 0 | AI24: 0 | AJ24: 0 | AK24: 0 | AL24: 0 | AM24: 0 | AN24: 0 | AO24: 0 | AP24: 0 | AQ24: 0 | AR24: 0 | AS24: 0 | AT24: 0 | AU24: 0 | AV24: 0 | AW24: =IF(A24="",1,"") | AX24: 19 | AY24: 16 | AZ24: 18 | BA24: 0 | BB24: 0 | BC24: 0 | BD24: 0 | BE24: 0 | BF24: 0 | BG24: 0 | BH24: 0 | BI24: German R/V | BJ24: DEN | BK24: No | BL24: 0 | BM24: 0 | BN24: 2.4996148 | BP24: 1 | BQ24: 2.4996148 | BR24: 2 | BS24: 5523.14 | BT24: 1050.56 | BU24: 3903 | BV24: 5503 | BW24: 5525 | BX24: 1050
... A53: V | B53: 22064 | C53: 3855 | D53: =IF(K53=9,54,IF(K53=10,55,IF(K53=11,56,""))) -> 55 | E53: =IF(D53=_xlfn.NUMBERVALUE(RIGHT(C53,2)),"OK","") -> OK | F53: =CONCATENATE(LEFT(C53,2),D53) -> 3855 | G53: =IF(RIGHT(C53,2)="54",CONCATENATE(LEFT(C53,2),"F9"),IF(RIGHT(C53,2)="55",CONCATENATE(LEFT(C53,2),"G0"),IF(RIGHT(C53,2)="56",CONCATENATE(LEFT(C53,2),"G1"),IF(RIGHT(C53,2)="57",CONCATENATE(LEFT(C53,2),"G2"),IF(RIGHT(C53,2)="58",CONCATENATE(LEFT(C53,2),"G3"),IF(RIGHT(C53,2)="59",CONCATENATE(LEFT(C53,2),"G4"),IF(RIGHT(C53,2)="60",CONCATENATE(LEFT(C53,2),"G5"),IF(RIGHT(C53,2)="61",CONCATENATE(LEFT(C53,2),"G6"),IF(RIGHT(C53,2)="62",CONCATENATE(LEFT(C53,2),"G7"),IF(RIGHT(C53,2)="63",CONCATENATE(LEFT(C53,2),"G8"),IF(RIGHT(C53,2)="64",CONCATENATE(LEFT(C53,2),"G9"),IF(RIGHT(C53,2)="65",CONCATENATE(LEFT(C53,2),"H0"),IF(RIGHT(C53,2)="66",CONCATENATE(LEFT(C53,2),"H1"),IF(RIGHT(C53,2)="67",CONCATENATE(LEFT(C53,2),"H2"),IF(RIGHT(C53,2)="68",CONCATENATE(LEFT(C53,2),"H3"),IF(RIGHT(C53,2)="68",CONCATENATE(LEFT(C53,2),"H4"),C53)))))))))))))))) -> 38G0 | H53: 22 | I53: 54 | J53: 37.66 | K53: 10 | L53: 19.84 | M53: 54 | N53: 40.23 | O53: 10 | P53: 21.25 | Q53: 0 | R53: 0 | S53: 0 | T53: 0 | U53: 0 | V53: 0 | W53: 0 | X53: 0 | Y53: 0 | Z53: 0 | AA53: 0 | AB53: 0 | AC53: 0 | AD53: 0 | AE53: 0 | AF53: 0 | AG53: 0 | AH53: 0 | AI53: 0 | AJ53: 0 | AK53: 0 | AL53: 0 | AM53: 0 | AN53: 0 | AO53: 0 | AP53: 0 | AQ53: 0 | AR53: 0 | AS53: 0 | AT53: 0 | AU53: 0 | AV53: 0 | AW53: =IF(A53="",1,"") | AX53: 21 | AY53: 31 | AZ53: 23 | BA53: 0 | BB53: 0 | BC53: 0 | BD53: 0 | BE53: 0 | BF53: 0 | BG53: 0 | BH53: 0 | BI53: German R/V | BJ53: GFR | BK53: No | BL53: 1 | BM53: 0 | BN53: 2.6963739 | BP53: 2 | BQ53: 2.6963739 | BR53: 2 | BS53: 5437.66 | BT53: 1019.84 | BU53: 3801 | BV53: 5501 | BW53: 5435 | BX53: 1010
A54: V | B54: 22065 | C54: 38G0 | D54: =IF(K54=9,54,IF(K54=10,55,IF(K54=11,56,""))) -> 55 | E54: =IF(D54=_xlfn.NUMBERVALUE(RIGHT(C54,2)),"OK","") -> #VALUE! | F54: =CONCATENATE(LEFT(C54,2),D54) -> 3855 | G54: =IF(RIGHT(C54,2)="54",CONCATENATE(LEFT(C54,2),"F9"),IF(RIGHT(C54,2)="55",CONCATENATE(LEFT(C54,2),"G0"),IF(RIGHT(C54,2)="56",CONCATENATE(LEFT(C54,2),"G1"),IF(RIGHT(C54,2)="57",CONCATENATE(LEFT(C54,2),"G2"),IF(RIGHT(C54,2)="58",CONCATENATE(LEFT(C54,2),"G3"),IF(RIGHT(C54,2)="59",CONCATENATE(LEFT(C54,2),"G4"),IF(RIGHT(C54,2)="60",CONCATENATE(LEFT(C54,2),"G5"),IF(RIGHT(C54,2)="61",CONCATENATE(LEFT(C54,2),"G6"),IF(RIGHT(C54,2)="62",CONCATENATE(LEFT(C54,2),"G7"),IF(RIGHT(C54,2)="63",CONCATENATE(LEFT(C54,2),"G8"),IF(RIGHT(C54,2)="64",CONCATENATE(LEFT(C54,2),"G9"),IF(RIGHT(C54,2)="65",CONCATENATE(LEFT(C54,2),"H0"),IF(RIGHT(C54,2)="66",CONCATENATE(LEFT(C54,2),"H1"),IF(RIGHT(C54,2)="67",CONCATENATE(LEFT(C54,2),"H2"),IF(RIGHT(C54,2)="68",CONCATENATE(LEFT(C54,2),"H3"),IF(RIGHT(C54,2)="68",CONCATENATE(LEFT(C54,2),"H4"),C54)))))))))))))))) -> 38G0 | H54: 22 | I54: 54 | J54: 36.4 | K54: 10 | L54: 38.58 | M54: 54 | N54: 37.99 | O54: 10 | P54: 35.24 | Q54: 0 | R54: 0 | S54: 0 | T54: 0 | U54: 0 | V54: 0 | W54: 0 | X54: 0 | Y54: 0 | Z54: 0 | AA54: 0 | AB54: 0 | AC54: 0 | AD54: 0 | AE54: 0 | AF54: 0 | AG54: 0 | AH54: 0 | AI54: 0 | AJ54: 0 | AK54: 0 | AL54: 0 | AM54: 0 | AN54: 0 | AO54: 0 | AP54: 0 | AQ54: 0 | AR54: 0 | AS54: 0 | AT54: 0 | AU54: 0 | AV54: 0 | AW54: =IF(A54="",1,"") | AX54: 25 | AY54: 24 | AZ54: 23 | BA54: 0 | BB54: 0 | BC54: 0 | BD54: 0 | BE54: 0 | BF54: 0 | BG54: 0 | BH54: 0 | BI54: German R/V | BJ54: DEN | BK54: No | BL54: 1 | BM54: 1 | BN54: 2.5035745 | BP54: 1 | BQ54: 2.5035745 | BR54: 2 | BS54: 5436.4 | BT54: 1038.58 | BU54: 3801 | BV54: 5502 | BW54: 5435 | BX54: 1030
A55: V | B55: 22071 | C55: 3856 | D55: =IF(K55=9,54,IF(K55=10,55,IF(K55=11,56,""))) -> 56 | E55: =IF(D55=_xlfn.NUMBERVALUE(RIGHT(C55,2)),"OK","") -> OK | F55: =CONCATENATE(LEFT(C55,2),D55) -> 3856 | G55: =IF(RIGHT(C55,2)="54",CONCATENATE(LEFT(C55,2),"F9"),IF(RIGHT(C55,2)="55",CONCATENATE(LEFT(C55,2),"G0"),IF(RIGHT(C55,2)="56",CONCATENATE(LEFT(C55,2),"G1"),IF(RIGHT(C55,2)="57",CONCATENATE(LEFT(C55,2),"G2"),IF(RIGHT(C55,2)="58",CONCATENATE(LEFT(C55,2),"G3"),IF(RIGHT(C55,2)="59",CONCATENATE(LEFT(C55,2),"G4"),IF(RIGHT(C55,2)="60",CONCATENATE(LEFT(C55,2),"G5"),IF(RIGHT(C55,2)="61",CONCATENATE(LEFT(C55,2),"G6"),IF(RIGHT(C55,2)="62",CONCATENATE(LEFT(C55,2),"G7"),IF(RIGHT(C55,2)="63",CONCATENATE(LEFT(C55,2),"G8"),IF(RIGHT(C55,2)="64",CONCATENATE(LEFT(C55,2),"G9"),IF(RIGHT(C55,2)="65",CONCATENATE(LEFT(C55,2),"H0"),IF(RIGHT(C55,2)="66",CONCATENATE(LEFT(C55,2),"H1"),IF(RIGHT(C55,2)="67",CONCATENATE(LEFT(C55,2),"H2"),IF(RIGHT(C55,2)="68",CONCATENATE(LEFT(C55,2),"H3"),IF(RIGHT(C55,2)="68",CONCATENATE(LEFT(C55,2),"H4"),C55)))))))))))))))) -> 38G1 | H55: 22 | I55: 54 | J55: 32.4 | K55: 11 | L55: 24.4 | M55: 54 | N55: 31.4 | O55: 11 | P55: 27.3 | Q55: 54 | R55: 30.6 | S55: 11 | T55: 28.1 | U55: 0 | V55: 0 | W55: 0 | X55: 0 | Y55: 0 | Z55: 0 | AA55: 0 | AB55: 0 | AC55: 0 | AD55: 0 | AE55: 0 | AF55: 0 | AG55: 0 | AH55: 0 | AI55: 0 | AJ55: 0 | AK55: 0 | AL55: 0 | AM55: 0 | AN55: 0 | AO55: 0 | AP55: 0 | AQ55: 0 | AR55: 0 | AS55: 0 | AT55: 0 | AU55: 0 | AV55: 0 | AW55: =IF(A55="",1,"") | AX55: 28 | AY55: 28 | AZ55: 28 | BA55: 28 | BB55: 0 | BC55: 0 | BD55: 0 | BE55: 0 | BF55: 0 | BG55: 0 | BH55: 0 | BI55: Havfisken | BJ55: DEN | BK55: No | BL55: 1 | BM55: 0 | BN55: 2.8824545 | BP55: 2 | BQ55: 2.8824545 | BR55: 2 | BS55: 5432.4 | BT55: 1124.4 | BU55: 3801 | BV55: 5602 | BW55: 5435 | BX55: 1130
A56: V | B56: 22072 | C56: 3856 | D56: =IF(K56=9,54,IF(K56=10,55,IF(K56=11,56,""))) -> 56 | E56: =IF(D56=_xlfn.NUMBERVALUE(RIGHT(C56,2)),"OK","") -> OK | F56: =CONCATENATE(LEFT(C56,2),D56) -> 3856 | G56: =IF(RIGHT(C56,2)="54",CONCATENATE(LEFT(C56,2),"F9"),IF(RIGHT(C56,2)="55",CONCATENATE(LEFT(C56,2),"G0"),IF(RIGHT(C56,2)="56",CONCATENATE(LEFT(C56,2),"G1"),IF(RIGHT(C56,2)="57",CONCATENATE(LEFT(C56,2),"G2"),IF(RIGHT(C56,2)="58",CONCATENATE(LEFT(C56,2),"G3"),IF(RIGHT(C56,2)="59",CONCATENATE(LEFT(C56,2),"G4"),IF(RIGHT(C56,2)="60",CONCATENATE(LEFT(C56,2),"G5"),IF(RIGHT(C56,2)="61",CONCATENATE(LEFT(C56,2),"G6"),IF(RIGHT(C56,2)="62",CONCATENATE(LEFT(C56,2),"G7"),IF(RIGHT(C56,2)="63",CONCATENATE(LEFT(C56,2),"G8"),IF(RIGHT(C56,2)="64",CONCATENATE(LEFT(C56,2),"G9"),IF(RIGHT(C56,2)="65",CONCATENATE(LEFT(C56,2),"H0"),IF(RIGHT(C56,2)="66",CONCATENATE(LEFT(C56,2),"H1"),IF(RIGHT(C56,2)="67",CONCATENATE(LEFT(C56,2),"H2"),IF(RIGHT(C56,2)="68",CONCATENATE(LEFT(C56,2),"H3"),IF(RIGHT(C56,2)="68",CONCATENATE(LEFT(C56,2),"H4"),C56)))))))))))))))) -> 38G1 | H56: 22 | I56: 54 | J56: 33.53 | K56: 11 | L56: 21.74 | M56: 54 | N56: 32.54 | O56: 11 | P56: 23.82 | Q56: 0 | R56: 0 | S56: 0 | T56: 0 | U56: 0 | V56: 0 | W56: 0 | X56: 0 | Y56: 0 | Z56: 0 | AA56: 0 | AB56: 0 | AC56: 0 | AD56: 0 | AE56: 0 | AF56: 0 | AG56: 0 | AH56: 0 | AI56: 0 | AJ56: 0 | AK56: 0 | AL56: 0 | AM56: 0 | AN56: 0 | AO56: 0 | AP56: 0 | AQ56: 0 | AR56: 0 | AS56: 0 | AT56: 0 | AU56: 0 | AV56: 0 | AW56: =IF(A56="",1,"") | AX56: 28 | AY56: 28 | AZ56: 28 | BA56: 0 | BB56: 0 | BC56: 0 | BD56: 0 | BE56: 0 | BF56: 0 | BG56: 0 | BH56: 0 | BI56: Solea 2002 | BJ56: GFR | BK56: No | BL56: 1 | BM56: 0 | BN56: 1.5605834 | BP56: 2 | BQ56: 1.5605834 | BR56: 2 | BS56: 5433.53 | BT56: 1121.74 | BU56: 3801 | BV56: 5602 | BW56: 5435 | BX56: 1130
A57: V | B57: 22075 | C57: 3855 | D57: =IF(K57=9,54,IF(K57=10,55,IF(K57=11,56,""))) -> 55 | E57: =IF(D57=_xlfn.NUMBERVALUE(RIGHT(C57,2)),"OK","") -> OK | F57: =CONCATENATE(LEFT(C57,2),D57) -> 3855 | G57: =IF(RIGHT(C57,2)="54",CONCATENATE(LEFT(C57,2),"F9"),IF(RIGHT(C57,2)="55",CONCATENATE(LEFT(C57,2),"G0"),IF(RIGHT(C57,2)="56",CONCATENATE(LEFT(C57,2),"G1"),IF(RIGHT(C57,2)="57",CONCATENATE(LEFT(C57,2),"G2"),IF(RIGHT(C57,2)="58",CONCATENATE(LEFT(C57,2),"G3"),IF(RIGHT(C57,2)="59",CONCATENATE(LEFT(C57,2),"G4"),IF(RIGHT(C57,2)="60",CONCATENATE(LEFT(C57,2),"G5"),IF(RIGHT(C57,2)="61",CONCATENATE(LEFT(C57,2),"G6"),IF(RIGHT(C57,2)="62",CONCATENATE(LEFT(C57,2),"G7"),IF(RIGHT(C57,2)="63",CONCATENATE(LEFT(C57,2),"G8"),IF(RIGHT(C57,2)="64",CONCATENATE(LEFT(C57,2),"G9"),IF(RIGHT(C57,2)="65",CONCATENATE(LEFT(C57,2),"H0"),IF(RIGHT(C57,2)="66",CONCATENATE(LEFT(C57,2),"H1"),IF(RIGHT(C57,2)="67",CONCATENATE(LEFT(C57,2),"H2"),IF(RIGHT(C57,2)="68",CONCATENATE(LEFT(C57,2),"H3"),IF(RIGHT(C57,2)="68",CONCATENATE(LEFT(C57,2),"H4"),C57)))))))))))))))) -> 38G0 | H57: 22 | I57: 54 | J57: 48.3 | K57: 10 | L57: 8.7 | M57: 54 | N57: 46.4 | O57: 10 | P57: 10.8 | Q57: 0 | R57: 0 | S57: 0 | T57: 0 | U57: 0 | V57: 0 | W57: 0 | X57: 0 | Y57: 0 | Z57: 0 | AA57: 0 | AB57: 0 | AC57: 0 | AD57: 0 | AE57: 0 | AF57: 0 | AG57: 0 | AH57: 0 | AI57: 0 | AJ57: 0 | AK57: 0 | AL57: 0 | AM57: 0 | AN57: 0 | AO57: 0 | AP57: 0 | AQ57: 0 | AR57: 0 | AS57: 0 | AT57: 0 | AU57: 0 | AV57: 0 | AW57: =IF(A57="",1,"") | AX57: 28 | AY57: 28 | AZ57: 28 | BA57: 0 | BB57: 0 | BC57: 0 | BD57: 0 | BE57: 0 | BF57: 0 | BG57: 0 | BH57: 0 | BI57: Havfisken | BJ57: DEN | BK57: No | BL57: 0 | BM57: 0 | BN57: 2.2530234 | BP57: 2 | BQ57: 2.2530234 | BR57: 2 | BS57: 5448.3 | BT57: 1008.7 | BU57: 3802 | BV57: 5501 | BW57: 5445 | BX57: 1010
A58: V | B58: 22076 | C58: 3855 | D58: =IF(K58=9,54,IF(K58=10,55,IF(K58=11,56,""))) -> 55 | E58: =IF(D58=_xlfn.NUMBERVALUE(RIGHT(C58,2)),"OK","") -> OK | F58: =CONCATENATE(LEFT(C58,2),D58) -> 3855 | G58: =IF(RIGHT(C58,2)="54",CONCATENATE(LEFT(C58,2),"F9"),IF(RIGHT(C58,2)="55",CONCATENATE(LEFT(C58,2),"G0"),IF(RIGHT(C58,2)="56",CONCATENATE(LEFT(C58,2),"G1"),IF(RIGHT(C58,2)="57",CONCATENATE(LEFT(C58,2),"G2"),IF(RIGHT(C58,2)="58",CONCATENATE(LEFT(C58,2),"G3"),IF(RIGHT(C58,2)="59",CONCATENATE(LEFT(C58,2),"G4"),IF(RIGHT(C58,2)="60",CONCATENATE(LEFT(C58,2),"G5"),IF(RIGHT(C58,2)="61",CONCATENATE(LEFT(C58,2),"G6"),IF(RIGHT(C58,2)="62",CONCATENATE(LEFT(C58,2),"G7"),IF(RIGHT(C58,2)="63",CONCATENATE(LEFT(C58,2),"G8"),IF(RIGHT(C58,2)="64",CONCATENATE(LEFT(C58,2),"G9"),IF(RIGHT(C58,2)="65",CONCATENATE(LEFT(C58,2),"H0"),IF(RIGHT(C58,2)="66",CONCATENATE(LEFT(C58,2),"H1"),IF(RIGHT(C58,2)="67",CONCATENATE(LEFT(C58,2),"H2"),IF(RIGHT(C58,2)="68",CONCATENATE(LEFT(C58,2),"H3"),IF(RIGHT(C58,2)="68",CONCATENATE(LEFT(C58,2),"H4"),C58)))))))))))))))) -> 38G0 | H58: 22 | I58: 54 | J58: 49.11 | K58: 10 | L58: 16.47 | M58: 54 | N58: 50.66 | O58: 10 | P58: 15.28 | Q58: 0 | R58: 0 | S58: 0 | T58: 0 | U58: 0 | V58: 0 | W58: 0 | X58: 0 | Y58: 0 | Z58: 0 | AA58: 0 | AB58: 0 | AC58: 0 | AD58: 0 | AE58: 0 | AF58: 0 | AG58: 0 | AH58: 0 | AI58: 0 | AJ58: 0 | AK58: 0 | AL58: 0 | AM58: 0 | AN58: 0 | AO58: 0 | AP58: 0 | AQ58: 0 | AR58: 0 | AS58: 0 | AT58: 0 | AU58: 0 | AV58: 0 | AW58: =IF(A58="",1,"") | AX58: 32 | AY58: 32 | AZ58: 32 | BA58: 0 | BB58: 0 | BC58: 0 | BD58: 0 | BE58: 0 | BF58: 0 | BG58: 0 | BH58: 0 | BI58: German R/V | BJ58: DEN | BK58: No | BL58: 0 | BM58: 1 | BN58: 1.6947867 | BP58: 1 | BQ58: 1.6947867 | BR58: 2 | BS58: 5449.11 | BT58: 1016.47 | BU58: 3802 | BV58: 5501 | BW58: 5445 | BX58: 1010
A59: V | B59: 22077 | C59: 3855 | D59: =IF(K59=9,54,IF(K59=10,55,IF(K59=11,56,""))) -> 55 | E59: =IF(D59=_xlfn.NUMBERVALUE(RIGHT(C59,2)),"OK","") -> OK | F59: =CONCATENATE(LEFT(C59,2),D59) -> 3855 | G59: =IF(RIGHT(C59,2)="54",CONCATENATE(LEFT(C59,2),"F9"),IF(RIGHT(C59,2)="55",CONCATENATE(LEFT(C59,2),"G0"),IF(RIGHT(C59,2)="56",CONCATENATE(LEFT(C59,2),"G1"),IF(RIGHT(C59,2)="57",CONCATENATE(LEFT(C59,2),"G2"),IF(RIGHT(C59,2)="58",CONCATENATE(LEFT(C59,2),"G3"),IF(RIGHT(C59,2)="59",CONCATENATE(LEFT(C59,2),"G4"),IF(RIGHT(C59,2)="60",CONCATENATE(LEFT(C59,2),"G5"),IF(RIGHT(C59,2)="61",CONCATENATE(LEFT(C59,2),"G6"),IF(RIGHT(C59,2)="62",CONCATENATE(LEFT(C59,2),"G7"),IF(RIGHT(C59,2)="63",CONCATENATE(LEFT(C59,2),"G8"),IF(RIGHT(C59,2)="64",CONCATENATE(LEFT(C59,2),"G9"),IF(RIGHT(C59,2)="65",CONCATENATE(LEFT(C59,2),"H0"),IF(RIGHT(C59,2)="66",CONCATENATE(LEFT(C59,2),"H1"),IF(RIGHT(C59,2)="67",CONCATENATE(LEFT(C59,2),"H2"),IF(RIGHT(C59,2)="68",CONCATENATE(LEFT(C59,2),"H3"),IF(RIGHT(C59,2)="68",CONCATENATE(LEFT(C59,2),"H4"),C59)))))))))))))))) -> 38G0 | H59: 22 | I59: 54 | J59: 41.63 | K59: 10 | L59: 19.45 | M59: 54 | N59: 41.39 | O59: 10 | P59: 22.18 | Q59: 0 | R59: 0 | S59: 0 | T59: 0 | U59: 0 | V59: 0 | W59: 0 | X59: 0 | Y59: 0 | Z59: 0 | AA59: 0 | AB59: 0 | AC59: 0 | AD59: 0 | AE59: 0 | AF59: 0 | AG59: 0 | AH59: 0 | AI59: 0 | AJ59: 0 | AK59: 0 | AL59: 0 | AM59: 0 | AN59: 0 | AO59: 0 | AP59: 0 | AQ59: 0 | AR59: 0 | AS59: 0 | AT59: 0 | AU59: 0 | AV59: 0 | AW59: =IF(A59="",1,"") | AX59: 28 | AY59: 23 | AZ59: 23 | BA59: 23 | BB59: 0 | BC59: 0 | BD59: 0 | BE59: 0 | BF59: 0 | BG59: 0 | BH59: 0 | BI59: Havfisken | BJ59: DEN | BK59: No | BL59: 0 | BM59: 0 | BN59: 1.5960169 | BP59: 1 | BQ59: 1.5960169 | BR59: 2 | BS59: 5441.63 | BT59: 1019.45 | BU59: 3802 | BV59: 5501 | BW59: 5445 | BX59: 1010
A60: V | B60: 22078 | C60: 38G0 | D60: =IF(K60=9,54,IF(K60=10,55,IF(K60=11,56,""))) -> 55 | E60: =IF(D60=_xlfn.NUMBERVALUE(RIGHT(C60,2)),"OK","") -> #VALUE! | F60: =CONCATENATE(LEFT(C60,2),D60) -> 3855 | G60: =IF(RIGHT(C60,2)="54",CONCATENATE(LEFT(C60,2),"F9"),IF(RIGHT(C60,2)="55",CONCATENATE(LEFT(C60,2),"G0"),IF(RIGHT(C60,2)="56",CONCATENATE(LEFT(C60,2),"G1"),IF(RIGHT(C60,2)="57",CONCATENATE(LEFT(C60,2),"G2"),IF(RIGHT(C60,2)="58",CONCATENATE(LEFT(C60,2),"G3"),IF(RIGHT(C60,2)="59",CONCATENATE(LEFT(C60,2),"G4"),IF(RIGHT(C60,2)="60",CONCATENATE(LEFT(C60,2),"G5"),IF(RIGHT(C60,2)="61",CONCATENATE(LEFT(C60,2),"G6"),IF(RIGHT(C60,2)="62",CONCATENATE(LEFT(C60,2),"G7"),IF(RIGHT(C60,2)="63",CONCATENATE(LEFT(C60,2),"G8"),IF(RIGHT(C60,2)="64",CONCATENATE(LEFT(C60,2),"G9"),IF(RIGHT(C60,2)="65",CONCATENATE(LEFT(C60,2),"H0"),IF(RIGHT(C60,2)="66",CONCATENATE(LEFT(C60,2),"H1"),IF(RIGHT(C60,2)="67",CONCATENATE(LEFT(C60,2),"H2"),IF(RIGHT(C60,2)="68",CONCATENATE(LEFT(C60,2),"H3"),IF(RIGHT(C60,2)="68",CONCATENATE(LEFT(C60,2),"H4"),C60)))))))))))))))) -> 38G0 | H60: 22 | I60: 54 | J60: 58.2 | K60: 10 | L60: 6.8 | M60: 54 | N60: 56.2 | O60: 10 | P60: 8.5 | Q60: 0 | R60: 0 | S60: 0 | T60: 0 | U60: 0 | V60: 0 | W60: 0 | X60: 0 | Y60: 0 | Z60: 0 | AA60: 0 | AB60: 0 | AC60: 0 | AD60: 0 | AE60: 0 | AF60: 0 | AG60: 0 | AH60: 0 | AI60: 0 | AJ60: 0 | AK60: 0 | AL60: 0 | AM60: 0 | AN60: 0 | AO60: 0 | AP60: 0 | AQ60: 0 | AR60: 0 | AS60: 0 | AT60: 0 | AU60: 0 | AV60: 0 | AW60: =IF(A60="",1,"") | AX60: 33 | AY60: 33 | AZ60: 33 | BA60: 0 | BB60: 0 | BC60: 0 | BD60: 0 | BE60: 0 | BF60: 0 | BG60: 0 | BH60: 0 | BI60: Havfisken | BJ60: DEN | BK60: No | BL60: 0 | BM60: 0 | BN60: 2.2255321 | BP60: 1 | BQ60: 2.2255321 | BR60: 2 | BS60: 5458.2 | BT60: 1006.8 | BU60: 3803 | BV60: 5501 | BW60: 5455 | BX60: 1010
A61: V | B61: 22079 | C61: 38G0 | D61: =IF(K61=9,54,IF(K61=10,55,IF(K61=11,56,""))) -> 54 | E61: =IF(D61=_xlfn.NUMBERVALUE(RIGHT(C61,2)),"OK","") -> #VALUE! | F61: =CONCATENATE(LEFT(C61,2),D61) -> 3854 | G61: =IF(RIGHT(C61,2)="54",CONCATENATE(LEFT(C61,2),"F9"),IF(RIGHT(C61,2)="55",CONCATENATE(LEFT(C61,2),"G0"),IF(RIGHT(C61,2)="56",CONCATENATE(LEFT(C61,2),"G1"),IF(RIGHT(C61,2)="57",CONCATENATE(LEFT(C61,2),"G2"),IF(RIGHT(C61,2)="58",CONCATENATE(LEFT(C61,2),"G3"),IF(RIGHT(C61,2)="59",CONCATENATE(LEFT(C61,2),"G4"),IF(RIGHT(C61,2)="60",CONCATENATE(LEFT(C61,2),"G5"),IF(RIGHT(C61,2)="61",CONCATENATE(LEFT(C61,2),"G6"),IF(RIGHT(C61,2)="62",CONCATENATE(LEFT(C61,2),"G7"),IF(RIGHT(C61,2)="63",CONCATENATE(LEFT(C61,2),"G8"),IF(RIGHT(C61,2)="64",CONCATENATE(LEFT(C61,2),"G9"),IF(RIGHT(C61,2)="65",CONCATENATE(LEFT(C61,2),"H0"),IF(RIGHT(C61,2)="66",CONCATENATE(LEFT(C61,2),"H1"),IF(RIGHT(C61,2)="67",CONCATENATE(LEFT(C61,2),"H2"),IF(RIGHT(C61,2)="68",CONCATENATE(LEFT(C61,2),"H3"),IF(RIGHT(C61,2)="68",CONCATENATE(LEFT(C61,2),"H4"),C61)))))))))))))))) -> 38G0 | H61: 22 | I61: 55 | J61: 5.09 | K61: 9 | L61: 59.08 | M61: 0 | N61: 0 | O61: 0 | P61: 0 | Q61: 0 | R61: 0 | S61: 0 | T61: 0 | U61: 0 | V61: 0 | W61: 0 | X61: 0 | Y61: 0 | Z61: 0 | AA61: 0 | AB61: 0 | AC61: 0 | AD61: 0 | AE61: 0 | AF61: 0 | AG61: 0 | AH61: 0 | AI61: 0 | AJ61: 0 | AK61: 0 | AL61: 0 | AM61: 0 | AN61: 0 | AO61: 0 | AP61: 0 | AQ61: 0 | AR61: 0 | AS61: 0 | AT61: 0 | AU61: 0 | AV61: 0 | AW61: =IF(A61="",1,"") | AX61: 31 | AY61: 22 | AZ61: 24 | BA61: 0 | BB61: 0 | BC61: 0 | BD61: 0 | BE61: 0 | BF61: 0 | BG61: 0 | BH61: 0 | BI61: German R/V | BJ61: DEN | BK61: No | BL61: 0 | BM61: 0 | BN61: 2.5026823 | BP61: 1 | BQ61: 2.5026823 | BR61: 2 | BS61: 5459.72 | BT61: 1001.41 | BU61: 3803 | BV61: 5501 | BW61: 5455 | BX61: 1010
A62: V | B62: 22081 | C62: 3954 | D62: =IF(K62=9,54,IF(K62=10,55,IF(K62=11,56,""))) -> 54 | E62: =IF(D62=_xlfn.NUMBERVALUE(RIGHT(C62,2)),"OK","") -> OK | F62: =CONCATENATE(LEFT(C62,2),D62) -> 3954 | G62: =IF(RIGHT(C62,2)="54",CONCATENATE(LEFT(C62,2),"F9"),IF(RIGHT(C62,2)="55",CONCATENATE(LEFT(C62,2),"G0"),IF(RIGHT(C62,2)="56",CONCATENATE(LEFT(C62,2),"G1"),IF(RIGHT(C62,2)="57",CONCATENATE(LEFT(C62,2),"G2"),IF(RIGHT(C62,2)="58",CONCATENATE(LEFT(C62,2),"G3"),IF(RIGHT(C62,2)="59",CONCATENATE(LEFT(C62,2),"G4"),IF(RIGHT(C62,2)="60",CONCATENATE(LEFT(C62,2),"G5"),IF(RIGHT(C62,2)="61",CONCATENATE(LEFT(C62,2),"G6"),IF(RIGHT(C62,2)="62",CONCATENATE(LEFT(C62,2),"G7"),IF(RIGHT(C62,2)="63",CONCATENATE(LEFT(C62,2),"G8"),IF(RIGHT(C62,2)="64",CONCATENATE(LEFT(C62,2),"G9"),IF(RIGHT(C62,2)="65",CONCATENATE(LEFT(C62,2),"H0"),IF(RIGHT(C62,2)="66",CONCATENATE(LEFT(C62,2),"H1"),IF(RIGHT(C62,2)="67",CONCATENATE(LEFT(C62,2),"H2"),IF(RIGHT(C62,2)="68",CONCATENATE(LEFT(C62,2),"H3"),IF(RIGHT(C62,2)="68",CONCATENATE(LEFT(C62,2),"H4"),C62)))))))))))))))) -> 39F9 | H62: 22 | I62: 55 | J62: 6.3 | K62: 9 | L62: 59.28 | M62: 55 | N62: 3.9 | O62: 9 | P62: 59.16 | Q62: 0 | R62: 0 | S62: 0 | T62: 0 | U62: 0 | V62: 0 | W62: 0 | X62: 0 | Y62: 0 | Z62: 0 | AA62: 0 | AB62: 0 | AC62: 0 | AD62: 0 | AE62: 0 | AF62: 0 | AG62: 0 | AH62: 0 | AI62: 0 | AJ62: 0 | AK62: 0 | AL62: 0 | AM62: 0 | AN62: 0 | AO62: 0 | AP62: 0 | AQ62: 0 | AR62: 0 | AS62: 0 | AT62: 0 | AU62: 0 | AV62: 0 | AW62: =IF(A62="",1,"") | AX62: 28 | AY62: 28 | AZ62: 28 | BA62: 0 | BB62: 0 | BC62: 0 | BD62: 0 | BE62: 0 | BF62: 0 | BG62: 0 | BH62: 0 | BI62: Havfisken | BJ62: DEN | BK62: No | BL62: 0 | BM62: 1 | BN62: 2.4009826 | BP62: 1 | BQ62: 2.4009826 | BR62: 2 | BS62: 5506.3 | BT62: 959.28 | BU62: 3901 | BV62: 5403 | BW62: 5505 | BX62: 950
A63: V | B63: 22082 | C63: 39G1 | D63: =IF(K63=9,54,IF(K63=10,55,IF(K63=11,56,""))) -> 56 | E63: =IF(D63=_xlfn.NUMBERVALUE(RIGHT(C63,2)),"OK","") -> #VALUE! | F63: =CONCATENATE(LEFT(C63,2),D63) -> 3956 | G63: =IF(RIGHT(C63,2)="54",CONCATENATE(LEFT(C63,2),"F9"),IF(RIGHT(C63,2)="55",CONCATENATE(LEFT(C63,2),"G0"),IF(RIGHT(C63,2)="56",CONCATENATE(LEFT(C63,2),"G1"),IF(RIGHT(C63,2)="57",CONCATENATE(LEFT(C63,2),"G2"),IF(RIGHT(C63,2)="58",CONCATENATE(LEFT(C63,2),"G3"),IF(RIGHT(C63,2)="59",CONCATENATE(LEFT(C63,2),"G4"),IF(RIGHT(C63,2)="60",CONCATENATE(LEFT(C63,2),"G5"),IF(RIGHT(C63,2)="61",CONCATENATE(LEFT(C63,2),"G6"),IF(RIGHT(C63,2)="62",CONCATENATE(LEFT(C63,2),"G7"),IF(RIGHT(C63,2)="63",CONCATENATE(LEFT(C63,2),"G8"),IF(RIGHT(C63,2)="64",CONCATENATE(LEFT(C63,2),"G9"),IF(RIGHT(C63,2)="65",CONCATENATE(LEFT(C63,2),"H0"),IF(RIGHT(C63,2)="66",CONCATENATE(LEFT(C63,2),"H1"),IF(RIGHT(C63,2)="67",CONCATENATE(LEFT(C63,2),"H2"),IF(RIGHT(C63,2)="68",CONCATENATE(LEFT(C63,2),"H3"),IF(RIGHT(C63,2)="68",CONCATENATE(LEFT(C63,2),"H4"),C63)))))))))))))))) -> 39G1 | H63: 22 | I63: 55 | J63: 6.36 | K63: 11 | L63: 19.5 | M63: 0 | N63: 0 | O63: 0 | P63: 0 | Q63: 0 | R63: 0 | S63: 0 | T63: 0 | U63: 0 | V63: 0 | W63: 0 | X63: 0 | Y63: 0 | Z63: 0 | AA63: 0 | AB63: 0 | AC63: 0 | AD63: 0 | AE63: 0 | AF63: 0 | AG63: 0 | AH63: 0 | AI63: 0 | AJ63: 0 | AK63: 0 | AL63: 0 | AM63: 0 | AN63: 0 | AO63: 0 | AP63: 0 | AQ63: 0 | AR63: 0 | AS63: 0 | AT63: 0 | AU63: 0 | AV63: 0 | AW63: =IF(A63="",1,"") | AX63: 37 | AY63: 31 | AZ63: 32 | BA63: 0 | BB63: 0 | BC63: 0 | BD63: 0 | BE63: 0 | BF63: 0 | BG63: 0 | BH63: 0 | BI63: German R/V | BJ63: DEN | BK63: No | BL63: 0 | BM63: 1 | BN63: 2.4971959 | BP63: 1 | BQ63: 2.4971959 | BR63: 2 | BS63: 5506.36 | BT63: 1119.5 | BU63: 3901 | BV63: 5601 | BW63: 5505 | BX63: 1110
A64: V | B64: 22084 | C64: 39G1 | D64: =IF(K64=9,54,IF(K64=10,55,IF(K64=11,56,""))) -> 56 | E64: =IF(D64=_xlfn.NUMBERVALUE(RIGHT(C64,2)),"OK","") -> #VALUE! | F64: =CONCATENATE(LEFT(C64,2),D64) -> 3956 | G64: =IF(RIGHT(C64,2)="54",CONCATENATE(LEFT(C64,2),"F9"),IF(RIGHT(C64,2)="55",CONCATENATE(LEFT(C64,2),"G0"),IF(RIGHT(C64,2)="56",CONCATENATE(LEFT(C64,2),"G1"),IF(RIGHT(C64,2)="57",CONCATENATE(LEFT(C64,2),"G2"),IF(RIGHT(C64,2)="58",CONCATENATE(LEFT(C64,2),"G3"),IF(RIGHT(C64,2)="59",CONCATENATE(LEFT(C64,2),"G4"),IF(RIGHT(C64,2)="60",CONCATENATE(LEFT(C64,2),"G5"),IF(RIGHT(C64,2)="61",CONCATENATE(LEFT(C64,2),"G6"),IF(RIGHT(C64,2)="62",CONCATENATE(LEFT(C64,2),"G7"),IF(RIGHT(C64,2)="63",CONCATENATE(LEFT(C64,2),"G8"),IF(RIGHT(C64,2)="64",CONCATENATE(LEFT(C64,2),"G9"),IF(RIGHT(C64,2)="65",CONCATENATE(LEFT(C64,2),"H0"),IF(RIGHT(C64,2)="66",CONCATENATE(LEFT(C64,2),"H1"),IF(RIGHT(C64,2)="67",CONCATENATE(LEFT(C64,2),"H2"),IF(RIGHT(C64,2)="68",CONCATENATE(LEFT(C64,2),"H3"),IF(RIGHT(C64,2)="68",CONCATENATE(LEFT(C64,2),"H4"),C64)))))))))))))))) -> 39G1 | H64: 22 | I64: 55 | J64: 11.9 | K64: 11 | L64: 4.6 | M64: 0 | N64: 0 | O64: 0 | P64: 0 | Q64: 0 | R64: 0 | S64: 0 | T64: 0 | U64: 0 | V64: 0 | W64: 0 | X64: 0 | Y64: 0 | Z64: 0 | AA64: 0 | AB64: 0 | AC64: 0 | AD64: 0 | AE64: 0 | AF64: 0 | AG64: 0 | AH64: 0 | AI64: 0 | AJ64: 0 | AK64: 0 | AL64: 0 | AM64: 0 | AN64: 0 | AO64: 0 | AP64: 0 | AQ64: 0 | AR64: 0 | AS64: 0 | AT64: 0 | AU64: 0 | AV64: 0 | AW64: =IF(A64="",1,"") | AX64: 33 | AY64: 33 | AZ64: 33 | BA64: 33 | BB64: 33 | BC64: 0 | BD64: 0 | BE64: 0 | BF64: 0 | BG64: 0 | BH64: 0 | BI64: Havfisken | BJ64: DEN | BK64: No | BL64: 0 | BM64: 1 | BN64: 1.9412791 | BP64: 1 | BQ64: 1.9412791 | BR64: 2 | BS64: 5511.9 | BT64: 1104.6 | BU64: 3902 | BV64: 5601 | BW64: 5515 | BX64: 1110
A65: V | B65: 22085 | C65: 40G0 | D65: =IF(K65=9,54,IF(K65=10,55,IF(K65=11,56,""))) -> 55 | E65: =IF(D65=_xlfn.NUMBERVALUE(RIGHT(C65,2)),"OK","") -> #VALUE! | F65: =CONCATENATE(LEFT(C65,2),D65) -> 4055 | G65: =IF(RIGHT(C65,2)="54",CONCATENATE(LEFT(C65,2),"F9"),IF(RIGHT(C65,2)="55",CONCATENATE(LEFT(C65,2),"G0"),IF(RIGHT(C65,2)="56",CONCATENATE(LEFT(C65,2),"G1"),IF(RIGHT(C65,2)="57",CONCATENATE(LEFT(C65,2),"G2"),IF(RIGHT(C65,2)="58",CONCATENATE(LEFT(C65,2),"G3"),IF(RIGHT(C65,2)="59",CONCATENATE(LEFT(C65,2),"G4"),IF(RIGHT(C65,2)="60",CONCATENATE(LEFT(C65,2),"G5"),IF(RIGHT(C65,2)="61",CONCATENATE(LEFT(C65,2),"G6"),IF(RIGHT(C65,2)="62",CONCATENATE(LEFT(C65,2),"G7"),IF(RIGHT(C65,2)="63",CONCATENATE(LEFT(C65,2),"G8"),IF(RIGHT(C65,2)="64",CONCATENATE(LEFT(C65,2),"G9"),IF(RIGHT(C65,2)="65",CONCATENATE(LEFT(C65,2),"H0"),IF(RIGHT(C65,2)="66",CONCATENATE(LEFT(C65,2),"H1"),IF(RIGHT(C65,2)="67",CONCATENATE(LEFT(C65,2),"H2"),IF(RIGHT(C65,2)="68",CONCATENATE(LEFT(C65,2),"H3"),IF(RIGHT(C65,2)="68",CONCATENATE(LEFT(C65,2),"H4"),C65)))))))))))))))) -> 40G0 | H65: 22 | I65: 55 | J65: 38.66 | K65: 10 | L65: 32.11 | M65: 0 | N65: 0 | O65: 0 | P65: 0 | Q65: 0 | R65: 0 | S65: 0 | T65: 0 | U65: 0 | V65: 0 | W65: 0 | X65: 0 | Y65: 0 | Z65: 0 | AA65: 0 | AB65: 0 | AC65: 0 | AD65: 0 | AE65: 0 | AF65: 0 | AG65: 0 | AH65: 0 | AI65: 0 | AJ65: 0 | AK65: 0 | AL65: 0 | AM65: 0 | AN65: 0 | AO65: 0 | AP65: 0 | AQ65: 0 | AR65: 0 | AS65: 0 | AT65: 0 | AU65: 0 | AV65: 0 | AW65: =IF(A65="",1,"") | AX65: 22 | AY65: 25 | AZ65: 26 | BA65: 0 | BB65: 0 | BC65: 0 | BD65: 0 | BE65: 0 | BF65: 0 | BG65: 0 | BH65: 0 | BI65: German R/V | BJ65: DEN | BK65: No | BL65: 1 | BM65: 0 | BN65: 2.501766 | BP65: 1 | BQ65: 2.501766 | BR65: 2 | BS65: 5536.53 | BT65: 1034.21 | BU65: 4001 | BV65: 5502 | BW65: 5535 | BX65: 1030
A66: V | B66: 22086 | C66: 4055 | D66: =IF(K66=9,54,IF(K66=10,55,IF(K66=11,56,""))) -> 55 | E66: =IF(D66=_xlfn.NUMBERVALUE(RIGHT(C66,2)),"OK","") -> OK | F66: =CONCATENATE(LEFT(C66,2),D66) -> 4055 | G66: =IF(RIGHT(C66,2)="54",CONCATENATE(LEFT(C66,2),"F9"),IF(RIGHT(C66,2)="55",CONCATENATE(LEFT(C66,2),"G0"),IF(RIGHT(C66,2)="56",CONCATENATE(LEFT(C66,2),"G1"),IF(RIGHT(C66,2)="57",CONCATENATE(LEFT(C66,2),"G2"),IF(RIGHT(C66,2)="58",CONCATENATE(LEFT(C66,2),"G3"),IF(RIGHT(C66,2)="59",CONCATENATE(LEFT(C66,2),"G4"),IF(RIGHT(C66,2)="60",CONCATENATE(LEFT(C66,2),"G5"),IF(RIGHT(C66,2)="61",CONCATENATE(LEFT(C66,2),"G6"),IF(RIGHT(C66,2)="62",CONCATENATE(LEFT(C66,2),"G7"),IF(RIGHT(C66,2)="63",CONCATENATE(LEFT(C66,2),"G8"),IF(RIGHT(C66,2)="64",CONCATENATE(LEFT(C66,2),"G9"),IF(RIGHT(C66,2)="65",CONCATENATE(LEFT(C66,2),"H0"),IF(RIGHT(C66,2)="66",CONCATENATE(LEFT(C66,2),"H1"),IF(RIGHT(C66,2)="67",CONCATENATE(LEFT(C66,2),"H2"),IF(RIGHT(C66,2)="68",CONCATENATE(LEFT(C66,2),"H3"),IF(RIGHT(C66,2)="68",CONCATENATE(LEFT(C66,2),"H4"),C66)))))))))))))))) -> 40G0 | H66: 22 | I66: 55 | J66: 35.96 | K66: 10 | L66: 55.36 | M66: 55 | N66: 33.5 | O66: 10 | P66: 54.55 | Q66: 0 | R66: 0 | S66: 0 | T66: 0 | U66: 0 | V66: 0 | W66: 0 | X66: 0 | Y66: 0 | Z66: 0 | AA66: 0 | AB66: 0 | AC66: 0 | AD66: 0 | AE66: 0 | AF66: 0 | AG66: 0 | AH66: 0 | AI66: 0 | AJ66: 0 | AK66: 0 | AL66: 0 | AM66: 0 | AN66: 0 | AO66: 0 | AP66: 0 | AQ66: 0 | AR66: 0 | AS66: 0 | AT66: 0 | AU66: 0 | AV66: 0 | AW66: =IF(A66="",1,"") | AX66: 23 | AY66: 22 | AZ66: 23 | BA66: 0 | BB66: 0 | BC66: 0 | BD66: 0 | BE66: 0 | BF66: 0 | BG66: 0 | BH66: 0 | BI66: German R/V | BJ66: DEN | BK66: No | BL66: 0 | BM66: 1 | BN66: 2.502248 | BP66: 1 | BQ66: 2.502248 | BR66: 2 | BS66: 5535.96 | BT66: 1055.36 | BU66: 4001 | BV66: 5503 | BW66: 5535 | BX66: 1050
A67: V | B67: 22087 | C67: 4055 | D67: =IF(K67=9,54,IF(K67=10,55,IF(K67=11,56,""))) -> 55 | E67: =IF(D67=_xlfn.NUMBERVALUE(RIGHT(C67,2)),"OK","") -> OK | F67: =CONCATENATE(LEFT(C67,2),D67) -> 4055 | G67: =IF(RIGHT(C67,2)="54",CONCATENATE(LEFT(C67,2),"F9"),IF(RIGHT(C67,2)="55",CONCATENATE(LEFT(C67,2),"G0"),IF(RIGHT(C67,2)="56",CONCATENATE(LEFT(C67,2),"G1"),IF(RIGHT(C67,2)="57",CONCATENATE(LEFT(C67,2),"G2"),IF(RIGHT(C67,2)="58",CONCATENATE(LEFT(C67,2),"G3"),IF(RIGHT(C67,2)="59",CONCATENATE(LEFT(C67,2),"G4"),IF(RIGHT(C67,2)="60",CONCATENATE(LEFT(C67,2),"G5"),IF(RIGHT(C67,2)="61",CONCATENATE(LEFT(C67,2),"G6"),IF(RIGHT(C67,2)="62",CONCATENATE(LEFT(C67,2),"G7"),IF(RIGHT(C67,2)="63",CONCATENATE(LEFT(C67,2),"G8"),IF(RIGHT(C67,2)="64",CONCATENATE(LEFT(C67,2),"G9"),IF(RIGHT(C67,2)="65",CONCATENATE(LEFT(C67,2),"H0"),IF(RIGHT(C67,2)="66",CONCATENATE(LEFT(C67,2),"H1"),IF(RIGHT(C67,2)="67",CONCATENATE(LEFT(C67,2),"H2"),IF(RIGHT(C67,2)="68",CONCATENATE(LEFT(C67,2),"H3"),IF(RIGHT(C67,2)="68",CONCATENATE(LEFT(C67,2),"H4"),C67)))))))))))))))) -> 40G0 | H67: 22 | I67: 55 | J67: 33.4 | K67: 10 | L67: 50.3 | M67: 55 | N67: 31.3 | O67: 10 | P67: 51.7 | Q67: 0 | R67: 0 | S67: 0 | T67: 0 | U67: 0 | V67: 0 | W67: 0 | X67: 0 | Y67: 0 | Z67: 0 | AA67: 0 | AB67: 0 | AC67: 0 | AD67: 0 | AE67: 0 | AF67: 0 | AG67: 0 | AH67: 0 | AI67: 0 | AJ67: 0 | AK67: 0 | AL67: 0 | AM67: 0 | AN67: 0 | AO67: 0 | AP67: 0 | AQ67: 0 | AR67: 0 | AS67: 0 | AT67: 0 | AU67: 0 | AV67: 0 | AW67: =IF(A67="",1,"") | AX67: 38 | AY67: 38 | AZ67: 38 | BA67: 0 | BB67: 0 | BC67: 0 | BD67: 0 | BE67: 0 | BF67: 0 | BG67: 0 | BH67: 0 | BI67: Havfisken | BJ67: DEN | BK67: No | BL67: 0 | BM67: 0 | BN67: 2.2444484 | BP67: 1 | BQ67: 2.2444484 | BR67: 2 | BS67: 5533.4 | BT67: 1050.3 | BU67: 4001 | BV67: 5503 | BW67: 5535 | BX67: 1050
A68: V | B68: 22089 | C68: 4055 | D68: =IF(K68=9,54,IF(K68=10,55,IF(K68=11,56,""))) -> 55 | E68: =IF(D68=_xlfn.NUMBERVALUE(RIGHT(C68,2)),"OK","") -> OK | F68: =CONCATENATE(LEFT(C68,2),D68) -> 4055 | G68: =IF(RIGHT(C68,2)="54",CONCATENATE(LEFT(C68,2),"F9"),IF(RIGHT(C68,2)="55",CONCATENATE(LEFT(C68,2),"G0"),IF(RIGHT(C68,2)="56",CONCATENATE(LEFT(C68,2),"G1"),IF(RIGHT(C68,2)="57",CONCATENATE(LEFT(C68,2),"G2"),IF(RIGHT(C68,2)="58",CONCATENATE(LEFT(C68,2),"G3"),IF(RIGHT(C68,2)="59",CONCATENATE(LEFT(C68,2),"G4"),IF(RIGHT(C68,2)="60",CONCATENATE(LEFT(C68,2),"G5"),IF(RIGHT(C68,2)="61",CONCATENATE(LEFT(C68,2),"G6"),IF(RIGHT(C68,2)="62",CONCATENATE(LEFT(C68,2),"G7"),IF(RIGHT(C68,2)="63",CONCATENATE(LEFT(C68,2),"G8"),IF(RIGHT(C68,2)="64",CONCATENATE(LEFT(C68,2),"G9"),IF(RIGHT(C68,2)="65",CONCATENATE(LEFT(C68,2),"H0"),IF(RIGHT(C68,2)="66",CONCATENATE(LEFT(C68,2),"H1"),IF(RIGHT(C68,2)="67",CONCATENATE(LEFT(C68,2),"H2"),IF(RIGHT(C68,2)="68",CONCATENATE(LEFT(C68,2),"H3"),IF(RIGHT(C68,2)="68",CONCATENATE(LEFT(C68,2),"H4"),C68)))))))))))))))) -> 40G0 | H68: 22 | I68: 55 | J68: 41.7 | K68: 10 | L68: 13.2 | M68: 55 | N68: 42.2 | O68: 10 | P68: 9.4 | Q68: 0 | R68: 0 | S68: 0 | T68: 0 | U68: 0 | V68: 0 | W68: 0 | X68: 0 | Y68: 0 | Z68: 0 | AA68: 0 | AB68: 0 | AC68: 0 | AD68: 0 | AE68: 0 | AF68: 0 | AG68: 0 | AH68: 0 | AI68: 0 | AJ68: 0 | AK68: 0 | AL68: 0 | AM68: 0 | AN68: 0 | AO68: 0 | AP68: 0 | AQ68: 0 | AR68: 0 | AS68: 0 | AT68: 0 | AU68: 0 | AV68: 0 | AW68: =IF(A68="",1,"") | AX68: 21 | AY68: 21 | AZ68: 21 | BA68: 0 | BB68: 0 | BC68: 0 | BD68: 0 | BE68: 0 | BF68: 0 | BG68: 0 | BH68: 0 | BI68: Havfisken | BJ68: DEN | BK68: No | BL68: 0 | BM68: 1 | BN68: 2.1990418 | BP68: 1 | BQ68: 2.1990418 | BR68: 2 | BS68: 5541.7 | BT68: 1013.2 | BU68: 4002 | BV68: 5501 | BW68: 5545 | BX68: 1010
A69: V | B69: 22090 | C69: 40G0 | D69: =IF(K69=9,54,IF(K69=10,55,IF(K69=11,56,""))) -> 55 | E69: =IF(D69=_xlfn.NUMBERVALUE(RIGHT(C69,2)),"OK","") -> #VALUE! | F69: =CONCATENATE(LEFT(C69,2),D69) -> 4055 | G69: =IF(RIGHT(C69,2)="54",CONCATENATE(LEFT(C69,2),"F9"),IF(RIGHT(C69,2)="55",CONCATENATE(LEFT(C69,2),"G0"),IF(RIGHT(C69,2)="56",CONCATENATE(LEFT(C69,2),"G1"),IF(RIGHT(C69,2)="57",CONCATENATE(LEFT(C69,2),"G2"),IF(RIGHT(C69,2)="58",CONCATENATE(LEFT(C69,2),"G3"),IF(RIGHT(C69,2)="59",CONCATENATE(LEFT(C69,2),"G4"),IF(RIGHT(C69,2)="60",CONCATENATE(LEFT(C69,2),"G5"),IF(RIGHT(C69,2)="61",CONCATENATE(LEFT(C69,2),"G6"),IF(RIGHT(C69,2)="62",CONCATENATE(LEFT(C69,2),"G7"),IF(RIGHT(C69,2)="63",CONCATENATE(LEFT(C69,2),"G8"),IF(RIGHT(C69,2)="64",CONCATENATE(LEFT(C69,2),"G9"),IF(RIGHT(C69,2)="65",CONCATENATE(LEFT(C69,2),"H0"),IF(RIGHT(C69,2)="66",CONCATENATE(LEFT(C69,2),"H1"),IF(RIGHT(C69,2)="67",CONCATENATE(LEFT(C69,2),"H2"),IF(RIGHT(C69,2)="68",CONCATENATE(LEFT(C69,2),"H3"),IF(RIGHT(C69,2)="68",CONCATENATE(LEFT(C69,2),"H4"),C69)))))))))))))))) -> 40G0 | H69: 22 | I69: 55 | J69: 42.3 | K69: 10 | L69: 27.8 | M69: 0 | N69: 0 | O69: 0 | P69: 0 | Q69: 0 | R69: 0 | S69: 0 | T69: 0 | U69: 0 | V69: 0 | W69: 0 | X69: 0 | Y69: 0 | Z69: 0 | AA69: 0 | AB69: 0 | AC69: 0 | AD69: 0 | AE69: 0 | AF69: 0 | AG69: 0 | AH69: 0 | AI69: 0 | AJ69: 0 | AK69: 0 | AL69: 0 | AM69: 0 | AN69: 0 | AO69: 0 | AP69: 0 | AQ69: 0 | AR69: 0 | AS69: 0 | AT69: 0 | AU69: 0 | AV69: 0 | AW69: =IF(A69="",1,"") | AX69: 23 | AY69: 23 | AZ69: 23 | BA69: 0 | BB69: 0 | BC69: 0 | BD69: 0 | BE69: 0 | BF69: 0 | BG69: 0 | BH69: 0 | BI69: Havfisken | BJ69: DEN | BK69: No | BL69: 0 | BM69: 1 | BN69: 2.2538646 | BP69: 1 | BQ69: 2.2538646 | BR69: 2 | BS69: 5542.3 | BT69: 1027.8 | BU69: 4002 | BV69: 5502 | BW69: 5545 | BX69: 1030
A70: V | B70: 22091 | C70: 4055 | D70: =IF(K70=9,54,IF(K70=10,55,IF(K70=11,56,""))) -> 55 | E70: =IF(D70=_xlfn.NUMBERVALUE(RIGHT(C70,2)),"OK","") -> OK | F70: =CONCATENATE(LEFT(C70,2),D70) -> 4055 | G70: =IF(RIGHT(C70,2)="54",CONCATENATE(LEFT(C70,2),"F9"),IF(RIGHT(C70,2)="55",CONCATENATE(LEFT(C70,2),"G0"),IF(RIGHT(C70,2)="56",CONCATENATE(LEFT(C70,2),"G1"),IF(RIGHT(C70,2)="57",CONCATENATE(LEFT(C70,2),"G2"),IF(RIGHT(C70,2)="58",CONCATENATE(LEFT(C70,2),"G3"),IF(RIGHT(C70,2)="59",CONCATENATE(LEFT(C70,2),"G4"),IF(RIGHT(C70,2)="60",CONCATENATE(LEFT(C70,2),"G5"),IF(RIGHT(C70,2)="61",CONCATENATE(LEFT(C70,2),"G6"),IF(RIGHT(C70,2)="62",CONCATENATE(LEFT(C70,2),"G7"),IF(RIGHT(C70,2)="63",CONCATENATE(LEFT(C70,2),"G8"),IF(RIGHT(C70,2)="64",CONCATENATE(LEFT(C70,2),"G9"),IF(RIGHT(C70,2)="65",CONCATENATE(LEFT(C70,2),"H0"),IF(RIGHT(C70,2)="66",CONCATENATE(LEFT(C70,2),"H1"),IF(RIGHT(C70,2)="67",CONCATENATE(LEFT(C70,2),"H2"),IF(RIGHT(C70,2)="68",CONCATENATE(LEFT(C70,2),"H3"),IF(RIGHT(C70,2)="68",CONCATENATE(LEFT(C70,2),"H4"),C70)))))))))))))))) -> 40G0 | H70: 22 | I70: 55 | J70: 43.32 | K70: 10 | L70: 38.2 | M70: 55 | N70: 43.05 | O70: 10 | P70: 33.79 | Q70: 0 | R70: 0 | S70: 0 | T70: 0 | U70: 0 | V70: 0 | W70: 0 | X70: 0 | Y70: 0 | Z70: 0 | AA70: 0 | AB70: 0 | AC70: 0 | AD70: 0 | AE70: 0 | AF70: 0 | AG70: 0 | AH70: 0 | AI70: 0 | AJ70: 0 | AK70: 0 | AL70: 0 | AM70: 0 | AN70: 0 | AO70: 0 | AP70: 0 | AQ70: 0 | AR70: 0 | AS70: 0 | AT70: 0 | AU70: 0 | AV70: 0 | AW70: =IF(A70="",1,"") | AX70: 21 | AY70: 23 | AZ70: 23 | BA70: 0 | BB70: 0 | BC70: 0 | BD70: 0 | BE70: 0 | BF70: 0 | BG70: 0 | BH70: 0 | BI70: German R/V | BJ70: DEN | BK70: No | BL70: 0 | BM70: 1 | BN70: 2.4985253 | BP70: 1 | BQ70: 2.4985253 | BR70: 2 | BS70: 5543.32 | BT70: 1038.2 | BU70: 4002 | BV70: 5502 | BW70: 5545 | BX70: 1030
A71: V | B71: 22092 | C71: 4055 | D71: =IF(K71=9,54,IF(K71=10,55,IF(K71=11,56,""))) -> 55 | E71: =IF(D71=_xlfn.NUMBERVALUE(RIGHT(C71,2)),"OK","") -> OK | F71: =CONCATENATE(LEFT(C71,2),D71) -> 4055 | G71: =IF(RIGHT(C71,2)="54",CONCATENATE(LEFT(C71,2),"F9"),IF(RIGHT(C71,2)="55",CONCATENATE(LEFT(C71,2),"G0"),IF(RIGHT(C71,2)="56",CONCATENATE(LEFT(C71,2),"G1"),IF(RIGHT(C71,2)="57",CONCATENATE(LEFT(C71,2),"G2"),IF(RIGHT(C71,2)="58",CONCATENATE(LEFT(C71,2),"G3"),IF(RIGHT(C71,2)="59",CONCATENATE(LEFT(C71,2),"G4"),IF(RIGHT(C71,2)="60",CONCATENATE(LEFT(C71,2),"G5"),IF(RIGHT(C71,2)="61",CONCATENATE(LEFT(C71,2),"G6"),IF(RIGHT(C71,2)="62",CONCATENATE(LEFT(C71,2),"G7"),IF(RIGHT(C71,2)="63",CONCATENATE(LEFT(C71,2),"G8"),IF(RIGHT(C71,2)="64",CONCATENATE(LEFT(C71,2),"G9"),IF(RIGHT(C71,2)="65",CONCATENATE(LEFT(C71,2),"H0"),IF(RIGHT(C71,2)="66",CONCATENATE(LEFT(C71,2),"H1"),IF(RIGHT(C71,2)="67",CONCATENATE(LEFT(C71,2),"H2"),IF(RIGHT(C71,2)="68",CONCATENATE(LEFT(C71,2),"H3"),IF(RIGHT(C71,2)="68",CONCATENATE(LEFT(C71,2),"H4"),C71)))))))))))))))) -> 40G0 | H71: 22 | I71: 55 | J71: 49.8 | K71: 10 | L71: 49.2 | M71: 55 | N71: 47.5 | O71: 10 | P71: 50.3 | Q71: 0 | R71: 0 | S71: 0 | T71: 0 | U71: 0 | V71: 0 | W71: 0 | X71: 0 | Y71: 0 | Z71: 0 | AA71: 0 | AB71: 0 | AC71: 0 | AD71: 0 | AE71: 0 | AF71: 0 | AG71: 0 | AH71: 0 | AI71: 0 | AJ71: 0 | AK71: 0 | AL71: 0 | AM71: 0 | AN71: 0 | AO71: 0 | AP71: 0 | AQ71: 0 | AR71: 0 | AS71: 0 | AT71: 0 | AU71: 0 | AV71: 0 | AW71: =IF(A71="",1,"") | AX71: 38 | AY71: 38 | AZ71: 38 | BA71: 0 | BB71: 0 | BC71: 0 | BD71: 0 | BE71: 0 | BF71: 0 | BG71: 0 | BH71: 0 | BI71: Havfisken | BJ71: DEN | BK71: No | BL71: 0 | BM71: 0 | BN71: 2.3816112 | BP71: 1 | BQ71: 2.3816112 | BR71: 2 | BS71: 5549.8 | BT71: 1049.2 | BU71: 4002 | BV71: 5503 | BW71: 5545 | BX71: 1050
A72: V | B72: 22094 | C72: 41G0 | D72: =IF(K72=9,54,IF(K72=10,55,IF(K72=11,56,""))) -> 55 | E72: =IF(D72=_xlfn.NUMBERVALUE(RIGHT(C72,2)),"OK","") -> #VALUE! | F72: =CONCATENATE(LEFT(C72,2),D72) -> 4155 | G72: =IF(RIGHT(C72,2)="54",CONCATENATE(LEFT(C72,2),"F9"),IF(RIGHT(C72,2)="55",CONCATENATE(LEFT(C72,2),"G0"),IF(RIGHT(C72,2)="56",CONCATENATE(LEFT(C72,2),"G1"),IF(RIGHT(C72,2)="57",CONCATENATE(LEFT(C72,2),"G2"),IF(RIGHT(C72,2)="58",CONCATENATE(LEFT(C72,2),"G3"),IF(RIGHT(C72,2)="59",CONCATENATE(LEFT(C72,2),"G4"),IF(RIGHT(C72,2)="60",CONCATENATE(LEFT(C72,2),"G5"),IF(RIGHT(C72,2)="61",CONCATENATE(LEFT(C72,2),"G6"),IF(RIGHT(C72,2)="62",CONCATENATE(LEFT(C72,2),"G7"),IF(RIGHT(C72,2)="63",CONCATENATE(LEFT(C72,2),"G8"),IF(RIGHT(C72,2)="64",CONCATENATE(LEFT(C72,2),"G9"),IF(RIGHT(C72,2)="65",CONCATENATE(LEFT(C72,2),"H0"),IF(RIGHT(C72,2)="66",CONCATENATE(LEFT(C72,2),"H1"),IF(RIGHT(C72,2)="67",CONCATENATE(LEFT(C72,2),"H2"),IF(RIGHT(C72,2)="68",CONCATENATE(LEFT(C72,2),"H3"),IF(RIGHT(C72,2)="68",CONCATENATE(LEFT(C72,2),"H4"),C72)))))))))))))))) -> 41G0 | H72: 22 | I72: 56 | J72: 2.6 | K72: 10 | L72: 55.6 | M72: 0 | N72: 0 | O72: 0 | P72: 0 | Q72: 0 | R72: 0 | S72: 0 | T72: 0 | U72: 0 | V72: 0 | W72: 0 | X72: 0 | Y72: 0 | Z72: 0 | AA72: 0 | AB72: 0 | AC72: 0 | AD72: 0 | AE72: 0 | AF72: 0 | AG72: 0 | AH72: 0 | AI72: 0 | AJ72: 0 | AK72: 0 | AL72: 0 | AM72: 0 | AN72: 0 | AO72: 0 | AP72: 0 | AQ72: 0 | AR72: 0 | AS72: 0 | AT72: 0 | AU72: 0 | AV72: 0 | AW72: =IF(A72="",1,"") | AX72: 23 | AY72: 23 | AZ72: 23 | BA72: 0 | BB72: 0 | BC72: 0 | BD72: 0 | BE72: 0 | BF72: 0 | BG72: 0 | BH72: 0 | BI72: Havfisken | BJ72: DEN | BK72: No | BL72: 0 | BM72: 0 | BN72: 2.288425 | BP72: 1 | BQ72: 2.288425 | BR72: 2 | BS72: 5602.6 | BT72: 1055.6 | BU72: 4101 | BV72: 5503 | BW72: 5605 | BX72: 1050
A73: V | B73: 22100 | C73: 40G0 | D73: =IF(K73=9,54,IF(K73=10,55,IF(K73=11,56,""))) -> 55 | E73: =IF(D73=_xlfn.NUMBERVALUE(RIGHT(C73,2)),"OK","") -> #VALUE! | F73: =CONCATENATE(LEFT(C73,2),D73) -> 4055 | G73: =IF(RIGHT(C73,2)="54",CONCATENATE(LEFT(C73,2),"F9"),IF(RIGHT(C73,2)="55",CONCATENATE(LEFT(C73,2),"G0"),IF(RIGHT(C73,2)="56",CONCATENATE(LEFT(C73,2),"G1"),IF(RIGHT(C73,2)="57",CONCATENATE(LEFT(C73,2),"G2"),IF(RIGHT(C73,2)="58",CONCATENATE(LEFT(C73,2),"G3"),IF(RIGHT(C73,2)="59",CONCATENATE(LEFT(C73,2),"G4"),IF(RIGHT(C73,2)="60",CONCATENATE(LEFT(C73,2),"G5"),IF(RIGHT(C73,2)="61",CONCATENATE(LEFT(C73,2),"G6"),IF(RIGHT(C73,2)="62",CONCATENATE(LEFT(C73,2),"G7"),IF(RIGHT(C73,2)="63",CONCATENATE(LEFT(C73,2),"G8"),IF(RIGHT(C73,2)="64",CONCATENATE(LEFT(C73,2),"G9"),IF(RIGHT(C73,2)="65",CONCATENATE(LEFT(C73,2),"H0"),IF(RIGHT(C73,2)="66",CONCATENATE(LEFT(C73,2),"H1"),IF(RIGHT(C73,2)="67",CONCATENATE(LEFT(C73,2),"H2"),IF(RIGHT(C73,2)="68",CONCATENATE(LEFT(C73,2),"H3"),IF(RIGHT(C73,2)="68",CONCATENATE(LEFT(C73,2),"H4"),C73)))))))))))))))) -> 40G0 | H73: 22 | I73: 55 | J73: 42.9 | K73: 10 | L73: 47.2 | M73: 0 | N73: 0 | O73: 0 | P73: 0 | Q73: 0 | R73: 0 | S73: 0 | T73: 0 | U73: 0 | V73: 0 | W73: 0 | X73: 0 | Y73: 0 | Z73: 0 | AA73: 0 | AB73: 0 | AC73: 0 | AD73: 0 | AE73: 0 | AF73: 0 | AG73: 0 | AH73: 0 | AI73: 0 | AJ73: 0 | AK73: 0 | AL73: 0 | AM73: 0 | AN73: 0 | AO73: 0 | AP73: 0 | AQ73: 0 | AR73: 0 | AS73: 0 | AT73: 0 | AU73: 0 | AV73: 0 | AW73: =IF(A73="",1,"") | AX73: 45 | AY73: 45 | AZ73: 45 | BA73: 0 | BB73: 0 | BC73: 0 | BD73: 0 | BE73: 0 | BF73: 0 | BG73: 0 | BH73: 0 | BI73: Havfisken | BJ73: DEN | BK73: No | BL73: 0 | BM73: 1 | BN73: 2.0572912 | BP73: 1 | BQ73: 2.0572912 | BR73: 3 | BS73: 5542.9 | BT73: 1047.2 | BU73: 4002 | BV73: 5503 | BW73: 5545 | BX73: 1050
A74: V | B74: 22102 | C74: 3856 | D74: =IF(K74=9,54,IF(K74=10,55,IF(K74=11,56,""))) -> 56 | E74: =IF(D74=_xlfn.NUMBERVALUE(RIGHT(C74,2)),"OK","") -> OK | F74: =CONCATENATE(LEFT(C74,2),D74) -> 3856 | G74: =IF(RIGHT(C74,2)="54",CONCATENATE(LEFT(C74,2),"F9"),IF(RIGHT(C74,2)="55",CONCATENATE(LEFT(C74,2),"G0"),IF(RIGHT(C74,2)="56",CONCATENATE(LEFT(C74,2),"G1"),IF(RIGHT(C74,2)="57",CONCATENATE(LEFT(C74,2),"G2"),IF(RIGHT(C74,2)="58",CONCATENATE(LEFT(C74,2),"G3"),IF(RIGHT(C74,2)="59",CONCATENATE(LEFT(C74,2),"G4"),IF(RIGHT(C74,2)="60",CONCATENATE(LEFT(C74,2),"G5"),IF(RIGHT(C74,2)="61",CONCATENATE(LEFT(C74,2),"G6"),IF(RIGHT(C74,2)="62",CONCATENATE(LEFT(C74,2),"G7"),IF(RIGHT(C74,2)="63",CONCATENATE(LEFT(C74,2),"G8"),IF(RIGHT(C74,2)="64",CONCATENATE(LEFT(C74,2),"G9"),IF(RIGHT(C74,2)="65",CONCATENATE(LEFT(C74,2),"H0"),IF(RIGHT(C74,2)="66",CONCATENATE(LEFT(C74,2),"H1"),IF(RIGHT(C74,2)="67",CONCATENATE(LEFT(C74,2),"H2"),IF(RIGHT(C74,2)="68",CONCATENATE(LEFT(C74,2),"H3"),IF(RIGHT(C74,2)="68",CONCATENATE(LEFT(C74,2),"H4"),C74)))))))))))))))) -> 38G1 | H74: 22 | I74: 54 | J74: 58.2 | K74: 11 | L74: 1.55 | M74: 54 | N74: 55.99 | O74: 10 | P74: 59.53 | Q74: 0 | R74: 0 | S74: 0 | T74: 0 | U74: 0 | V74: 0 | W74: 0 | X74: 0 | Y74: 0 | Z74: 0 | AA74: 0 | AB74: 0 | AC74: 0 | AD74: 0 | AE74: 0 | AF74: 0 | AG74: 0 | AH74: 0 | AI74: 0 | AJ74: 0 | AK74: 0 | AL74: 0 | AM74: 0 | AN74: 0 | AO74: 0 | AP74: 0 | AQ74: 0 | AR74: 0 | AS74: 0 | AT74: 0 | AU74: 0 | AV74: 0 | AW74: =IF(A74="",1,"") | AX74: 15 | AY74: 14 | AZ74: 14 | BA74: 0 | BB74: 0 | BC74: 0 | BD74: 0 | BE74: 0 | BF74: 0 | BG74: 0 | BH74: 0 | BI74: 22017.02 | BJ74: DEN | BK74: No | BL74: 0 | BM74: 1 | BN74: 2.495947 | BP74: 1 | BQ74: 2.495947 | BR74: 2 | BS74: 5458.2 | BT74: 1101.55 | BU74: 3803 | BV74: 5601 | BW74: 5455 | BX74: 1110
A75: V | B75: 22103 | C75: 39G1 | D75: =IF(K75=9,54,IF(K75=10,55,IF(K75=11,56,""))) -> 56 | E75: =IF(D75=_xlfn.NUMBERVALUE(RIGHT(C75,2)),"OK","") -> #VALUE! | F75: =CONCATENATE(LEFT(C75,2),D75) -> 3956 | G75: =IF(RIGHT(C75,2)="54",CONCATENATE(LEFT(C75,2),"F9"),IF(RIGHT(C75,2)="55",CONCATENATE(LEFT(C75,2),"G0"),IF(RIGHT(C75,2)="56",CONCATENATE(LEFT(C75,2),"G1"),IF(RIGHT(C75,2)="57",CONCATENATE(LEFT(C75,2),"G2"),IF(RIGHT(C75,2)="58",CONCATENATE(LEFT(C75,2),"G3"),IF(RIGHT(C75,2)="59",CONCATENATE(LEFT(C75,2),"G4"),IF(RIGHT(C75,2)="60",CONCATENATE(LEFT(C75,2),"G5"),IF(RIGHT(C75,2)="61",CONCATENATE(LEFT(C75,2),"G6"),IF(RIGHT(C75,2)="62",CONCATENATE(LEFT(C75,2),"G7"),IF(RIGHT(C75,2)="63",CONCATENATE(LEFT(C75,2),"G8"),IF(RIGHT(C75,2)="64",CONCATENATE(LEFT(C75,2),"G9"),IF(RIGHT(C75,2)="65",CONCATENATE(LEFT(C75,2),"H0"),IF(RIGHT(C75,2)="66",CONCATENATE(LEFT(C75,2),"H1"),IF(RIGHT(C75,2)="67",CONCATENATE(LEFT(C75,2),"H2"),IF(RIGHT(C75,2)="68",CONCATENATE(LEFT(C75,2),"H3"),IF(RIGHT(C75,2)="68",CONCATENATE(LEFT(C75,2),"H4"),C75)))))))))))))))) -> 39G1 | H75: 22 | I75: 55 | J75: 3.32 | K75: 11 | L75: 1.82 | M75: 0 | N75: 0 | O75: 0 | P75: 0 | Q75: 0 | R75: 0 | S75: 0 | T75: 0 | U75: 0 | V75: 0 | W75: 0 | X75: 0 | Y75: 0 | Z75: 0 | AA75: 0 | AB75: 0 | AC75: 0 | AD75: 0 | AE75: 0 | AF75: 0 | AG75: 0 | AH75: 0 | AI75: 0 | AJ75: 0 | AK75: 0 | AL75: 0 | AM75: 0 | AN75: 0 | AO75: 0 | AP75: 0 | AQ75: 0 | AR75: 0 | AS75: 0 | AT75: 0 | AU75: 0 | AV75: 0 | AW75: =IF(A75="",1,"") | AX75: 37 | AY75: 32 | AZ75: 33 | BA75: 0 | BB75: 0 | BC75: 0 | BD75: 0 | BE75: 0 | BF75: 0 | BG75: 0 | BH75: 0 | BI75: 22082.02 | BJ75: DEN | BK75: No | BL75: 0 | BM75: 1 | BN75: 2.4952941 | BP75: 1 | BQ75: 2.4952941 | BR75: 2 | BS75: 5504.62 | BT75: 1116.37 | BU75: 3901 | BV75: 5601 | BW75: 5505 | BX75: 1110
A76: V | B76: 22104 | C76: 40G0 | D76: =IF(K76=9,54,IF(K76=10,55,IF(K76=11,56,""))) -> 55 | E76: =IF(D76=_xlfn.NUMBERVALUE(RIGHT(C76,2)),"OK","") -> #VALUE! | F76: =CONCATENATE(LEFT(C76,2),D76) -> 4055 | G76: =IF(RIGHT(C76,2)="54",CONCATENATE(LEFT(C76,2),"F9"),IF(RIGHT(C76,2)="55",CONCATENATE(LEFT(C76,2),"G0"),IF(RIGHT(C76,2)="56",CONCATENATE(LEFT(C76,2),"G1"),IF(RIGHT(C76,2)="57",CONCATENATE(LEFT(C76,2),"G2"),IF(RIGHT(C76,2)="58",CONCATENATE(LEFT(C76,2),"G3"),IF(RIGHT(C76,2)="59",CONCATENATE(LEFT(C76,2),"G4"),IF(RIGHT(C76,2)="60",CONCATENATE(LEFT(C76,2),"G5"),IF(RIGHT(C76,2)="61",CONCATENATE(LEFT(C76,2),"G6"),IF(RIGHT(C76,2)="62",CONCATENATE(LEFT(C76,2),"G7"),IF(RIGHT(C76,2)="63",CONCATENATE(LEFT(C76,2),"G8"),IF(RIGHT(C76,2)="64",CONCATENATE(LEFT(C76,2),"G9"),IF(RIGHT(C76,2)="65",CONCATENATE(LEFT(C76,2),"H0"),IF(RIGHT(C76,2)="66",CONCATENATE(LEFT(C76,2),"H1"),IF(RIGHT(C76,2)="67",CONCATENATE(LEFT(C76,2),"H2"),IF(RIGHT(C76,2)="68",CONCATENATE(LEFT(C76,2),"H3"),IF(RIGHT(C76,2)="68",CONCATENATE(LEFT(C76,2),"H4"),C76)))))))))))))))) -> 40G0 | H76: 22 | I76: 55 | J76: 34.43 | K76: 10 | L76: 54.66 | M76: 0 | N76: 0 | O76: 0 | P76: 0 | Q76: 0 | R76: 0 | S76: 0 | T76: 0 | U76: 0 | V76: 0 | W76: 0 | X76: 0 | Y76: 0 | Z76: 0 | AA76: 0 | AB76: 0 | AC76: 0 | AD76: 0 | AE76: 0 | AF76: 0 | AG76: 0 | AH76: 0 | AI76: 0 | AJ76: 0 | AK76: 0 | AL76: 0 | AM76: 0 | AN76: 0 | AO76: 0 | AP76: 0 | AQ76: 0 | AR76: 0 | AS76: 0 | AT76: 0 | AU76: 0 | AV76: 0 | AW76: =IF(A76="",1,"") | AX76: 22 | AY76: 26 | AZ76: 27 | BA76: 0 | BB76: 0 | BC76: 0 | BD76: 0 | BE76: 0 | BF76: 0 | BG76: 0 | BH76: 0 | BI76: 22085.02 | BJ76: DEN | BK76: No | BL76: 0 | BM76: 0 | BN76: 2.4909904 | BP76: 1 | BQ76: 2.4909904 | BR76: 2 | BS76: 5534.45 | BT76: 1036.67 | BU76: 4001 | BV76: 5502 | BW76: 5535 | BX76: 1030
A77: V | B77: 22105 | C77: 3855 | D77: =IF(K77=9,54,IF(K77=10,55,IF(K77=11,56,""))) -> 55 | E77: =IF(D77=_xlfn.NUMBERVALUE(RIGHT(C77,2)),"OK","") -> OK | F77: =CONCATENATE(LEFT(C77,2),D77) -> 3855 | G77: =IF(RIGHT(C77,2)="54",CONCATENATE(LEFT(C77,2),"F9"),IF(RIGHT(C77,2)="55",CONCATENATE(LEFT(C77,2),"G0"),IF(RIGHT(C77,2)="56",CONCATENATE(LEFT(C77,2),"G1"),IF(RIGHT(C77,2)="57",CONCATENATE(LEFT(C77,2),"G2"),IF(RIGHT(C77,2)="58",CONCATENATE(LEFT(C77,2),"G3"),IF(RIGHT(C77,2)="59",CONCATENATE(LEFT(C77,2),"G4"),IF(RIGHT(C77,2)="60",CONCATENATE(LEFT(C77,2),"G5"),IF(RIGHT(C77,2)="61",CONCATENATE(LEFT(C77,2),"G6"),IF(RIGHT(C77,2)="62",CONCATENATE(LEFT(C77,2),"G7"),IF(RIGHT(C77,2)="63",CONCATENATE(LEFT(C77,2),"G8"),IF(RIGHT(C77,2)="64",CONCATENATE(LEFT(C77,2),"G9"),IF(RIGHT(C77,2)="65",CONCATENATE(LEFT(C77,2),"H0"),IF(RIGHT(C77,2)="66",CONCATENATE(LEFT(C77,2),"H1"),IF(RIGHT(C77,2)="67",CONCATENATE(LEFT(C77,2),"H2"),IF(RIGHT(C77,2)="68",CONCATENATE(LEFT(C77,2),"H3"),IF(RIGHT(C77,2)="68",CONCATENATE(LEFT(C77,2),"H4"),C77)))))))))))))))) -> 38G0 | H77: 22 | I77: 54 | J77: 55.99 | K77: 10 | L77: 59.53 | M77: 54 | N77: 53.77 | O77: 10 | P77: 57.5 | Q77: 0 | R77: 0 | S77: 0 | T77: 0 | U77: 0 | V77: 0 | W77: 0 | X77: 0 | Y77: 0 | Z77: 0 | AA77: 0 | AB77: 0 | AC77: 0 | AD77: 0 | AE77: 0 | AF77: 0 | AG77: 0 | AH77: 0 | AI77: 0 | AJ77: 0 | AK77: 0 | AL77: 0 | AM77: 0 | AN77: 0 | AO77: 0 | AP77: 0 | AQ77: 0 | AR77: 0 | AS77: 0 | AT77: 0 | AU77: 0 | AV77: 0 | AW77: =IF(A77="",1,"") | AX77: 15 | AY77: 14 | AZ77: 14 | BA77: 0 | BB77: 0 | BC77: 0 | BD77: 0 | BE77: 0 | BF77: 0 | BG77: 0 | BH77: 0 | BI77: 22017.03 | BJ77: DEN | BK77: No | BL77: 0 | BM77: 1 | BN77: 2.5079682 | BP77: 1 | BQ77: 2.5079682 | BR77: 2 | BS77: 5455.99 | BT77: 1059.53 | BU77: 3803 | BV77: 5503 | BW77: 5455 | BX77: 1050
A78: V | B78: 22106 | C78: 4055 | D78: =IF(K78=9,54,IF(K78=10,55,IF(K78=11,56,""))) -> 55 | E78: =IF(D78=_xlfn.NUMBERVALUE(RIGHT(C78,2)),"OK","") -> OK | F78: =CONCATENATE(LEFT(C78,2),D78) -> 4055 | G78: =IF(RIGHT(C78,2)="54",CONCATENATE(LEFT(C78,2),"F9"),IF(RIGHT(C78,2)="55",CONCATENATE(LEFT(C78,2),"G0"),IF(RIGHT(C78,2)="56",CONCATENATE(LEFT(C78,2),"G1"),IF(RIGHT(C78,2)="57",CONCATENATE(LEFT(C78,2),"G2"),IF(RIGHT(C78,2)="58",CONCATENATE(LEFT(C78,2),"G3"),IF(RIGHT(C78,2)="59",CONCATENATE(LEFT(C78,2),"G4"),IF(RIGHT(C78,2)="60",CONCATENATE(LEFT(C78,2),"G5"),IF(RIGHT(C78,2)="61",CONCATENATE(LEFT(C78,2),"G6"),IF(RIGHT(C78,2)="62",CONCATENATE(LEFT(C78,2),"G7"),IF(RIGHT(C78,2)="63",CONCATENATE(LEFT(C78,2),"G8"),IF(RIGHT(C78,2)="64",CONCATENATE(LEFT(C78,2),"G9"),IF(RIGHT(C78,2)="65",CONCATENATE(LEFT(C78,2),"H0"),IF(RIGHT(C78,2)="66",CONCATENATE(LEFT(C78,2),"H1"),IF(RIGHT(C78,2)="67",CONCATENATE(LEFT(C78,2),"H2"),IF(RIGHT(C78,2)="68",CONCATENATE(LEFT(C78,2),"H3"),IF(RIGHT(C78,2)="68",CONCATENATE(LEFT(C78,2),"H4"),C78)))))))))))))))) -> 40G0 | H78: 22 | I78: 55 | J78: 38.61 | K78: 10 | L78: 11.86 | M78: 55 | N78: 38.19 | O78: 10 | P78: 16.23 | Q78: 0 | R78: 0 | S78: 0 | T78: 0 | U78: 0 | V78: 0 | W78: 0 | X78: 0 | Y78: 0 | Z78: 0 | AA78: 0 | AB78: 0 | AC78: 0 | AD78: 0 | AE78: 0 | AF78: 0 | AG78: 0 | AH78: 0 | AI78: 0 | AJ78: 0 | AK78: 0 | AL78: 0 | AM78: 0 | AN78: 0 | AO78: 0 | AP78: 0 | AQ78: 0 | AR78: 0 | AS78: 0 | AT78: 0 | AU78: 0 | AV78: 0 | AW78: =IF(A78="",1,"") | AX78: 18 | AY78: 16 | AZ78: 16 | BA78: 0 | BB78: 0 | BC78: 0 | BD78: 0 | BE78: 0 | BF78: 0 | BG78: 0 | BH78: 0 | BI78: 22028.03 | BJ78: DEN | BK78: No | BL78: 0 | BM78: 0 | BN78: 2.501893 | BP78: 1 | BQ78: 2.501893 | BR78: 2 | BS78: 5538.61 | BT78: 1011.86 | BU78: 4001 | BV78: 5501 | BW78: 5535 | BX78: 1010
A79: V | B79: 22108 | C79: 3755 | D79: =IF(K79=9,54,IF(K79=10,55,IF(K79=11,56,""))) -> 55 | E79: =IF(D79=_xlfn.NUMBERVALUE(RIGHT(C79,2)),"OK","") -> OK | F79: =CONCATENATE(LEFT(C79,2),D79) -> 3755 | G79: =IF(RIGHT(C79,2)="54",CONCATENATE(LEFT(C79,2),"F9"),IF(RIGHT(C79,2)="55",CONCATENATE(LEFT(C79,2),"G0"),IF(RIGHT(C79,2)="56",CONCATENATE(LEFT(C79,2),"G1"),IF(RIGHT(C79,2)="57",CONCATENATE(LEFT(C79,2),"G2"),IF(RIGHT(C79,2)="58",CONCATENATE(LEFT(C79,2),"G3"),IF(RIGHT(C79,2)="59",CONCATENATE(LEFT(C79,2),"G4"),IF(RIGHT(C79,2)="60",CONCATENATE(LEFT(C79,2),"G5"),IF(RIGHT(C79,2)="61",CONCATENATE(LEFT(C79,2),"G6"),IF(RIGHT(C79,2)="62",CONCATENATE(LEFT(C79,2),"G7"),IF(RIGHT(C79,2)="63",CONCATENATE(LEFT(C79,2),"G8"),IF(RIGHT(C79,2)="64",CONCATENATE(LEFT(C79,2),"G9"),IF(RIGHT(C79,2)="65",CONCATENATE(LEFT(C79,2),"H0"),IF(RIGHT(C79,2)="66",CONCATENATE(LEFT(C79,2),"H1"),IF(RIGHT(C79,2)="67",CONCATENATE(LEFT(C79,2),"H2"),IF(RIGHT(C79,2)="68",CONCATENATE(LEFT(C79,2),"H3"),IF(RIGHT(C79,2)="68",CONCATENATE(LEFT(C79,2),"H4"),C79)))))))))))))))) -> 37G0 | H79: 22 | I79: 54 | J79: 27.4 | K79: 10 | L79: 39.86 | M79: 54 | N79: 29.9 | O79: 10 | P79: 39.71 | Q79: 0 | R79: 0 | S79: 0 | T79: 0 | U79: 0 | V79: 0 | W79: 0 | X79: 0 | Y79: 0 | Z79: 0 | AA79: 0 | AB79: 0 | AC79: 0 | AD79: 0 | AE79: 0 | AF79: 0 | AG79: 0 | AH79: 0 | AI79: 0 | AJ79: 0 | AK79: 0 | AL79: 0 | AM79: 0 | AN79: 0 | AO79: 0 | AP79: 0 | AQ79: 0 | AR79: 0 | AS79: 0 | AT79: 0 | AU79: 0 | AV79: 0 | AW79: =IF(A79="",1,"") | AX79: 22 | AY79: 21 | AZ79: 21 | BA79: 0 | BB79: 0 | BC79: 0 | BD79: 0 | BE79: 0 | BF79: 0 | BG79: 0 | BH79: 0 | BI79: 22055.03 | BJ79: GFR | BK79: No | BL79: 0 | BM79: 1 | BN79: 2.5015187 | BP79: 2 | BQ79: 2.5015187 | BR79: 2 | BS79: 5427.4 | BT79: 1039.86 | BU79: 3703 | BV79: 5502 | BW79: 5425 | BX79: 1030
A80: V | B80: 22111 | C80: 3855 | D80: =IF(K80=9,54,IF(K80=10,55,IF(K80=11,56,""))) -> 55 | E80: =IF(D80=_xlfn.NUMBERVALUE(RIGHT(C80,2)),"OK","") -> OK | F80: =CONCATENATE(LEFT(C80,2),D80) -> 3855 | G80: =IF(RIGHT(C80,2)="54",CONCATENATE(LEFT(C80,2),"F9"),IF(RIGHT(C80,2)="55",CONCATENATE(LEFT(C80,2),"G0"),IF(RIGHT(C80,2)="56",CONCATENATE(LEFT(C80,2),"G1"),IF(RIGHT(C80,2)="57",CONCATENATE(LEFT(C80,2),"G2"),IF(RIGHT(C80,2)="58",CONCATENATE(LEFT(C80,2),"G3"),IF(RIGHT(C80,2)="59",CONCATENATE(LEFT(C80,2),"G4"),IF(RIGHT(C80,2)="60",CONCATENATE(LEFT(C80,2),"G5"),IF(RIGHT(C80,2)="61",CONCATENATE(LEFT(C80,2),"G6"),IF(RIGHT(C80,2)="62",CONCATENATE(LEFT(C80,2),"G7"),IF(RIGHT(C80,2)="63",CONCATENATE(LEFT(C80,2),"G8"),IF(RIGHT(C80,2)="64",CONCATENATE(LEFT(C80,2),"G9"),IF(RIGHT(C80,2)="65",CONCATENATE(LEFT(C80,2),"H0"),IF(RIGHT(C80,2)="66",CONCATENATE(LEFT(C80,2),"H1"),IF(RIGHT(C80,2)="67",CONCATENATE(LEFT(C80,2),"H2"),IF(RIGHT(C80,2)="68",CONCATENATE(LEFT(C80,2),"H3"),IF(RIGHT(C80,2)="68",CONCATENATE(LEFT(C80,2),"H4"),C80)))))))))))))))) -> 38G0 | H80: 22 | I80: 54 | J80: 54.83 | K80: 10 | L80: 3.2 | M80: 54 | N80: 52.38 | O80: 10 | P80: 4.09 | Q80: 0 | R80: 0 | S80: 0 | T80: 0 | U80: 0 | V80: 0 | W80: 0 | X80: 0 | Y80: 0 | Z80: 0 | AA80: 0 | AB80: 0 | AC80: 0 | AD80: 0 | AE80: 0 | AF80: 0 | AG80: 0 | AH80: 0 | AI80: 0 | AJ80: 0 | AK80: 0 | AL80: 0 | AM80: 0 | AN80: 0 | AO80: 0 | AP80: 0 | AQ80: 0 | AR80: 0 | AS80: 0 | AT80: 0 | AU80: 0 | AV80: 0 | AW80: =IF(A80="",1,"") | AX80: 31 | AY80: 26 | AZ80: 28 | BA80: 0 | BB80: 0 | BC80: 0 | BD80: 0 | BE80: 0 | BF80: 0 | BG80: 0 | BH80: 0 | BI80: 22079.03 | BJ80: DEN | BK80: No | BL80: 0 | BM80: 0 | BN80: 2.502894 | BP80: 1 | BQ80: 2.502894 | BR80: 2 | BS80: 5454.83 | BT80: 1003.2 | BU80: 3803 | BV80: 5501 | BW80: 5455 | BX80: 1010
A81: V | B81: 22112 | C81: 4055 | D81: =IF(K81=9,54,IF(K81=10,55,IF(K81=11,56,""))) -> 55 | E81: =IF(D81=_xlfn.NUMBERVALUE(RIGHT(C81,2)),"OK","") -> OK | F81: =CONCATENATE(LEFT(C81,2),D81) -> 4055 | G81: =IF(RIGHT(C81,2)="54",CONCATENATE(LEFT(C81,2),"F9"),IF(RIGHT(C81,2)="55",CONCATENATE(LEFT(C81,2),"G0"),IF(RIGHT(C81,2)="56",CONCATENATE(LEFT(C81,2),"G1"),IF(RIGHT(C81,2)="57",CONCATENATE(LEFT(C81,2),"G2"),IF(RIGHT(C81,2)="58",CONCATENATE(LEFT(C81,2),"G3"),IF(RIGHT(C81,2)="59",CONCATENATE(LEFT(C81,2),"G4"),IF(RIGHT(C81,2)="60",CONCATENATE(LEFT(C81,2),"G5"),IF(RIGHT(C81,2)="61",CONCATENATE(LEFT(C81,2),"G6"),IF(RIGHT(C81,2)="62",CONCATENATE(LEFT(C81,2),"G7"),IF(RIGHT(C81,2)="63",CONCATENATE(LEFT(C81,2),"G8"),IF(RIGHT(C81,2)="64",CONCATENATE(LEFT(C81,2),"G9"),IF(RIGHT(C81,2)="65",CONCATENATE(LEFT(C81,2),"H0"),IF(RIGHT(C81,2)="66",CONCATENATE(LEFT(C81,2),"H1"),IF(RIGHT(C81,2)="67",CONCATENATE(LEFT(C81,2),"H2"),IF(RIGHT(C81,2)="68",CONCATENATE(LEFT(C81,2),"H3"),IF(RIGHT(C81,2)="68",CONCATENATE(LEFT(C81,2),"H4"),C81)))))))))))))))) -> 40G0 | H81: 22 | I81: 55 | J81: 39.63 | K81: 10 | L81: 23.84 | M81: 55 | N81: 39.11 | O81: 10 | P81: 28.17 | Q81: 0 | R81: 0 | S81: 0 | T81: 0 | U81: 0 | V81: 0 | W81: 0 | X81: 0 | Y81: 0 | Z81: 0 | AA81: 0 | AB81: 0 | AC81: 0 | AD81: 0 | AE81: 0 | AF81: 0 | AG81: 0 | AH81: 0 | AI81: 0 | AJ81: 0 | AK81: 0 | AL81: 0 | AM81: 0 | AN81: 0 | AO81: 0 | AP81: 0 | AQ81: 0 | AR81: 0 | AS81: 0 | AT81: 0 | AU81: 0 | AV81: 0 | AW81: =IF(A81="",1,"") | AX81: 25 | AY81: 27 | AZ81: 28 | BA81: 0 | BB81: 0 | BC81: 0 | BD81: 0 | BE81: 0 | BF81: 0 | BG81: 0 | BH81: 0 | BI81: 22088.03 | BJ81: DEN | BK81: No | BL81: 0 | BM81: 0 | BN81: 2.4975366 | BP81: 1 | BQ81: 2.4975366 | BR81: 2 | BS81: 5539.63 | BT81: 1023.84 | BU81: 4001 | BV81: 5502 | BW81: 5535 | BX81: 1030
A82: V | B82: 22114 | C82: 3756 | D82: =IF(K82=9,54,IF(K82=10,55,IF(K82=11,56,""))) -> 56 | E82: =IF(D82=_xlfn.NUMBERVALUE(RIGHT(C82,2)),"OK","") -> OK | F82: =CONCATENATE(LEFT(C82,2),D82) -> 3756 | G82: =IF(RIGHT(C82,2)="54",CONCATENATE(LEFT(C82,2),"F9"),IF(RIGHT(C82,2)="55",CONCATENATE(LEFT(C82,2),"G0"),IF(RIGHT(C82,2)="56",CONCATENATE(LEFT(C82,2),"G1"),IF(RIGHT(C82,2)="57",CONCATENATE(LEFT(C82,2),"G2"),IF(RIGHT(C82,2)="58",CONCATENATE(LEFT(C82,2),"G3"),IF(RIGHT(C82,2)="59",CONCATENATE(LEFT(C82,2),"G4"),IF(RIGHT(C82,2)="60",CONCATENATE(LEFT(C82,2),"G5"),IF(RIGHT(C82,2)="61",CONCATENATE(LEFT(C82,2),"G6"),IF(RIGHT(C82,2)="62",CONCATENATE(LEFT(C82,2),"G7"),IF(RIGHT(C82,2)="63",CONCATENATE(LEFT(C82,2),"G8"),IF(RIGHT(C82,2)="64",CONCATENATE(LEFT(C82,2),"G9"),IF(RIGHT(C82,2)="65",CONCATENATE(LEFT(C82,2),"H0"),IF(RIGHT(C82,2)="66",CONCATENATE(LEFT(C82,2),"H1"),IF(RIGHT(C82,2)="67",CONCATENATE(LEFT(C82,2),"H2"),IF(RIGHT(C82,2)="68",CONCATENATE(LEFT(C82,2),"H3"),IF(RIGHT(C82,2)="68",CONCATENATE(LEFT(C82,2),"H4"),C82)))))))))))))))) -> 37G1 | H82: 22 | I82: 54 | J82: 8.7 | K82: 11 | L82: 17.68 | M82: 54 | N82: 9.94 | O82: 11 | P82: 19.44 | Q82: 0 | R82: 0 | S82: 0 | T82: 0 | U82: 0 | V82: 0 | W82: 0 | X82: 0 | Y82: 0 | Z82: 0 | AA82: 0 | AB82: 0 | AC82: 0 | AD82: 0 | AE82: 0 | AF82: 0 | AG82: 0 | AH82: 0 | AI82: 0 | AJ82: 0 | AK82: 0 | AL82: 0 | AM82: 0 | AN82: 0 | AO82: 0 | AP82: 0 | AQ82: 0 | AR82: 0 | AS82: 0 | AT82: 0 | AU82: 0 | AV82: 0 | AW82: =IF(A82="",1,"") | AX82: 26 | AY82: 21 | AZ82: 20 | BA82: 0 | BB82: 0 | BC82: 0 | BD82: 0 | BE82: 0 | BF82: 0 | BG82: 0 | BH82: 0 | BI82: 22044.04 | BJ82: GFR | BK82: No | BL82: 0 | BM82: 0 | BN82: 1.6123941 | BP82: 2 | BQ82: 1.6123941 | BR82: 2 | BS82: 5408.7 | BT82: 1117.68 | BU82: 3701 | BV82: 5601 | BW82: 5405 | BX82: 1110
A83: V | B83: 22115 | C83: 3756 | D83: =IF(K83=9,54,IF(K83=10,55,IF(K83=11,56,""))) -> 56 | E83: =IF(D83=_xlfn.NUMBERVALUE(RIGHT(C83,2)),"OK","") -> OK | F83: =CONCATENATE(LEFT(C83,2),D83) -> 3756 | G83: =IF(RIGHT(C83,2)="54",CONCATENATE(LEFT(C83,2),"F9"),IF(RIGHT(C83,2)="55",CONCATENATE(LEFT(C83,2),"G0"),IF(RIGHT(C83,2)="56",CONCATENATE(LEFT(C83,2),"G1"),IF(RIGHT(C83,2)="57",CONCATENATE(LEFT(C83,2),"G2"),IF(RIGHT(C83,2)="58",CONCATENATE(LEFT(C83,2),"G3"),IF(RIGHT(C83,2)="59",CONCATENATE(LEFT(C83,2),"G4"),IF(RIGHT(C83,2)="60",CONCATENATE(LEFT(C83,2),"G5"),IF(RIGHT(C83,2)="61",CONCATENATE(LEFT(C83,2),"G6"),IF(RIGHT(C83,2)="62",CONCATENATE(LEFT(C83,2),"G7"),IF(RIGHT(C83,2)="63",CONCATENATE(LEFT(C83,2),"G8"),IF(RIGHT(C83,2)="64",CONCATENATE(LEFT(C83,2),"G9"),IF(RIGHT(C83,2)="65",CONCATENATE(LEFT(C83,2),"H0"),IF(RIGHT(C83,2)="66",CONCATENATE(LEFT(C83,2),"H1"),IF(RIGHT(C83,2)="67",CONCATENATE(LEFT(C83,2),"H2"),IF(RIGHT(C83,2)="68",CONCATENATE(LEFT(C83,2),"H3"),IF(RIGHT(C83,2)="68",CONCATENATE(LEFT(C83,2),"H4"),C83)))))))))))))))) -> 37G1 | H83: 22 | I83: 54 | J83: 13.048 | K83: 11 | L83: 20.04 | M83: 54 | N83: 14.54 | O83: 10 | P83: 20.46 | Q83: 0 | R83: 0 | S83: 0 | T83: 0 | U83: 0 | V83: 0 | W83: 0 | X83: 0 | Y83: 0 | Z83: 0 | AA83: 0 | AB83: 0 | AC83: 0 | AD83: 0 | AE83: 0 | AF83: 0 | AG83: 0 | AH83: 0 | AI83: 0 | AJ83: 0 | AK83: 0 | AL83: 0 | AM83: 0 | AN83: 0 | AO83: 0 | AP83: 0 | AQ83: 0 | AR83: 0 | AS83: 0 | AT83: 0 | AU83: 0 | AV83: 0 | AW83: =IF(A83="",1,"") | AX83: 21 | AY83: 21 | AZ83: 22 | BA83: 0 | BB83: 0 | BC83: 0 | BD83: 0 | BE83: 0 | BF83: 0 | BG83: 0 | BH83: 0 | BI83: 22056.04 | BJ83: GFR | BK83: No | BL83: 0 | BM83: 1 | BN83: 2.4999454 | BP83: 2 | BQ83: 2.4999454 | BR83: 2 | BS83: 5413.88 | BT83: 1115.95 | BU83: 3702 | BV83: 5601 | BW83: 5415 | BX83: 1110
A84: V | B84: 22116 | C84: 3855 | D84: =IF(K84=9,54,IF(K84=10,55,IF(K84=11,56,""))) -> 55 | E84: =IF(D84=_xlfn.NUMBERVALUE(RIGHT(C84,2)),"OK","") -> OK | F84: =CONCATENATE(LEFT(C84,2),D84) -> 3855 | G84: =IF(RIGHT(C84,2)="54",CONCATENATE(LEFT(C84,2),"F9"),IF(RIGHT(C84,2)="55",CONCATENATE(LEFT(C84,2),"G0"),IF(RIGHT(C84,2)="56",CONCATENATE(LEFT(C84,2),"G1"),IF(RIGHT(C84,2)="57",CONCATENATE(LEFT(C84,2),"G2"),IF(RIGHT(C84,2)="58",CONCATENATE(LEFT(C84,2),"G3"),IF(RIGHT(C84,2)="59",CONCATENATE(LEFT(C84,2),"G4"),IF(RIGHT(C84,2)="60",CONCATENATE(LEFT(C84,2),"G5"),IF(RIGHT(C84,2)="61",CONCATENATE(LEFT(C84,2),"G6"),IF(RIGHT(C84,2)="62",CONCATENATE(LEFT(C84,2),"G7"),IF(RIGHT(C84,2)="63",CONCATENATE(LEFT(C84,2),"G8"),IF(RIGHT(C84,2)="64",CONCATENATE(LEFT(C84,2),"G9"),IF(RIGHT(C84,2)="65",CONCATENATE(LEFT(C84,2),"H0"),IF(RIGHT(C84,2)="66",CONCATENATE(LEFT(C84,2),"H1"),IF(RIGHT(C84,2)="67",CONCATENATE(LEFT(C84,2),"H2"),IF(RIGHT(C84,2)="68",CONCATENATE(LEFT(C84,2),"H3"),IF(RIGHT(C84,2)="68",CONCATENATE(LEFT(C84,2),"H4"),C84)))))))))))))))) -> 38G0 | H84: 22 | I84: 54 | J84: 41.17 | K84: 10 | L84: 28.56 | M84: 54 | N84: 42.76 | O84: 10 | P84: 25.22 | Q84: 0 | R84: 0 | S84: 0 | T84: 0 | U84: 0 | V84: 0 | W84: 0 | X84: 0 | Y84: 0 | Z84: 0 | AA84: 0 | AB84: 0 | AC84: 0 | AD84: 0 | AE84: 0 | AF84: 0 | AG84: 0 | AH84: 0 | AI84: 0 | AJ84: 0 | AK84: 0 | AL84: 0 | AM84: 0 | AN84: 0 | AO84: 0 | AP84: 0 | AQ84: 0 | AR84: 0 | AS84: 0 | AT84: 0 | AU84: 0 | AV84: 0 | AW84: =IF(A84="",1,"") | AX84: 25 | AY84: 21 | AZ84: 20 | BA84: 0 | BB84: 0 | BC84: 0 | BD84: 0 | BE84: 0 | BF84: 0 | BG84: 0 | BH84: 0 | BI84: 22065.04 | BJ84: DEN | BK84: No | BL84: 0 | BM84: 1 | BN84: 2.5006555 | BP84: 1 | BQ84: 2.5006555 | BR84: 2 | BS84: 5441.17 | BT84: 1028.56 | BU84: 3802 | BV84: 5502 | BW84: 5445 | BX84: 1030
A85: V | B85: 22117 | C85: 4055 | D85: =IF(K85=9,54,IF(K85=10,55,IF(K85=11,56,""))) -> 55 | E85: =IF(D85=_xlfn.NUMBERVALUE(RIGHT(C85,2)),"OK","") -> OK | F85: =CONCATENATE(LEFT(C85,2),D85) -> 4055 | G85: =IF(RIGHT(C85,2)="54",CONCATENATE(LEFT(C85,2),"F9"),IF(RIGHT(C85,2)="55",CONCATENATE(LEFT(C85,2),"G0"),IF(RIGHT(C85,2)="56",CONCATENATE(LEFT(C85,2),"G1"),IF(RIGHT(C85,2)="57",CONCATENATE(LEFT(C85,2),"G2"),IF(RIGHT(C85,2)="58",CONCATENATE(LEFT(C85,2),"G3"),IF(RIGHT(C85,2)="59",CONCATENATE(LEFT(C85,2),"G4"),IF(RIGHT(C85,2)="60",CONCATENATE(LEFT(C85,2),"G5"),IF(RIGHT(C85,2)="61",CONCATENATE(LEFT(C85,2),"G6"),IF(RIGHT(C85,2)="62",CONCATENATE(LEFT(C85,2),"G7"),IF(RIGHT(C85,2)="63",CONCATENATE(LEFT(C85,2),"G8"),IF(RIGHT(C85,2)="64",CONCATENATE(LEFT(C85,2),"G9"),IF(RIGHT(C85,2)="65",CONCATENATE(LEFT(C85,2),"H0"),IF(RIGHT(C85,2)="66",CONCATENATE(LEFT(C85,2),"H1"),IF(RIGHT(C85,2)="67",CONCATENATE(LEFT(C85,2),"H2"),IF(RIGHT(C85,2)="68",CONCATENATE(LEFT(C85,2),"H3"),IF(RIGHT(C85,2)="68",CONCATENATE(LEFT(C85,2),"H4"),C85)))))))))))))))) -> 40G0 | H85: 22 | I85: 55 | J85: 30.3 | K85: 10 | L85: 41.58 | M85: 55 | N85: 28.23 | O85: 10 | P85: 44.04 | Q85: 0 | R85: 0 | S85: 0 | T85: 0 | U85: 0 | V85: 0 | W85: 0 | X85: 0 | Y85: 0 | Z85: 0 | AA85: 0 | AB85: 0 | AC85: 0 | AD85: 0 | AE85: 0 | AF85: 0 | AG85: 0 | AH85: 0 | AI85: 0 | AJ85: 0 | AK85: 0 | AL85: 0 | AM85: 0 | AN85: 0 | AO85: 0 | AP85: 0 | AQ85: 0 | AR85: 0 | AS85: 0 | AT85: 0 | AU85: 0 | AV85: 0 | AW85: =IF(A85="",1,"") | AX85: 22 | AY85: 28 | AZ85: 29 | BA85: 0 | BB85: 0 | BC85: 0 | BD85: 0 | BE85: 0 | BF85: 0 | BG85: 0 | BH85: 0 | BI85: 22085.04 | BJ85: DEN | BK85: No | BL85: 0 | BM85: 0 | BN85: 2.4955075 | BP85: 1 | BQ85: 2.4955075 | BR85: 2 | BS85: 5530.3 | BT85: 1041.58 | BU85: 4001 | BV85: 5503 | BW85: 5535 | BX85: 1050
A86: V | B86: 22118 | C86: 4055 | D86: =IF(K86=9,54,IF(K86=10,55,IF(K86=11,56,""))) -> 55 | E86: =IF(D86=_xlfn.NUMBERVALUE(RIGHT(C86,2)),"OK","") -> OK | F86: =CONCATENATE(LEFT(C86,2),D86) -> 4055 | G86: =IF(RIGHT(C86,2)="54",CONCATENATE(LEFT(C86,2),"F9"),IF(RIGHT(C86,2)="55",CONCATENATE(LEFT(C86,2),"G0"),IF(RIGHT(C86,2)="56",CONCATENATE(LEFT(C86,2),"G1"),IF(RIGHT(C86,2)="57",CONCATENATE(LEFT(C86,2),"G2"),IF(RIGHT(C86,2)="58",CONCATENATE(LEFT(C86,2),"G3"),IF(RIGHT(C86,2)="59",CONCATENATE(LEFT(C86,2),"G4"),IF(RIGHT(C86,2)="60",CONCATENATE(LEFT(C86,2),"G5"),IF(RIGHT(C86,2)="61",CONCATENATE(LEFT(C86,2),"G6"),IF(RIGHT(C86,2)="62",CONCATENATE(LEFT(C86,2),"G7"),IF(RIGHT(C86,2)="63",CONCATENATE(LEFT(C86,2),"G8"),IF(RIGHT(C86,2)="64",CONCATENATE(LEFT(C86,2),"G9"),IF(RIGHT(C86,2)="65",CONCATENATE(LEFT(C86,2),"H0"),IF(RIGHT(C86,2)="66",CONCATENATE(LEFT(C86,2),"H1"),IF(RIGHT(C86,2)="67",CONCATENATE(LEFT(C86,2),"H2"),IF(RIGHT(C86,2)="68",CONCATENATE(LEFT(C86,2),"H3"),IF(RIGHT(C86,2)="68",CONCATENATE(LEFT(C86,2),"H4"),C86)))))))))))))))) -> 40G0 | H86: 22 | I86: 55 | J86: 37.77 | K86: 10 | L86: 20.59 | M86: 55 | N86: 37.35 | O86: 10 | P86: 24.96 | Q86: 0 | R86: 0 | S86: 0 | T86: 0 | U86: 0 | V86: 0 | W86: 0 | X86: 0 | Y86: 0 | Z86: 0 | AA86: 0 | AB86: 0 | AC86: 0 | AD86: 0 | AE86: 0 | AF86: 0 | AG86: 0 | AH86: 0 | AI86: 0 | AJ86: 0 | AK86: 0 | AL86: 0 | AM86: 0 | AN86: 0 | AO86: 0 | AP86: 0 | AQ86: 0 | AR86: 0 | AS86: 0 | AT86: 0 | AU86: 0 | AV86: 0 | AW86: =IF(A86="",1,"") | AX86: 18 | AY86: 16 | AZ86: 16 | BA86: 0 | BB86: 0 | BC86: 0 | BD86: 0 | BE86: 0 | BF86: 0 | BG86: 0 | BH86: 0 | BI86: 22028.05 | BJ86: DEN | BK86: No | BL86: 0 | BM86: 0 | BN86: 2.5027619 | BP86: 1 | BQ86: 2.5027619 | BR86: 2 | BS86: 5537.77 | BT86: 1020.59 | BU86: 4001 | BV86: 5502 | BW86: 5535 | BX86: 1030
A87: V | B87: 22120 | C87: 3854 | D87: =IF(K87=9,54,IF(K87=10,55,IF(K87=11,56,""))) -> 54 | E87: =IF(D87=_xlfn.NUMBERVALUE(RIGHT(C87,2)),"OK","") -> OK | F87: =CONCATENATE(LEFT(C87,2),D87) -> 3854 | G87: =IF(RIGHT(C87,2)="54",CONCATENATE(LEFT(C87,2),"F9"),IF(RIGHT(C87,2)="55",CONCATENATE(LEFT(C87,2),"G0"),IF(RIGHT(C87,2)="56",CONCATENATE(LEFT(C87,2),"G1"),IF(RIGHT(C87,2)="57",CONCATENATE(LEFT(C87,2),"G2"),IF(RIGHT(C87,2)="58",CONCATENATE(LEFT(C87,2),"G3"),IF(RIGHT(C87,2)="59",CONCATENATE(LEFT(C87,2),"G4"),IF(RIGHT(C87,2)="60",CONCATENATE(LEFT(C87,2),"G5"),IF(RIGHT(C87,2)="61",CONCATENATE(LEFT(C87,2),"G6"),IF(RIGHT(C87,2)="62",CONCATENATE(LEFT(C87,2),"G7"),IF(RIGHT(C87,2)="63",CONCATENATE(LEFT(C87,2),"G8"),IF(RIGHT(C87,2)="64",CONCATENATE(LEFT(C87,2),"G9"),IF(RIGHT(C87,2)="65",CONCATENATE(LEFT(C87,2),"H0"),IF(RIGHT(C87,2)="66",CONCATENATE(LEFT(C87,2),"H1"),IF(RIGHT(C87,2)="67",CONCATENATE(LEFT(C87,2),"H2"),IF(RIGHT(C87,2)="68",CONCATENATE(LEFT(C87,2),"H3"),IF(RIGHT(C87,2)="68",CONCATENATE(LEFT(C87,2),"H4"),C87)))))))))))))))) -> 38F9 | H87: 22 | I87: 54 | J87: 54.5 | K87: 9 | L87: 59.37 | M87: 54 | N87: 55.55 | O87: 9 | P87: 55.42 | Q87: 0 | R87: 0 | S87: 0 | T87: 0 | U87: 0 | V87: 0 | W87: 0 | X87: 0 | Y87: 0 | Z87: 0 | AA87: 0 | AB87: 0 | AC87: 0 | AD87: 0 | AE87: 0 | AF87: 0 | AG87: 0 | AH87: 0 | AI87: 0 | AJ87: 0 | AK87: 0 | AL87: 0 | AM87: 0 | AN87: 0 | AO87: 0 | AP87: 0 | AQ87: 0 | AR87: 0 | AS87: 0 | AT87: 0 | AU87: 0 | AV87: 0 | AW87: =IF(A87="",1,"") | AX87: 33 | AY87: 32 | AZ87: 32 | BA87: 0 | BB87: 0 | BC87: 0 | BD87: 0 | BE87: 0 | BF87: 0 | BG87: 0 | BH87: 0 | BI87: 22080.05 | BJ87: DEN | BK87: No | BL87: 0 | BM87: 1 | BN87: 2.5013583 | BP87: 1 | BQ87: 2.5013583 | BR87: 2 | BS87: 5454.5 | BT87: 959.37 | BU87: 3803 | BV87: 5403 | BW87: 5455 | BX87: 950
A88: V | B88: 22121 | C88: 38G1 | D88: =IF(K88=9,54,IF(K88=10,55,IF(K88=11,56,""))) -> 56 | E88: =IF(D88=_xlfn.NUMBERVALUE(RIGHT(C88,2)),"OK","") -> #VALUE! | F88: =CONCATENATE(LEFT(C88,2),D88) -> 3856 | G88: =IF(RIGHT(C88,2)="54",CONCATENATE(LEFT(C88,2),"F9"),IF(RIGHT(C88,2)="55",CONCATENATE(LEFT(C88,2),"G0"),IF(RIGHT(C88,2)="56",CONCATENATE(LEFT(C88,2),"G1"),IF(RIGHT(C88,2)="57",CONCATENATE(LEFT(C88,2),"G2"),IF(RIGHT(C88,2)="58",CONCATENATE(LEFT(C88,2),"G3"),IF(RIGHT(C88,2)="59",CONCATENATE(LEFT(C88,2),"G4"),IF(RIGHT(C88,2)="60",CONCATENATE(LEFT(C88,2),"G5"),IF(RIGHT(C88,2)="61",CONCATENATE(LEFT(C88,2),"G6"),IF(RIGHT(C88,2)="62",CONCATENATE(LEFT(C88,2),"G7"),IF(RIGHT(C88,2)="63",CONCATENATE(LEFT(C88,2),"G8"),IF(RIGHT(C88,2)="64",CONCATENATE(LEFT(C88,2),"G9"),IF(RIGHT(C88,2)="65",CONCATENATE(LEFT(C88,2),"H0"),IF(RIGHT(C88,2)="66",CONCATENATE(LEFT(C88,2),"H1"),IF(RIGHT(C88,2)="67",CONCATENATE(LEFT(C88,2),"H2"),IF(RIGHT(C88,2)="68",CONCATENATE(LEFT(C88,2),"H3"),IF(RIGHT(C88,2)="68",CONCATENATE(LEFT(C88,2),"H4"),C88)))))))))))))))) -> 38G1 | H88: 22 | I88: 55 | J88: 2.95 | K88: 11 | L88: 6.01 | M88: 0 | N88: 0 | O88: 0 | P88: 0 | Q88: 0 | R88: 0 | S88: 0 | T88: 0 | U88: 0 | V88: 0 | W88: 0 | X88: 0 | Y88: 0 | Z88: 0 | AA88: 0 | AB88: 0 | AC88: 0 | AD88: 0 | AE88: 0 | AF88: 0 | AG88: 0 | AH88: 0 | AI88: 0 | AJ88: 0 | AK88: 0 | AL88: 0 | AM88: 0 | AN88: 0 | AO88: 0 | AP88: 0 | AQ88: 0 | AR88: 0 | AS88: 0 | AT88: 0 | AU88: 0 | AV88: 0 | AW88: =IF(A88="",1,"") | AX88: 37 | AY88: 35 | AZ88: 36 | BA88: 0 | BB88: 0 | BC88: 0 | BD88: 0 | BE88: 0 | BF88: 0 | BG88: 0 | BH88: 0 | BI88: 22082.05 | BJ88: DEN | BK88: No | BL88: 0 | BM88: 1 | BN88: 2.5009127 | BP88: 1 | BQ88: 2.5009127 | BR88: 2 | BS88: 5459.42 | BT88: 1106.97 | BU88: 3803 | BV88: 5601 | BW88: 5455 | BX88: 1110
A89: V | B89: 22122 | C89: 39G0 | D89: =IF(K89=9,54,IF(K89=10,55,IF(K89=11,56,""))) -> 55 | E89: =IF(D89=_xlfn.NUMBERVALUE(RIGHT(C89,2)),"OK","") -> #VALUE! | F89: =CONCATENATE(LEFT(C89,2),D89) -> 3955 | G89: =IF(RIGHT(C89,2)="54",CONCATENATE(LEFT(C89,2),"F9"),IF(RIGHT(C89,2)="55",CONCATENATE(LEFT(C89,2),"G0"),IF(RIGHT(C89,2)="56",CONCATENATE(LEFT(C89,2),"G1"),IF(RIGHT(C89,2)="57",CONCATENATE(LEFT(C89,2),"G2"),IF(RIGHT(C89,2)="58",CONCATENATE(LEFT(C89,2),"G3"),IF(RIGHT(C89,2)="59",CONCATENATE(LEFT(C89,2),"G4"),IF(RIGHT(C89,2)="60",CONCATENATE(LEFT(C89,2),"G5"),IF(RIGHT(C89,2)="61",CONCATENATE(LEFT(C89,2),"G6"),IF(RIGHT(C89,2)="62",CONCATENATE(LEFT(C89,2),"G7"),IF(RIGHT(C89,2)="63",CONCATENATE(LEFT(C89,2),"G8"),IF(RIGHT(C89,2)="64",CONCATENATE(LEFT(C89,2),"G9"),IF(RIGHT(C89,2)="65",CONCATENATE(LEFT(C89,2),"H0"),IF(RIGHT(C89,2)="66",CONCATENATE(LEFT(C89,2),"H1"),IF(RIGHT(C89,2)="67",CONCATENATE(LEFT(C89,2),"H2"),IF(RIGHT(C89,2)="68",CONCATENATE(LEFT(C89,2),"H3"),IF(RIGHT(C89,2)="68",CONCATENATE(LEFT(C89,2),"H4"),C89)))))))))))))))) -> 39G0 | H89: 22 | I89: 55 | J89: 32.49 | K89: 10 | L89: 51.14 | M89: 0 | N89: 0 | O89: 0 | P89: 0 | Q89: 0 | R89: 0 | S89: 0 | T89: 0 | U89: 0 | V89: 0 | W89: 0 | X89: 0 | Y89: 0 | Z89: 0 | AA89: 0 | AB89: 0 | AC89: 0 | AD89: 0 | AE89: 0 | AF89: 0 | AG89: 0 | AH89: 0 | AI89: 0 | AJ89: 0 | AK89: 0 | AL89: 0 | AM89: 0 | AN89: 0 | AO89: 0 | AP89: 0 | AQ89: 0 | AR89: 0 | AS89: 0 | AT89: 0 | AU89: 0 | AV89: 0 | AW89: =IF(A89="",1,"") | AX89: 22 | AY89: 29 | AZ89: 30 | BA89: 0 | BB89: 0 | BC89: 0 | BD89: 0 | BE89: 0 | BF89: 0 | BG89: 0 | BH89: 0 | BI89: 22085.05 | BJ89: DEN | BK89: No | BL89: 0 | BM89: 0 | BN89: 2.4930246 | BP89: 1 | BQ89: 2.4930246 | BR89: 2 | BS89: 5528.23 | BT89: 1044.04 | BU89: 3903 | BV89: 5503 | BW89: 5525 | BX89: 1050
A90: V | B90: 22123 | C90: 3755 | D90: =IF(K90=9,54,IF(K90=10,55,IF(K90=11,56,""))) -> 55 | E90: =IF(D90=_xlfn.NUMBERVALUE(RIGHT(C90,2)),"OK","") -> OK | F90: =CONCATENATE(LEFT(C90,2),D90) -> 3755 | G90: =IF(RIGHT(C90,2)="54",CONCATENATE(LEFT(C90,2),"F9"),IF(RIGHT(C90,2)="55",CONCATENATE(LEFT(C90,2),"G0"),IF(RIGHT(C90,2)="56",CONCATENATE(LEFT(C90,2),"G1"),IF(RIGHT(C90,2)="57",CONCATENATE(LEFT(C90,2),"G2"),IF(RIGHT(C90,2)="58",CONCATENATE(LEFT(C90,2),"G3"),IF(RIGHT(C90,2)="59",CONCATENATE(LEFT(C90,2),"G4"),IF(RIGHT(C90,2)="60",CONCATENATE(LEFT(C90,2),"G5"),IF(RIGHT(C90,2)="61",CONCATENATE(LEFT(C90,2),"G6"),IF(RIGHT(C90,2)="62",CONCATENATE(LEFT(C90,2),"G7"),IF(RIGHT(C90,2)="63",CONCATENATE(LEFT(C90,2),"G8"),IF(RIGHT(C90,2)="64",CONCATENATE(LEFT(C90,2),"G9"),IF(RIGHT(C90,2)="65",CONCATENATE(LEFT(C90,2),"H0"),IF(RIGHT(C90,2)="66",CONCATENATE(LEFT(C90,2),"H1"),IF(RIGHT(C90,2)="67",CONCATENATE(LEFT(C90,2),"H2"),IF(RIGHT(C90,2)="68",CONCATENATE(LEFT(C90,2),"H3"),IF(RIGHT(C90,2)="68",CONCATENATE(LEFT(C90,2),"H4"),C90)))))))))))))))) -> 37G0 | H90: 22 | I90: 54 | J90: 27.49 | K90: 10 | L90: 35.55 | M90: 54 | N90: 27.02 | O90: 10 | P90: 38 | Q90: 0 | R90: 0 | S90: 0 | T90: 0 | U90: 0 | V90: 0 | W90: 0 | X90: 0 | Y90: 0 | Z90: 0 | AA90: 0 | AB90: 0 | AC90: 0 | AD90: 0 | AE90: 0 | AF90: 0 | AG90: 0 | AH90: 0 | AI90: 0 | AJ90: 0 | AK90: 0 | AL90: 0 | AM90: 0 | AN90: 0 | AO90: 0 | AP90: 0 | AQ90: 0 | AR90: 0 | AS90: 0 | AT90: 0 | AU90: 0 | AV90: 0 | AW90: =IF(A90="",1,"") | AX90: 20 | AY90: 13 | AZ90: 12 | BA90: 0 | BB90: 0 | BC90: 0 | BD90: 0 | BE90: 0 | BF90: 0 | BG90: 0 | BH90: 0 | BI90: 22011.06 | BJ90: GFR | BK90: No | BL90: 0 | BM90: 0 | BN90: 1.4998572 | BP90: 2 | BQ90: 1.4998572 | BR90: 2 | BS90: 5427.49 | BT90: 1035.55 | BU90: 3703 | BV90: 5502 | BW90: 5425 | BX90: 1030
A91: V | B91: 22124 | C91: 38F9 | D91: =IF(K91=9,54,IF(K91=10,55,IF(K91=11,56,""))) -> 55 | E91: =IF(D91=_xlfn.NUMBERVALUE(RIGHT(C91,2)),"OK","") -> #VALUE! | F91: =CONCATENATE(LEFT(C91,2),D91) -> 3855 | G91: =IF(RIGHT(C91,2)="54",CONCATENATE(LEFT(C91,2),"F9"),IF(RIGHT(C91,2)="55",CONCATENATE(LEFT(C91,2),"G0"),IF(RIGHT(C91,2)="56",CONCATENATE(LEFT(C91,2),"G1"),IF(RIGHT(C91,2)="57",CONCATENATE(LEFT(C91,2),"G2"),IF(RIGHT(C91,2)="58",CONCATENATE(LEFT(C91,2),"G3"),IF(RIGHT(C91,2)="59",CONCATENATE(LEFT(C91,2),"G4"),IF(RIGHT(C91,2)="60",CONCATENATE(LEFT(C91,2),"G5"),IF(RIGHT(C91,2)="61",CONCATENATE(LEFT(C91,2),"G6"),IF(RIGHT(C91,2)="62",CONCATENATE(LEFT(C91,2),"G7"),IF(RIGHT(C91,2)="63",CONCATENATE(LEFT(C91,2),"G8"),IF(RIGHT(C91,2)="64",CONCATENATE(LEFT(C91,2),"G9"),IF(RIGHT(C91,2)="65",CONCATENATE(LEFT(C91,2),"H0"),IF(RIGHT(C91,2)="66",CONCATENATE(LEFT(C91,2),"H1"),IF(RIGHT(C91,2)="67",CONCATENATE(LEFT(C91,2),"H2"),IF(RIGHT(C91,2)="68",CONCATENATE(LEFT(C91,2),"H3"),IF(RIGHT(C91,2)="68",CONCATENATE(LEFT(C91,2),"H4"),C91)))))))))))))))) -> 38F9 | H91: 22 | I91: 54 | J91: 48.88 | K91: 10 | L91: 17.53 | M91: 0 | N91: 0 | O91: 0 | P91: 0 | Q91: 0 | R91: 0 | S91: 0 | T91: 0 | U91: 0 | V91: 0 | W91: 0 | X91: 0 | Y91: 0 | Z91: 0 | AA91: 0 | AB91: 0 | AC91: 0 | AD91: 0 | AE91: 0 | AF91: 0 | AG91: 0 | AH91: 0 | AI91: 0 | AJ91: 0 | AK91: 0 | AL91: 0 | AM91: 0 | AN91: 0 | AO91: 0 | AP91: 0 | AQ91: 0 | AR91: 0 | AS91: 0 | AT91: 0 | AU91: 0 | AV91: 0 | AW91: =IF(A91="",1,"") | AX91: 33 | AY91: 32 | AZ91: 32 | BA91: 0 | BB91: 0 | BC91: 0 | BD91: 0 | BE91: 0 | BF91: 0 | BG91: 0 | BH91: 0 | BI91: 22080.06 | BJ91: DEN | BK91: No | BL91: 0 | BM91: 1 | BN91: 2.5056774 | BP91: 1 | BQ91: 2.5056774 | BR91: 2 | BS91: 5455.55 | BT91: 955.42 | BU91: 3803 | BV91: 5403 | BW91: 5455 | BX91: 950
A92: V | B92: 22125 | C92: 39G0 | D92: =IF(K92=9,54,IF(K92=10,55,IF(K92=11,56,""))) -> 55 | E92: =IF(D92=_xlfn.NUMBERVALUE(RIGHT(C92,2)),"OK","") -> #VALUE! | F92: =CONCATENATE(LEFT(C92,2),D92) -> 3955 | G92: =IF(RIGHT(C92,2)="54",CONCATENATE(LEFT(C92,2),"F9"),IF(RIGHT(C92,2)="55",CONCATENATE(LEFT(C92,2),"G0"),IF(RIGHT(C92,2)="56",CONCATENATE(LEFT(C92,2),"G1"),IF(RIGHT(C92,2)="57",CONCATENATE(LEFT(C92,2),"G2"),IF(RIGHT(C92,2)="58",CONCATENATE(LEFT(C92,2),"G3"),IF(RIGHT(C92,2)="59",CONCATENATE(LEFT(C92,2),"G4"),IF(RIGHT(C92,2)="60",CONCATENATE(LEFT(C92,2),"G5"),IF(RIGHT(C92,2)="61",CONCATENATE(LEFT(C92,2),"G6"),IF(RIGHT(C92,2)="62",CONCATENATE(LEFT(C92,2),"G7"),IF(RIGHT(C92,2)="63",CONCATENATE(LEFT(C92,2),"G8"),IF(RIGHT(C92,2)="64",CONCATENATE(LEFT(C92,2),"G9"),IF(RIGHT(C92,2)="65",CONCATENATE(LEFT(C92,2),"H0"),IF(RIGHT(C92,2)="66",CONCATENATE(LEFT(C92,2),"H1"),IF(RIGHT(C92,2)="67",CONCATENATE(LEFT(C92,2),"H2"),IF(RIGHT(C92,2)="68",CONCATENATE(LEFT(C92,2),"H3"),IF(RIGHT(C92,2)="68",CONCATENATE(LEFT(C92,2),"H4"),C92)))))))))))))))) -> 39G0 | H92: 22 | I92: 55 | J92: 24.08 | K92: 10 | L92: 48.95 | M92: 0 | N92: 0 | O92: 0 | P92: 0 | Q92: 0 | R92: 0 | S92: 0 | T92: 0 | U92: 0 | V92: 0 | W92: 0 | X92: 0 | Y92: 0 | Z92: 0 | AA92: 0 | AB92: 0 | AC92: 0 | AD92: 0 | AE92: 0 | AF92: 0 | AG92: 0 | AH92: 0 | AI92: 0 | AJ92: 0 | AK92: 0 | AL92: 0 | AM92: 0 | AN92: 0 | AO92: 0 | AP92: 0 | AQ92: 0 | AR92: 0 | AS92: 0 | AT92: 0 | AU92: 0 | AV92: 0 | AW92: =IF(A92="",1,"") | AX92: 22 | AY92: 31 | AZ92: 33 | BA92: 0 | BB92: 0 | BC92: 0 | BD92: 0 | BE92: 0 | BF92: 0 | BG92: 0 | BH92: 0 | BI92: 22085.07 | BJ92: DEN | BK92: No | BL92: 0 | BM92: 0 | BN92: 2.4943824 | BP92: 1 | BQ92: 2.4943824 | BR92: 2 | BS92: 5524.08 | BT92: 1048.95 | BU92: 3903 | BV92: 5503 | BW92: 5525 | BX92: 1050
A93: I | B93: 22126 | C93: 40G0 | D93: =IF(K93=9,54,IF(K93=10,55,IF(K93=11,56,""))) -> 55 | E93: =IF(D93=_xlfn.NUMBERVALUE(RIGHT(C93,2)),"OK","") -> #VALUE! | F93: =CONCATENATE(LEFT(C93,2),D93) -> 4055 | G93: =IF(RIGHT(C93,2)="54",CONCATENATE(LEFT(C93,2),"F9"),IF(RIGHT(C93,2)="55",CONCATENATE(LEFT(C93,2),"G0"),IF(RIGHT(C93,2)="56",CONCATENATE(LEFT(C93,2),"G1"),IF(RIGHT(C93,2)="57",CONCATENATE(LEFT(C93,2),"G2"),IF(RIGHT(C93,2)="58",CONCATENATE(LEFT(C93,2),"G3"),IF(RIGHT(C93,2)="59",CONCATENATE(LEFT(C93,2),"G4"),IF(RIGHT(C93,2)="60",CONCATENATE(LEFT(C93,2),"G5"),IF(RIGHT(C93,2)="61",CONCATENATE(LEFT(C93,2),"G6"),IF(RIGHT(C93,2)="62",CONCATENATE(LEFT(C93,2),"G7"),IF(RIGHT(C93,2)="63",CONCATENATE(LEFT(C93,2),"G8"),IF(RIGHT(C93,2)="64",CONCATENATE(LEFT(C93,2),"G9"),IF(RIGHT(C93,2)="65",CONCATENATE(LEFT(C93,2),"H0"),IF(RIGHT(C93,2)="66",CONCATENATE(LEFT(C93,2),"H1"),IF(RIGHT(C93,2)="67",CONCATENATE(LEFT(C93,2),"H2"),IF(RIGHT(C93,2)="68",CONCATENATE(LEFT(C93,2),"H3"),IF(RIGHT(C93,2)="68",CONCATENATE(LEFT(C93,2),"H4"),C93)))))))))))))))) -> 40G0 | H93: 22 | I93: 55 | J93: 40 | K93: 10 | L93: 38.91 | M93: 0 | N93: 0 | O93: 0 | P93: 0 | Q93: 0 | R93: 0 | S93: 0 | T93: 0 | U93: 0 | V93: 0 | W93: 0 | X93: 0 | Y93: 0 | Z93: 0 | AA93: 0 | AB93: 0 | AC93: 0 | AD93: 0 | AE93: 0 | AF93: 0 | AG93: 0 | AH93: 0 | AI93: 0 | AJ93: 0 | AK93: 0 | AL93: 0 | AM93: 0 | AN93: 0 | AO93: 0 | AP93: 0 | AQ93: 0 | AR93: 0 | AS93: 0 | AT93: 0 | AU93: 0 | AV93: 0 | AW93: =IF(A93="",1,"") | AX93: 25 | AY93: 30 | AZ93: 30 | BA93: 0 | BB93: 0 | BC93: 0 | BD93: 0 | BE93: 0 | BF93: 0 | BG93: 0 | BH93: 0 | BI93: 22088.07 | BJ93: DEN | BK93: No | BL93: 0 | BM93: 0 | BN93: 2.4996316 | BP93: 1 | BQ93: 2.4996316 | BR93: 2 | BS93: 5537.57 | BT93: 1041.17 | BU93: 4001 | BV93: 5503 | BW93: 5535 | BX93: 1050
A94: V | B94: 22127 | C94: 3756 | D94: =IF(K94=9,54,IF(K94=10,55,IF(K94=11,56,""))) -> 56 | E94: =IF(D94=_xlfn.NUMBERVALUE(RIGHT(C94,2)),"OK","") -> OK | F94: =CONCATENATE(LEFT(C94,2),D94) -> 3756 | G94: =IF(RIGHT(C94,2)="54",CONCATENATE(LEFT(C94,2),"F9"),IF(RIGHT(C94,2)="55",CONCATENATE(LEFT(C94,2),"G0"),IF(RIGHT(C94,2)="56",CONCATENATE(LEFT(C94,2),"G1"),IF(RIGHT(C94,2)="57",CONCATENATE(LEFT(C94,2),"G2"),IF(RIGHT(C94,2)="58",CONCATENATE(LEFT(C94,2),"G3"),IF(RIGHT(C94,2)="59",CONCATENATE(LEFT(C94,2),"G4"),IF(RIGHT(C94,2)="60",CONCATENATE(LEFT(C94,2),"G5"),IF(RIGHT(C94,2)="61",CONCATENATE(LEFT(C94,2),"G6"),IF(RIGHT(C94,2)="62",CONCATENATE(LEFT(C94,2),"G7"),IF(RIGHT(C94,2)="63",CONCATENATE(LEFT(C94,2),"G8"),IF(RIGHT(C94,2)="64",CONCATENATE(LEFT(C94,2),"G9"),IF(RIGHT(C94,2)="65",CONCATENATE(LEFT(C94,2),"H0"),IF(RIGHT(C94,2)="66",CONCATENATE(LEFT(C94,2),"H1"),IF(RIGHT(C94,2)="67",CONCATENATE(LEFT(C94,2),"H2"),IF(RIGHT(C94,2)="68",CONCATENATE(LEFT(C94,2),"H3"),IF(RIGHT(C94,2)="68",CONCATENATE(LEFT(C94,2),"H4"),C94)))))))))))))))) -> 37G1 | H94: 22 | I94: 54 | J94: 35.69 | K94: 11 | L94: 13.62 | M94: 54 | N94: 36.95 | O94: 11 | P94: 11.02 | Q94: 0 | R94: 0 | S94: 0 | T94: 0 | U94: 0 | V94: 0 | W94: 0 | X94: 0 | Y94: 0 | Z94: 0 | AA94: 0 | AB94: 0 | AC94: 0 | AD94: 0 | AE94: 0 | AF94: 0 | AG94: 0 | AH94: 0 | AI94: 0 | AJ94: 0 | AK94: 0 | AL94: 0 | AM94: 0 | AN94: 0 | AO94: 0 | AP94: 0 | AQ94: 0 | AR94: 0 | AS94: 0 | AT94: 0 | AU94: 0 | AV94: 0 | AW94: =IF(A94="",1,"") | AX94: 27 | AY94: 18 | AZ94: 18 | BA94: 0 | BB94: 0 | BC94: 0 | BD94: 0 | BE94: 0 | BF94: 0 | BG94: 0 | BH94: 0 | BI94: 22054.08 | BJ94: GFR | BK94: No | BL94: 0 | BM94: 1 | BN94: 1.9635265 | BP94: 2 | BQ94: 1.9635265 | BR94: 2 | BS94: 5435.69 | BT94: 1113.62 | BU94: 3801 | BV94: 5601 | BW94: 5435 | BX94: 1110
A95: I | B95: 22128 | C95: 38F9 | D95: =IF(K95=9,54,IF(K95=10,55,IF(K95=11,56,""))) -> 55 | E95: =IF(D95=_xlfn.NUMBERVALUE(RIGHT(C95,2)),"OK","") -> #VALUE! | F95: =CONCATENATE(LEFT(C95,2),D95) -> 3855 | G95: =IF(RIGHT(C95,2)="54",CONCATENATE(LEFT(C95,2),"F9"),IF(RIGHT(C95,2)="55",CONCATENATE(LEFT(C95,2),"G0"),IF(RIGHT(C95,2)="56",CONCATENATE(LEFT(C95,2),"G1"),IF(RIGHT(C95,2)="57",CONCATENATE(LEFT(C95,2),"G2"),IF(RIGHT(C95,2)="58",CONCATENATE(LEFT(C95,2),"G3"),IF(RIGHT(C95,2)="59",CONCATENATE(LEFT(C95,2),"G4"),IF(RIGHT(C95,2)="60",CONCATENATE(LEFT(C95,2),"G5"),IF(RIGHT(C95,2)="61",CONCATENATE(LEFT(C95,2),"G6"),IF(RIGHT(C95,2)="62",CONCATENATE(LEFT(C95,2),"G7"),IF(RIGHT(C95,2)="63",CONCATENATE(LEFT(C95,2),"G8"),IF(RIGHT(C95,2)="64",CONCATENATE(LEFT(C95,2),"G9"),IF(RIGHT(C95,2)="65",CONCATENATE(LEFT(C95,2),"H0"),IF(RIGHT(C95,2)="66",CONCATENATE(LEFT(C95,2),"H1"),IF(RIGHT(C95,2)="67",CONCATENATE(LEFT(C95,2),"H2"),IF(RIGHT(C95,2)="68",CONCATENATE(LEFT(C95,2),"H3"),IF(RIGHT(C95,2)="68",CONCATENATE(LEFT(C95,2),"H4"),C95)))))))))))))))) -> 38F9 | H95: 22 | I95: 54 | J95: 48.83 | K95: 10 | L95: 9.5 | M95: 0 | N95: 0 | O95: 0 | P95: 0 | Q95: 0 | R95: 0 | S95: 0 | T95: 0 | U95: 0 | V95: 0 | W95: 0 | X95: 0 | Y95: 0 | Z95: 0 | AA95: 0 | AB95: 0 | AC95: 0 | AD95: 0 | AE95: 0 | AF95: 0 | AG95: 0 | AH95: 0 | AI95: 0 | AJ95: 0 | AK95: 0 | AL95: 0 | AM95: 0 | AN95: 0 | AO95: 0 | AP95: 0 | AQ95: 0 | AR95: 0 | AS95: 0 | AT95: 0 | AU95: 0 | AV95: 0 | AW95: =IF(A95="",1,"") | AX95: 33 | AY95: 32 | AZ95: 32 | BA95: 0 | BB95: 0 | BC95: 0 | BD95: 0 | BE95: 0 | BF95: 0 | BG95: 0 | BH95: 0 | BI95: 22080.08 | BJ95: DEN | BK95: No | BL95: 0 | BM95: 1 | BN95: 2.498661 | BP95: 1 | BQ95: 2.498661 | BR95: 2 | BS95: 5457.66 | BT95: 947.5 | BU95: 3803 | BV95: 5403 | BW95: 5455 | BX95: 950
A96: I | B96: 22129 | C96: 38G0 | D96: =IF(K96=9,54,IF(K96=10,55,IF(K96=11,56,""))) -> 55 | E96: =IF(D96=_xlfn.NUMBERVALUE(RIGHT(C96,2)),"OK","") -> #VALUE! | F96: =CONCATENATE(LEFT(C96,2),D96) -> 3855 | G96: =IF(RIGHT(C96,2)="54",CONCATENATE(LEFT(C96,2),"F9"),IF(RIGHT(C96,2)="55",CONCATENATE(LEFT(C96,2),"G0"),IF(RIGHT(C96,2)="56",CONCATENATE(LEFT(C96,2),"G1"),IF(RIGHT(C96,2)="57",CONCATENATE(LEFT(C96,2),"G2"),IF(RIGHT(C96,2)="58",CONCATENATE(LEFT(C96,2),"G3"),IF(RIGHT(C96,2)="59",CONCATENATE(LEFT(C96,2),"G4"),IF(RIGHT(C96,2)="60",CONCATENATE(LEFT(C96,2),"G5"),IF(RIGHT(C96,2)="61",CONCATENATE(LEFT(C96,2),"G6"),IF(RIGHT(C96,2)="62",CONCATENATE(LEFT(C96,2),"G7"),IF(RIGHT(C96,2)="63",CONCATENATE(LEFT(C96,2),"G8"),IF(RIGHT(C96,2)="64",CONCATENATE(LEFT(C96,2),"G9"),IF(RIGHT(C96,2)="65",CONCATENATE(LEFT(C96,2),"H0"),IF(RIGHT(C96,2)="66",CONCATENATE(LEFT(C96,2),"H1"),IF(RIGHT(C96,2)="67",CONCATENATE(LEFT(C96,2),"H2"),IF(RIGHT(C96,2)="68",CONCATENATE(LEFT(C96,2),"H3"),IF(RIGHT(C96,2)="68",CONCATENATE(LEFT(C96,2),"H4"),C96)))))))))))))))) -> 38G0 | H96: 22 | I96: 54 | J96: 41.89 | K96: 10 | L96: 44.38 | M96: 0 | N96: 0 | O96: 0 | P96: 0 | Q96: 0 | R96: 0 | S96: 0 | T96: 0 | U96: 0 | V96: 0 | W96: 0 | X96: 0 | Y96: 0 | Z96: 0 | AA96: 0 | AB96: 0 | AC96: 0 | AD96: 0 | AE96: 0 | AF96: 0 | AG96: 0 | AH96: 0 | AI96: 0 | AJ96: 0 | AK96: 0 | AL96: 0 | AM96: 0 | AN96: 0 | AO96: 0 | AP96: 0 | AQ96: 0 | AR96: 0 | AS96: 0 | AT96: 0 | AU96: 0 | AV96: 0 | AW96: =IF(A96="",1,"") | AX96: 37 | AY96: 38 | AZ96: 39 | BA96: 0 | BB96: 0 | BC96: 0 | BD96: 0 | BE96: 0 | BF96: 0 | BG96: 0 | BH96: 0 | BI96: 22082.08 | BJ96: DEN | BK96: No | BL96: 0 | BM96: 1 | BN96: 2.4967609 | BP96: 1 | BQ96: 2.4967609 | BR96: 2 | BS96: 5454.21 | BT96: 1057.57 | BU96: 3803 | BV96: 5503 | BW96: 5455 | BX96: 1050
A97: V | B97: 22130 | C97: 3955 | D97: =IF(K97=9,54,IF(K97=10,55,IF(K97=11,56,""))) -> 55 | E97: =IF(D97=_xlfn.NUMBERVALUE(RIGHT(C97,2)),"OK","") -> OK | F97: =CONCATENATE(LEFT(C97,2),D97) -> 3955 | G97: =IF(RIGHT(C97,2)="54",CONCATENATE(LEFT(C97,2),"F9"),IF(RIGHT(C97,2)="55",CONCATENATE(LEFT(C97,2),"G0"),IF(RIGHT(C97,2)="56",CONCATENATE(LEFT(C97,2),"G1"),IF(RIGHT(C97,2)="57",CONCATENATE(LEFT(C97,2),"G2"),IF(RIGHT(C97,2)="58",CONCATENATE(LEFT(C97,2),"G3"),IF(RIGHT(C97,2)="59",CONCATENATE(LEFT(C97,2),"G4"),IF(RIGHT(C97,2)="60",CONCATENATE(LEFT(C97,2),"G5"),IF(RIGHT(C97,2)="61",CONCATENATE(LEFT(C97,2),"G6"),IF(RIGHT(C97,2)="62",CONCATENATE(LEFT(C97,2),"G7"),IF(RIGHT(C97,2)="63",CONCATENATE(LEFT(C97,2),"G8"),IF(RIGHT(C97,2)="64",CONCATENATE(LEFT(C97,2),"G9"),IF(RIGHT(C97,2)="65",CONCATENATE(LEFT(C97,2),"H0"),IF(RIGHT(C97,2)="66",CONCATENATE(LEFT(C97,2),"H1"),IF(RIGHT(C97,2)="67",CONCATENATE(LEFT(C97,2),"H2"),IF(RIGHT(C97,2)="68",CONCATENATE(LEFT(C97,2),"H3"),IF(RIGHT(C97,2)="68",CONCATENATE(LEFT(C97,2),"H4"),C97)))))))))))))))) -> 39G0 | H97: 22 | I97: 55 | J97: 19.93 | K97: 10 | L97: 53.86 | M97: 55 | N97: 17.86 | O97: 10 | P97: 56.31 | Q97: 0 | R97: 0 | S97: 0 | T97: 0 | U97: 0 | V97: 0 | W97: 0 | X97: 0 | Y97: 0 | Z97: 0 | AA97: 0 | AB97: 0 | AC97: 0 | AD97: 0 | AE97: 0 | AF97: 0 | AG97: 0 | AH97: 0 | AI97: 0 | AJ97: 0 | AK97: 0 | AL97: 0 | AM97: 0 | AN97: 0 | AO97: 0 | AP97: 0 | AQ97: 0 | AR97: 0 | AS97: 0 | AT97: 0 | AU97: 0 | AV97: 0 | AW97: =IF(A97="",1,"") | AX97: 22 | AY97: 34 | AZ97: 36 | BA97: 0 | BB97: 0 | BC97: 0 | BD97: 0 | BE97: 0 | BF97: 0 | BG97: 0 | BH97: 0 | BI97: 22085.09 | BJ97: DEN | BK97: No | BL97: 0 | BM97: 0 | BN97: 2.4957408 | BP97: 1 | BQ97: 2.4957408 | BR97: 2 | BS97: 5519.93 | BT97: 1053.86 | BU97: 3902 | BV97: 5503 | BW97: 5515 | BX97: 1050
A98: V | B98: 22131 | C98: 3855 | D98: =IF(K98=9,54,IF(K98=10,55,IF(K98=11,56,""))) -> 55 | E98: =IF(D98=_xlfn.NUMBERVALUE(RIGHT(C98,2)),"OK","") -> OK | F98: =CONCATENATE(LEFT(C98,2),D98) -> 3855 | G98: =IF(RIGHT(C98,2)="54",CONCATENATE(LEFT(C98,2),"F9"),IF(RIGHT(C98,2)="55",CONCATENATE(LEFT(C98,2),"G0"),IF(RIGHT(C98,2)="56",CONCATENATE(LEFT(C98,2),"G1"),IF(RIGHT(C98,2)="57",CONCATENATE(LEFT(C98,2),"G2"),IF(RIGHT(C98,2)="58",CONCATENATE(LEFT(C98,2),"G3"),IF(RIGHT(C98,2)="59",CONCATENATE(LEFT(C98,2),"G4"),IF(RIGHT(C98,2)="60",CONCATENATE(LEFT(C98,2),"G5"),IF(RIGHT(C98,2)="61",CONCATENATE(LEFT(C98,2),"G6"),IF(RIGHT(C98,2)="62",CONCATENATE(LEFT(C98,2),"G7"),IF(RIGHT(C98,2)="63",CONCATENATE(LEFT(C98,2),"G8"),IF(RIGHT(C98,2)="64",CONCATENATE(LEFT(C98,2),"G9"),IF(RIGHT(C98,2)="65",CONCATENATE(LEFT(C98,2),"H0"),IF(RIGHT(C98,2)="66",CONCATENATE(LEFT(C98,2),"H1"),IF(RIGHT(C98,2)="67",CONCATENATE(LEFT(C98,2),"H2"),IF(RIGHT(C98,2)="68",CONCATENATE(LEFT(C98,2),"H3"),IF(RIGHT(C98,2)="68",CONCATENATE(LEFT(C98,2),"H4"),C98)))))))))))))))) -> 38G0 | H98: 22 | I98: 54 | J98: 37.7 | K98: 10 | L98: 38.92 | M98: 54 | N98: 36.11 | O98: 10 | P98: 38.93 | Q98: 0 | R98: 0 | S98: 0 | T98: 0 | U98: 0 | V98: 0 | W98: 0 | X98: 0 | Y98: 0 | Z98: 0 | AA98: 0 | AB98: 0 | AC98: 0 | AD98: 0 | AE98: 0 | AF98: 0 | AG98: 0 | AH98: 0 | AI98: 0 | AJ98: 0 | AK98: 0 | AL98: 0 | AM98: 0 | AN98: 0 | AO98: 0 | AP98: 0 | AQ98: 0 | AR98: 0 | AS98: 0 | AT98: 0 | AU98: 0 | AV98: 0 | AW98: =IF(A98="",1,"") | AX98: 15 | AY98: 16 | AZ98: 17 | BA98: 0 | BB98: 0 | BC98: 0 | BD98: 0 | BE98: 0 | BF98: 0 | BG98: 0 | BH98: 0 | BI98: 22017.1 | BJ98: DEN | BK98: No | BL98: 0 | BM98: 1 | BN98: 1.5900105 | BP98: 1 | BQ98: 1.5900105 | BR98: 2 | BS98: 5437.7 | BT98: 1038.92 | BU98: 3801 | BV98: 5502 | BW98: 5435 | BX98: 1030
A99: V | B99: 22132 | C99: 3756 | D99: =IF(K99=9,54,IF(K99=10,55,IF(K99=11,56,""))) -> 56 | E99: =IF(D99=_xlfn.NUMBERVALUE(RIGHT(C99,2)),"OK","") -> OK | F99: =CONCATENATE(LEFT(C99,2),D99) -> 3756 | G99: =IF(RIGHT(C99,2)="54",CONCATENATE(LEFT(C99,2),"F9"),IF(RIGHT(C99,2)="55",CONCATENATE(LEFT(C99,2),"G0"),IF(RIGHT(C99,2)="56",CONCATENATE(LEFT(C99,2),"G1"),IF(RIGHT(C99,2)="57",CONCATENATE(LEFT(C99,2),"G2"),IF(RIGHT(C99,2)="58",CONCATENATE(LEFT(C99,2),"G3"),IF(RIGHT(C99,2)="59",CONCATENATE(LEFT(C99,2),"G4"),IF(RIGHT(C99,2)="60",CONCATENATE(LEFT(C99,2),"G5"),IF(RIGHT(C99,2)="61",CONCATENATE(LEFT(C99,2),"G6"),IF(RIGHT(C99,2)="62",CONCATENATE(LEFT(C99,2),"G7"),IF(RIGHT(C99,2)="63",CONCATENATE(LEFT(C99,2),"G8"),IF(RIGHT(C99,2)="64",CONCATENATE(LEFT(C99,2),"G9"),IF(RIGHT(C99,2)="65",CONCATENATE(LEFT(C99,2),"H0"),IF(RIGHT(C99,2)="66",CONCATENATE(LEFT(C99,2),"H1"),IF(RIGHT(C99,2)="67",CONCATENATE(LEFT(C99,2),"H2"),IF(RIGHT(C99,2)="68",CONCATENATE(LEFT(C99,2),"H3"),IF(RIGHT(C99,2)="68",CONCATENATE(LEFT(C99,2),"H4"),C99)))))))))))))))) -> 37G1 | H99: 22 | I99: 54 | J99: 14.1338 | K99: 11 | L99: 25.1236 | M99: 54 | N99: 17.3858 | O99: 11 | P99: 25.738 | Q99: 0 | R99: 0 | S99: 0 | T99: 0 | U99: 0 | V99: 0 | W99: 0 | X99: 0 | Y99: 0 | Z99: 0 | AA99: 0 | AB99: 0 | AC99: 0 | AD99: 0 | AE99: 0 | AF99: 0 | AG99: 0 | AH99: 0 | AI99: 0 | AJ99: 0 | AK99: 0 | AL99: 0 | AM99: 0 | AN99: 0 | AO99: 0 | AP99: 0 | AQ99: 0 | AR99: 0 | AS99: 0 | AT99: 0 | AU99: 0 | AV99: 0 | AX99: 23.333333 | AY99: 24 | AZ99: 22 | BA99: 24 | BB99: 0 | BC99: 0 | BD99: 0 | BE99: 0 | BF99: 0 | BG99: 0 | BH99: 0 | BI99: German R/V | BJ99: GFR | BK99: No | BN99: 3.2717395 | BP99: 1 | BQ99: 3.2717395 | BR99: 2 | BS99: 5414.1338 | BT99: 1125.1236 | BU99: 3702 | BV99: 5602 | BW99: 5415 | BX99: 1130
A100: V | B100: 22134 | C100: 3855 | D100: =IF(K100=9,54,IF(K100=10,55,IF(K100=11,56,""))) -> 55 | E100: =IF(D100=_xlfn.NUMBERVALUE(RIGHT(C100,2)),"OK","") -> OK | F100: =CONCATENATE(LEFT(C100,2),D100) -> 3855 | G100: =IF(RIGHT(C100,2)="54",CONCATENATE(LEFT(C100,2),"F9"),IF(RIGHT(C100,2)="55",CONCATENATE(LEFT(C100,2),"G0"),IF(RIGHT(C100,2)="56",CONCATENATE(LEFT(C100,2),"G1"),IF(RIGHT(C100,2)="57",CONCATENATE(LEFT(C100,2),"G2"),IF(RIGHT(C100,2)="58",CONCATENATE(LEFT(C100,2),"G3"),IF(RIGHT(C100,2)="59",CONCATENATE(LEFT(C100,2),"G4"),IF(RIGHT(C100,2)="60",CONCATENATE(LEFT(C100,2),"G5"),IF(RIGHT(C100,2)="61",CONCATENATE(LEFT(C100,2),"G6"),IF(RIGHT(C100,2)="62",CONCATENATE(LEFT(C100,2),"G7"),IF(RIGHT(C100,2)="63",CONCATENATE(LEFT(C100,2),"G8"),IF(RIGHT(C100,2)="64",CONCATENATE(LEFT(C100,2),"G9"),IF(RIGHT(C100,2)="65",CONCATENATE(LEFT(C100,2),"H0"),IF(RIGHT(C100,2)="66",CONCATENATE(LEFT(C100,2),"H1"),IF(RIGHT(C100,2)="67",CONCATENATE(LEFT(C100,2),"H2"),IF(RIGHT(C100,2)="68",CONCATENATE(LEFT(C100,2),"H3"),IF(RIGHT(C100,2)="68",CONCATENATE(LEFT(C100,2),"H4"),C100)))))))))))))))) -> 38G0 | H100: 22 | I100: 54 | J100: 33.126 | K100: 10 | L100: 46.27 | M100: 54 | N100: 32.546 | O100: 10 | P100: 43.138 | Q100: 0 | R100: 0 | S100: 0 | T100: 0 | U100: 0 | V100: 0 | W100: 0 | X100: 0 | Y100: 0 | Z100: 0 | AA100: 0 | AB100: 0 | AC100: 0 | AD100: 0 | AE100: 0 | AF100: 0 | AG100: 0 | AH100: 0 | AI100: 0 | AJ100: 0 | AK100: 0 | AL100: 0 | AM100: 0 | AN100: 0 | AO100: 0 | AP100: 0 | AQ100: 0 | AR100: 0 | AS100: 0 | AT100: 0 | AU100: 0 | AV100: 0 | AX100: 22 | AY100: 21 | AZ100: 23 | BA100: 0 | BB100: 0 | BC100: 0 | BD100: 0 | BE100: 0 | BF100: 0 | BG100: 0 | BH100: 0 | BI100: German R/V | BJ100: GFR | BK100: No | BM100: 1 | BN100: 1.9069988 | BP100: 2 | BQ100: 1.9069988 | BR100: 2 | BS100: 5433.126 | BT100: 1046.27 | BU100: 3801 | BV100: 5503 | BW100: 5435 | BX100: 1050
A101: V | B101: 22135 | C101: 3856 | D101: =IF(K101=9,54,IF(K101=10,55,IF(K101=11,56,""))) -> 56 | E101: =IF(D101=_xlfn.NUMBERVALUE(RIGHT(C101,2)),"OK","") -> OK | F101: =CONCATENATE(LEFT(C101,2),D101) -> 3856 | G101: =IF(RIGHT(C101,2)="54",CONCATENATE(LEFT(C101,2),"F9"),IF(RIGHT(C101,2)="55",CONCATENATE(LEFT(C101,2),"G0"),IF(RIGHT(C101,2)="56",CONCATENATE(LEFT(C101,2),"G1"),IF(RIGHT(C101,2)="57",CONCATENATE(LEFT(C101,2),"G2"),IF(RIGHT(C101,2)="58",CONCATENATE(LEFT(C101,2),"G3"),IF(RIGHT(C101,2)="59",CONCATENATE(LEFT(C101,2),"G4"),IF(RIGHT(C101,2)="60",CONCATENATE(LEFT(C101,2),"G5"),IF(RIGHT(C101,2)="61",CONCATENATE(LEFT(C101,2),"G6"),IF(RIGHT(C101,2)="62",CONCATENATE(LEFT(C101,2),"G7"),IF(RIGHT(C101,2)="63",CONCATENATE(LEFT(C101,2),"G8"),IF(RIGHT(C101,2)="64",CONCATENATE(LEFT(C101,2),"G9"),IF(RIGHT(C101,2)="65",CONCATENATE(LEFT(C101,2),"H0"),IF(RIGHT(C101,2)="66",CONCATENATE(LEFT(C101,2),"H1"),IF(RIGHT(C101,2)="67",CONCATENATE(LEFT(C101,2),"H2"),IF(RIGHT(C101,2)="68",CONCATENATE(LEFT(C101,2),"H3"),IF(RIGHT(C101,2)="68",CONCATENATE(LEFT(C101,2),"H4"),C101)))))))))))))))) -> 38G1 | H101: 22 | I101: 54 | J101: 37.4 | K101: 11 | L101: 5 | M101: 54 | N101: 35.8 | O101: 11 | P101: 7.7 | Q101: 0 | R101: 0 | S101: 0 | T101: 0 | U101: 0 | V101: 0 | W101: 0 | X101: 0 | Y101: 0 | Z101: 0 | AA101: 0 | AB101: 0 | AC101: 0 | AD101: 0 | AE101: 0 | AF101: 0 | AG101: 0 | AH101: 0 | AI101: 0 | AJ101: 0 | AK101: 0 | AL101: 0 | AM101: 0 | AN101: 0 | AO101: 0 | AP101: 0 | AQ101: 0 | AR101: 0 | AS101: 0 | AT101: 0 | AU101: 0 | AV101: 0 | AX101: 28 | AY101: 28 | AZ101: 28 | BA101: 0 | BB101: 0 | BC101: 0 | BD101: 0 | BE101: 0 | BF101: 0 | BG101: 0 | BH101: 0 | BI101: Havfisken | BJ101: GFR | BK101: No | BN101: 2.2372034 | BP101: 2 | BQ101: 2.2372034 | BR101: 2 | BS101: 5437.4 | BT101: 1105 | BU101: 3801 | BV101: 5601 | BW101: 5435 | BX101: 1110
A102: V | B102: 22136 | C102: 3855 | D102: =IF(K102=9,54,IF(K102=10,55,IF(K102=11,56,""))) -> 55 | E102: =IF(D102=_xlfn.NUMBERVALUE(RIGHT(C102,2)),"OK","") -> OK | F102: =CONCATENATE(LEFT(C102,2),D102) -> 3855 | G102: =IF(RIGHT(C102,2)="54",CONCATENATE(LEFT(C102,2),"F9"),IF(RIGHT(C102,2)="55",CONCATENATE(LEFT(C102,2),"G0"),IF(RIGHT(C102,2)="56",CONCATENATE(LEFT(C102,2),"G1"),IF(RIGHT(C102,2)="57",CONCATENATE(LEFT(C102,2),"G2"),IF(RIGHT(C102,2)="58",CONCATENATE(LEFT(C102,2),"G3"),IF(RIGHT(C102,2)="59",CONCATENATE(LEFT(C102,2),"G4"),IF(RIGHT(C102,2)="60",CONCATENATE(LEFT(C102,2),"G5"),IF(RIGHT(C102,2)="61",CONCATENATE(LEFT(C102,2),"G6"),IF(RIGHT(C102,2)="62",CONCATENATE(LEFT(C102,2),"G7"),IF(RIGHT(C102,2)="63",CONCATENATE(LEFT(C102,2),"G8"),IF(RIGHT(C102,2)="64",CONCATENATE(LEFT(C102,2),"G9"),IF(RIGHT(C102,2)="65",CONCATENATE(LEFT(C102,2),"H0"),IF(RIGHT(C102,2)="66",CONCATENATE(LEFT(C102,2),"H1"),IF(RIGHT(C102,2)="67",CONCATENATE(LEFT(C102,2),"H2"),IF(RIGHT(C102,2)="68",CONCATENATE(LEFT(C102,2),"H3"),IF(RIGHT(C102,2)="68",CONCATENATE(LEFT(C102,2),"H4"),C102)))))))))))))))) -> 38G0 | H102: 22 | I102: 54 | J102: 44.5 | K102: 10 | L102: 11.9 | M102: 54 | N102: 42.5 | O102: 10 | P102: 13.8 | Q102: 0 | R102: 0 | S102: 0 | T102: 0 | U102: 0 | V102: 0 | W102: 0 | X102: 0 | Y102: 0 | Z102: 0 | AA102: 0 | AB102: 0 | AC102: 0 | AD102: 0 | AE102: 0 | AF102: 0 | AG102: 0 | AH102: 0 | AI102: 0 | AJ102: 0 | AK102: 0 | AL102: 0 | AM102: 0 | AN102: 0 | AO102: 0 | AP102: 0 | AQ102: 0 | AR102: 0 | AS102: 0 | AT102: 0 | AU102: 0 | AV102: 0 | AX102: 23 | AY102: 23 | AZ102: 23 | BA102: 0 | BB102: 0 | BC102: 0 | BD102: 0 | BE102: 0 | BF102: 0 | BG102: 0 | BH102: 0 | BI102: Havfisken | BJ102: GFR | BK102: No | BN102: 2.2812197 | BP102: 2 | BQ102: 2.2812197 | BR102: 2 | BS102: 5444.5 | BT102: 1011.9 | BU102: 3802 | BV102: 5501 | BW102: 5445 | BX102: 1010
A103: V | B103: 22137 | C103: 3855 | D103: =IF(K103=9,54,IF(K103=10,55,IF(K103=11,56,""))) -> 55 | E103: =IF(D103=_xlfn.NUMBERVALUE(RIGHT(C103,2)),"OK","") -> OK | F103: =CONCATENATE(LEFT(C103,2),D103) -> 3855 | G103: =IF(RIGHT(C103,2)="54",CONCATENATE(LEFT(C103,2),"F9"),IF(RIGHT(C103,2)="55",CONCATENATE(LEFT(C103,2),"G0"),IF(RIGHT(C103,2)="56",CONCATENATE(LEFT(C103,2),"G1"),IF(RIGHT(C103,2)="57",CONCATENATE(LEFT(C103,2),"G2"),IF(RIGHT(C103,2)="58",CONCATENATE(LEFT(C103,2),"G3"),IF(RIGHT(C103,2)="59",CONCATENATE(LEFT(C103,2),"G4"),IF(RIGHT(C103,2)="60",CONCATENATE(LEFT(C103,2),"G5"),IF(RIGHT(C103,2)="61",CONCATENATE(LEFT(C103,2),"G6"),IF(RIGHT(C103,2)="62",CONCATENATE(LEFT(C103,2),"G7"),IF(RIGHT(C103,2)="63",CONCATENATE(LEFT(C103,2),"G8"),IF(RIGHT(C103,2)="64",CONCATENATE(LEFT(C103,2),"G9"),IF(RIGHT(C103,2)="65",CONCATENATE(LEFT(C103,2),"H0"),IF(RIGHT(C103,2)="66",CONCATENATE(LEFT(C103,2),"H1"),IF(RIGHT(C103,2)="67",CONCATENATE(LEFT(C103,2),"H2"),IF(RIGHT(C103,2)="68",CONCATENATE(LEFT(C103,2),"H3"),IF(RIGHT(C103,2)="68",CONCATENATE(LEFT(C103,2),"H4"),C103)))))))))))))))) -> 38G0 | H103: 22 | I103: 54 | J103: 42.9 | K103: 10 | L103: 44.9 | M103: 54 | N103: 40.9 | O103: 10 | P103: 43.9 | Q103: 0 | R103: 0 | S103: 0 | T103: 0 | U103: 0 | V103: 0 | W103: 0 | X103: 0 | Y103: 0 | Z103: 0 | AA103: 0 | AB103: 0 | AC103: 0 | AD103: 0 | AE103: 0 | AF103: 0 | AG103: 0 | AH103: 0 | AI103: 0 | AJ103: 0 | AK103: 0 | AL103: 0 | AM103: 0 | AN103: 0 | AO103: 0 | AP103: 0 | AQ103: 0 | AR103: 0 | AS103: 0 | AT103: 0 | AU103: 0 | AV103: 0 | AX103: 18 | AY103: 18 | AZ103: 18 | BA103: 0 | BB103: 0 | BC103: 0 | BD103: 0 | BE103: 0 | BF103: 0 | BG103: 0 | BH103: 0 | BI103: Havfisken | BJ103: DEN | BK103: No | BM103: 1 | BN103: 2.0818133 | BP103: 1 | BQ103: 2.0818133 | BR103: 2 | BS103: 5442.9 | BT103: 1044.9 | BU103: 3802 | BV103: 5503 | BW103: 5445 | BX103: 1050
A104: I | B104: 22138 | C104: 38G0 | D104: =IF(K104=9,54,IF(K104=10,55,IF(K104=11,56,""))) -> 55 | E104: =IF(D104=_xlfn.NUMBERVALUE(RIGHT(C104,2)),"OK","") -> #VALUE! | F104: =CONCATENATE(LEFT(C104,2),D104) -> 3855 | G104: =IF(RIGHT(C104,2)="54",CONCATENATE(LEFT(C104,2),"F9"),IF(RIGHT(C104,2)="55",CONCATENATE(LEFT(C104,2),"G0"),IF(RIGHT(C104,2)="56",CONCATENATE(LEFT(C104,2),"G1"),IF(RIGHT(C104,2)="57",CONCATENATE(LEFT(C104,2),"G2"),IF(RIGHT(C104,2)="58",CONCATENATE(LEFT(C104,2),"G3"),IF(RIGHT(C104,2)="59",CONCATENATE(LEFT(C104,2),"G4"),IF(RIGHT(C104,2)="60",CONCATENATE(LEFT(C104,2),"G5"),IF(RIGHT(C104,2)="61",CONCATENATE(LEFT(C104,2),"G6"),IF(RIGHT(C104,2)="62",CONCATENATE(LEFT(C104,2),"G7"),IF(RIGHT(C104,2)="63",CONCATENATE(LEFT(C104,2),"G8"),IF(RIGHT(C104,2)="64",CONCATENATE(LEFT(C104,2),"G9"),IF(RIGHT(C104,2)="65",CONCATENATE(LEFT(C104,2),"H0"),IF(RIGHT(C104,2)="66",CONCATENATE(LEFT(C104,2),"H1"),IF(RIGHT(C104,2)="67",CONCATENATE(LEFT(C104,2),"H2"),IF(RIGHT(C104,2)="68",CONCATENATE(LEFT(C104,2),"H3"),IF(RIGHT(C104,2)="68",CONCATENATE(LEFT(C104,2),"H4"),C104)))))))))))))))) -> 38G0 | H104: 22 | I104: 54 | J104: 46.8 | K104: 10 | L104: 25.3 | M104: 0 | N104: 0 | O104: 0 | P104: 0 | Q104: 0 | R104: 0 | S104: 0 | T104: 0 | U104: 0 | V104: 0 | W104: 0 | X104: 0 | Y104: 0 | Z104: 0 | AA104: 0 | AB104: 0 | AC104: 0 | AD104: 0 | AE104: 0 | AF104: 0 | AG104: 0 | AH104: 0 | AI104: 0 | AJ104: 0 | AK104: 0 | AL104: 0 | AM104: 0 | AN104: 0 | AO104: 0 | AP104: 0 | AQ104: 0 | AR104: 0 | AS104: 0 | AT104: 0 | AU104: 0 | AV104: 0 | AX104: 23 | AY104: 23 | AZ104: 23 | BA104: 23 | BB104: 0 | BC104: 0 | BD104: 0 | BE104: 0 | BF104: 0 | BG104: 0 | BH104: 0 | BI104: Havfisken | BJ104: DEN | BK104: No | BN104: 2.2057996 | BP104: 1 | BQ104: 2.2057996 | BR104: 2 | BS104: 5446.8 | BT104: 1025.3 | BU104: 3802 | BV104: 5502 | BW104: 5445 | BX104: 1030
A105: I | B105: 22139 | C105: 37G1 | D105: =IF(K105=9,54,IF(K105=10,55,IF(K105=11,56,""))) -> 56 | E105: =IF(D105=_xlfn.NUMBERVALUE(RIGHT(C105,2)),"OK","") -> #VALUE! | F105: =CONCATENATE(LEFT(C105,2),D105) -> 3756 | G105: =IF(RIGHT(C105,2)="54",CONCATENATE(LEFT(C105,2),"F9"),IF(RIGHT(C105,2)="55",CONCATENATE(LEFT(C105,2),"G0"),IF(RIGHT(C105,2)="56",CONCATENATE(LEFT(C105,2),"G1"),IF(RIGHT(C105,2)="57",CONCATENATE(LEFT(C105,2),"G2"),IF(RIGHT(C105,2)="58",CONCATENATE(LEFT(C105,2),"G3"),IF(RIGHT(C105,2)="59",CONCATENATE(LEFT(C105,2),"G4"),IF(RIGHT(C105,2)="60",CONCATENATE(LEFT(C105,2),"G5"),IF(RIGHT(C105,2)="61",CONCATENATE(LEFT(C105,2),"G6"),IF(RIGHT(C105,2)="62",CONCATENATE(LEFT(C105,2),"G7"),IF(RIGHT(C105,2)="63",CONCATENATE(LEFT(C105,2),"G8"),IF(RIGHT(C105,2)="64",CONCATENATE(LEFT(C105,2),"G9"),IF(RIGHT(C105,2)="65",CONCATENATE(LEFT(C105,2),"H0"),IF(RIGHT(C105,2)="66",CONCATENATE(LEFT(C105,2),"H1"),IF(RIGHT(C105,2)="67",CONCATENATE(LEFT(C105,2),"H2"),IF(RIGHT(C105,2)="68",CONCATENATE(LEFT(C105,2),"H3"),IF(RIGHT(C105,2)="68",CONCATENATE(LEFT(C105,2),"H4"),C105)))))))))))))))) -> 37G1 | H105: 22 | I105: 54 | J105: 26 | K105: 11 | L105: 31.5 | M105: 54 | N105: 23.4 | O105: 11 | P105: 30.6 | Q105: 0 | R105: 0 | S105: 0 | T105: 0 | U105: 0 | V105: 0 | W105: 0 | X105: 0 | Y105: 0 | Z105: 0 | AA105: 0 | AB105: 0 | AC105: 0 | AD105: 0 | AE105: 0 | AF105: 0 | AG105: 0 | AH105: 0 | AI105: 0 | AJ105: 0 | AK105: 0 | AL105: 0 | AM105: 0 | AN105: 0 | AO105: 0 | AP105: 0 | AQ105: 0 | AR105: 0 | AS105: 0 | AT105: 0 | AU105: 0 | AV105: 0 | AX105: 25 | AY105: 0 | AZ105: 0 | BA105: 0 | BB105: 0 | BC105: 0 | BD105: 0 | BE105: 0 | BF105: 0 | BG105: 0 | BH105: 0 | BI105: Solea | BJ105: GFR | BK105: No | BP105: 2 | BQ105: 2.6522304 | BR105: 2 | BS105: 5426 | BT105: 1131.5 | BU105: 3703 | BV105: 5602 | BW105: 5425 | BX105: 1130
A106: V | B106: 22140 | C106: 37G1 | D106: =IF(K106=9,54,IF(K106=10,55,IF(K106=11,56,""))) -> 56 | E106: =IF(D106=_xlfn.NUMBERVALUE(RIGHT(C106,2)),"OK","") -> #VALUE! | F106: =CONCATENATE(LEFT(C106,2),D106) -> 3756 | G106: =IF(RIGHT(C106,2)="54",CONCATENATE(LEFT(C106,2),"F9"),IF(RIGHT(C106,2)="55",CONCATENATE(LEFT(C106,2),"G0"),IF(RIGHT(C106,2)="56",CONCATENATE(LEFT(C106,2),"G1"),IF(RIGHT(C106,2)="57",CONCATENATE(LEFT(C106,2),"G2"),IF(RIGHT(C106,2)="58",CONCATENATE(LEFT(C106,2),"G3"),IF(RIGHT(C106,2)="59",CONCATENATE(LEFT(C106,2),"G4"),IF(RIGHT(C106,2)="60",CONCATENATE(LEFT(C106,2),"G5"),IF(RIGHT(C106,2)="61",CONCATENATE(LEFT(C106,2),"G6"),IF(RIGHT(C106,2)="62",CONCATENATE(LEFT(C106,2),"G7"),IF(RIGHT(C106,2)="63",CONCATENATE(LEFT(C106,2),"G8"),IF(RIGHT(C106,2)="64",CONCATENATE(LEFT(C106,2),"G9"),IF(RIGHT(C106,2)="65",CONCATENATE(LEFT(C106,2),"H0"),IF(RIGHT(C106,2)="66",CONCATENATE(LEFT(C106,2),"H1"),IF(RIGHT(C106,2)="67",CONCATENATE(LEFT(C106,2),"H2"),IF(RIGHT(C106,2)="68",CONCATENATE(LEFT(C106,2),"H3"),IF(RIGHT(C106,2)="68",CONCATENATE(LEFT(C106,2),"H4"),C106)))))))))))))))) -> 37G1 | H106: 22 | I106: 54 | J106: 25.9 | K106: 11 | L106: 37 | M106: 54 | N106: 24.5 | O106: 11 | P106: 43.7 | Q106: 0 | R106: 0 | S106: 0 | T106: 0 | U106: 0 | V106: 0 | W106: 0 | X106: 0 | Y106: 0 | Z106: 0 | AA106: 0 | AB106: 0 | AC106: 0 | AD106: 0 | AE106: 0 | AF106: 0 | AG106: 0 | AH106: 0 | AI106: 0 | AJ106: 0 | AK106: 0 | AL106: 0 | AM106: 0 | AN106: 0 | AO106: 0 | AP106: 0 | AQ106: 0 | AR106: 0 | AS106: 0 | AT106: 0 | AU106: 0 | AV106: 0 | AX106: 24 | AY106: 0 | AZ106: 0 | BA106: 0 | BB106: 0 | BC106: 0 | BD106: 0 | BE106: 0 | BF106: 0 | BG106: 0 | BH106: 0 | BI106: Solea | BJ106: DEN | BK106: No | BL106: 1 | BP106: 1 | BQ106: 4.1420901 | BR106: 2 | BS106: 5425.9 | BT106: 1137 | BU106: 3703 | BV106: 5602 | BW106: 5425 | BX106: 1130
A107: V | B107: 22141 | C107: 37G1 | D107: =IF(K107=9,54,IF(K107=10,55,IF(K107=11,56,""))) -> 56 | E107: =IF(D107=_xlfn.NUMBERVALUE(RIGHT(C107,2)),"OK","") -> #VALUE! | F107: =CONCATENATE(LEFT(C107,2),D107) -> 3756 | G107: =IF(RIGHT(C107,2)="54",CONCATENATE(LEFT(C107,2),"F9"),IF(RIGHT(C107,2)="55",CONCATENATE(LEFT(C107,2),"G0"),IF(RIGHT(C107,2)="56",CONCATENATE(LEFT(C107,2),"G1"),IF(RIGHT(C107,2)="57",CONCATENATE(LEFT(C107,2),"G2"),IF(RIGHT(C107,2)="58",CONCATENATE(LEFT(C107,2),"G3"),IF(RIGHT(C107,2)="59",CONCATENATE(LEFT(C107,2),"G4"),IF(RIGHT(C107,2)="60",CONCATENATE(LEFT(C107,2),"G5"),IF(RIGHT(C107,2)="61",CONCATENATE(LEFT(C107,2),"G6"),IF(RIGHT(C107,2)="62",CONCATENATE(LEFT(C107,2),"G7"),IF(RIGHT(C107,2)="63",CONCATENATE(LEFT(C107,2),"G8"),IF(RIGHT(C107,2)="64",CONCATENATE(LEFT(C107,2),"G9"),IF(RIGHT(C107,2)="65",CONCATENATE(LEFT(C107,2),"H0"),IF(RIGHT(C107,2)="66",CONCATENATE(LEFT(C107,2),"H1"),IF(RIGHT(C107,2)="67",CONCATENATE(LEFT(C107,2),"H2"),IF(RIGHT(C107,2)="68",CONCATENATE(LEFT(C107,2),"H3"),IF(RIGHT(C107,2)="68",CONCATENATE(LEFT(C107,2),"H4"),C107)))))))))))))))) -> 37G1 | H107: 22 | I107: 54 | J107: 14.4 | K107: 11 | L107: 25.3 | M107: 54 | N107: 15.1 | O107: 11 | P107: 27.7 | Q107: 0 | R107: 0 | S107: 0 | T107: 0 | U107: 0 | V107: 0 | W107: 0 | X107: 0 | Y107: 0 | Z107: 0 | AA107: 0 | AB107: 0 | AC107: 0 | AD107: 0 | AE107: 0 | AF107: 0 | AG107: 0 | AH107: 0 | AI107: 0 | AJ107: 0 | AK107: 0 | AL107: 0 | AM107: 0 | AN107: 0 | AO107: 0 | AP107: 0 | AQ107: 0 | AR107: 0 | AS107: 0 | AT107: 0 | AU107: 0 | AV107: 0 | AX107: 22 | AY107: 0 | AZ107: 0 | BA107: 0 | BB107: 0 | BC107: 0 | BD107: 0 | BE107: 0 | BF107: 0 | BG107: 0 | BH107: 0 | BI107: Solea | BJ107: GFR | BK107: No | BL107: 1 | BP107: 1 | BQ107: 1.5673416 | BR107: 2 | BS107: 5414.4 | BT107: 1125.3 | BU107: 3702 | BV107: 5602 | BW107: 5415 | BX107: 1130
A108: V | B108: 22142 | C108: 37G1 | D108: =IF(K108=9,54,IF(K108=10,55,IF(K108=11,56,""))) -> 56 | E108: =IF(D108=_xlfn.NUMBERVALUE(RIGHT(C108,2)),"OK","") -> #VALUE! | F108: =CONCATENATE(LEFT(C108,2),D108) -> 3756 | G108: =IF(RIGHT(C108,2)="54",CONCATENATE(LEFT(C108,2),"F9"),IF(RIGHT(C108,2)="55",CONCATENATE(LEFT(C108,2),"G0"),IF(RIGHT(C108,2)="56",CONCATENATE(LEFT(C108,2),"G1"),IF(RIGHT(C108,2)="57",CONCATENATE(LEFT(C108,2),"G2"),IF(RIGHT(C108,2)="58",CONCATENATE(LEFT(C108,2),"G3"),IF(RIGHT(C108,2)="59",CONCATENATE(LEFT(C108,2),"G4"),IF(RIGHT(C108,2)="60",CONCATENATE(LEFT(C108,2),"G5"),IF(RIGHT(C108,2)="61",CONCATENATE(LEFT(C108,2),"G6"),IF(RIGHT(C108,2)="62",CONCATENATE(LEFT(C108,2),"G7"),IF(RIGHT(C108,2)="63",CONCATENATE(LEFT(C108,2),"G8"),IF(RIGHT(C108,2)="64",CONCATENATE(LEFT(C108,2),"G9"),IF(RIGHT(C108,2)="65",CONCATENATE(LEFT(C108,2),"H0"),IF(RIGHT(C108,2)="66",CONCATENATE(LEFT(C108,2),"H1"),IF(RIGHT(C108,2)="67",CONCATENATE(LEFT(C108,2),"H2"),IF(RIGHT(C108,2)="68",CONCATENATE(LEFT(C108,2),"H3"),IF(RIGHT(C108,2)="68",CONCATENATE(LEFT(C108,2),"H4"),C108)))))))))))))))) -> 37G1 | H108: 22 | I108: 54 | J108: 15.9 | K108: 11 | L108: 30.1 | M108: 54 | N108: 16.4 | O108: 11 | P108: 32.9 | Q108: 0 | R108: 0 | S108: 0 | T108: 0 | U108: 0 | V108: 0 | W108: 0 | X108: 0 | Y108: 0 | Z108: 0 | AA108: 0 | AB108: 0 | AC108: 0 | AD108: 0 | AE108: 0 | AF108: 0 | AG108: 0 | AH108: 0 | AI108: 0 | AJ108: 0 | AK108: 0 | AL108: 0 | AM108: 0 | AN108: 0 | AO108: 0 | AP108: 0 | AQ108: 0 | AR108: 0 | AS108: 0 | AT108: 0 | AU108: 0 | AV108: 0 | AX108: 24 | AY108: 0 | AZ108: 0 | BA108: 0 | BB108: 0 | BC108: 0 | BD108: 0 | BE108: 0 | BF108: 0 | BG108: 0 | BH108: 0 | BI108: Solea | BJ108: GFR | BK108: No | BL108: 1 | BP108: 1 | BQ108: 1.7098768 | BR108: 2 | BS108: 5415.9 | BT108: 1130.1 | BU108: 3702 | BV108: 5602 | BW108: 5415 | BX108: 1130
A109: V | B109: 22143 | C109: 37G1 | D109: =IF(K109=9,54,IF(K109=10,55,IF(K109=11,56,""))) -> 56 | E109: =IF(D109=_xlfn.NUMBERVALUE(RIGHT(C109,2)),"OK","") -> #VALUE! | F109: =CONCATENATE(LEFT(C109,2),D109) -> 3756 | G109: =IF(RIGHT(C109,2)="54",CONCATENATE(LEFT(C109,2),"F9"),IF(RIGHT(C109,2)="55",CONCATENATE(LEFT(C109,2),"G0"),IF(RIGHT(C109,2)="56",CONCATENATE(LEFT(C109,2),"G1"),IF(RIGHT(C109,2)="57",CONCATENATE(LEFT(C109,2),"G2"),IF(RIGHT(C109,2)="58",CONCATENATE(LEFT(C109,2),"G3"),IF(RIGHT(C109,2)="59",CONCATENATE(LEFT(C109,2),"G4"),IF(RIGHT(C109,2)="60",CONCATENATE(LEFT(C109,2),"G5"),IF(RIGHT(C109,2)="61",CONCATENATE(LEFT(C109,2),"G6"),IF(RIGHT(C109,2)="62",CONCATENATE(LEFT(C109,2),"G7"),IF(RIGHT(C109,2)="63",CONCATENATE(LEFT(C109,2),"G8"),IF(RIGHT(C109,2)="64",CONCATENATE(LEFT(C109,2),"G9"),IF(RIGHT(C109,2)="65",CONCATENATE(LEFT(C109,2),"H0"),IF(RIGHT(C109,2)="66",CONCATENATE(LEFT(C109,2),"H1"),IF(RIGHT(C109,2)="67",CONCATENATE(LEFT(C109,2),"H2"),IF(RIGHT(C109,2)="68",CONCATENATE(LEFT(C109,2),"H3"),IF(RIGHT(C109,2)="68",CONCATENATE(LEFT(C109,2),"H4"),C109)))))))))))))))) -> 37G1 | H109: 22 | I109: 54 | J109: 12.9 | K109: 11 | L109: 33.1 | M109: 54 | N109: 13.9 | O109: 11 | P109: 37.4 | Q109: 0 | R109: 0 | S109: 0 | T109: 0 | U109: 0 | V109: 0 | W109: 0 | X109: 0 | Y109: 0 | Z109: 0 | AA109: 0 | AB109: 0 | AC109: 0 | AD109: 0 | AE109: 0 | AF109: 0 | AG109: 0 | AH109: 0 | AI109: 0 | AJ109: 0 | AK109: 0 | AL109: 0 | AM109: 0 | AN109: 0 | AO109: 0 | AP109: 0 | AQ109: 0 | AR109: 0 | AS109: 0 | AT109: 0 | AU109: 0 | AV109: 0 | AX109: 25 | AY109: 0 | AZ109: 0 | BA109: 0 | BB109: 0 | BC109: 0 | BD109: 0 | BE109: 0 | BF109: 0 | BG109: 0 | BH109: 0 | BI109: Solea | BJ109: GFR | BK109: No | BL109: 1 | BP109: 2 | BQ109: 2.7054907 | BR109: 2 | BS109: 5412.9 | BT109: 1133.1 | BU109: 3702 | BV109: 5602 | BW109: 5415 | BX109: 1130
A110: V | B110: 22144 | C110: 37G1 | D110: =IF(K110=9,54,IF(K110=10,55,IF(K110=11,56,""))) -> 56 | E110: =IF(D110=_xlfn.NUMBERVALUE(RIGHT(C110,2)),"OK","") -> #VALUE! | F110: =CONCATENATE(LEFT(C110,2),D110) -> 3756 | G110: =IF(RIGHT(C110,2)="54",CONCATENATE(LEFT(C110,2),"F9"),IF(RIGHT(C110,2)="55",CONCATENATE(LEFT(C110,2),"G0"),IF(RIGHT(C110,2)="56",CONCATENATE(LEFT(C110,2),"G1"),IF(RIGHT(C110,2)="57",CONCATENATE(LEFT(C110,2),"G2"),IF(RIGHT(C110,2)="58",CONCATENATE(LEFT(C110,2),"G3"),IF(RIGHT(C110,2)="59",CONCATENATE(LEFT(C110,2),"G4"),IF(RIGHT(C110,2)="60",CONCATENATE(LEFT(C110,2),"G5"),IF(RIGHT(C110,2)="61",CONCATENATE(LEFT(C110,2),"G6"),IF(RIGHT(C110,2)="62",CONCATENATE(LEFT(C110,2),"G7"),IF(RIGHT(C110,2)="63",CONCATENATE(LEFT(C110,2),"G8"),IF(RIGHT(C110,2)="64",CONCATENATE(LEFT(C110,2),"G9"),IF(RIGHT(C110,2)="65",CONCATENATE(LEFT(C110,2),"H0"),IF(RIGHT(C110,2)="66",CONCATENATE(LEFT(C110,2),"H1"),IF(RIGHT(C110,2)="67",CONCATENATE(LEFT(C110,2),"H2"),IF(RIGHT(C110,2)="68",CONCATENATE(LEFT(C110,2),"H3"),IF(RIGHT(C110,2)="68",CONCATENATE(LEFT(C110,2),"H4"),C110)))))))))))))))) -> 37G1 | H110: 22 | I110: 54 | J110: 18.23 | K110: 11 | L110: 29.17 | M110: 54 | N110: 18.32 | O110: 11 | P110: 26.6 | Q110: 0 | R110: 0 | S110: 0 | T110: 0 | U110: 0 | V110: 0 | W110: 0 | X110: 0 | Y110: 0 | Z110: 0 | AA110: 0 | AB110: 0 | AC110: 0 | AD110: 0 | AE110: 0 | AF110: 0 | AG110: 0 | AH110: 0 | AI110: 0 | AJ110: 0 | AK110: 0 | AL110: 0 | AM110: 0 | AN110: 0 | AO110: 0 | AP110: 0 | AQ110: 0 | AR110: 0 | AS110: 0 | AT110: 0 | AU110: 0 | AV110: 0 | AX110: 24 | AY110: 0 | AZ110: 0 | BA110: 0 | BB110: 0 | BC110: 0 | BD110: 0 | BE110: 0 | BF110: 0 | BG110: 0 | BH110: 0 | BI110: Solea | BJ110: GFR | BK110: No | BL110: 1 | BP110: 2 | BQ110: 1.5022323 | BR110: 2 | BS110: 5418.23 | BT110: 1129.17 | BU110: 3702 | BV110: 5602 | BW110: 5415 | BX110: 1130
A111: V | B111: 22145 | C111: 37G1 | D111: =IF(K111=9,54,IF(K111=10,55,IF(K111=11,56,""))) -> 56 | E111: =IF(D111=_xlfn.NUMBERVALUE(RIGHT(C111,2)),"OK","") -> #VALUE! | F111: =CONCATENATE(LEFT(C111,2),D111) -> 3756 | G111: =IF(RIGHT(C111,2)="54",CONCATENATE(LEFT(C111,2),"F9"),IF(RIGHT(C111,2)="55",CONCATENATE(LEFT(C111,2),"G0"),IF(RIGHT(C111,2)="56",CONCATENATE(LEFT(C111,2),"G1"),IF(RIGHT(C111,2)="57",CONCATENATE(LEFT(C111,2),"G2"),IF(RIGHT(C111,2)="58",CONCATENATE(LEFT(C111,2),"G3"),IF(RIGHT(C111,2)="59",CONCATENATE(LEFT(C111,2),"G4"),IF(RIGHT(C111,2)="60",CONCATENATE(LEFT(C111,2),"G5"),IF(RIGHT(C111,2)="61",CONCATENATE(LEFT(C111,2),"G6"),IF(RIGHT(C111,2)="62",CONCATENATE(LEFT(C111,2),"G7"),IF(RIGHT(C111,2)="63",CONCATENATE(LEFT(C111,2),"G8"),IF(RIGHT(C111,2)="64",CONCATENATE(LEFT(C111,2),"G9"),IF(RIGHT(C111,2)="65",CONCATENATE(LEFT(C111,2),"H0"),IF(RIGHT(C111,2)="66",CONCATENATE(LEFT(C111,2),"H1"),IF(RIGHT(C111,2)="67",CONCATENATE(LEFT(C111,2),"H2"),IF(RIGHT(C111,2)="68",CONCATENATE(LEFT(C111,2),"H3"),IF(RIGHT(C111,2)="68",CONCATENATE(LEFT(C111,2),"H4"),C111)))))))))))))))) -> 37G1 | H111: 22 | I111: 54 | J111: 17.9 | K111: 11 | L111: 31.6 | M111: 54 | N111: 17.5 | O111: 11 | P111: 34.3 | Q111: 0 | R111: 0 | S111: 0 | T111: 0 | U111: 0 | V111: 0 | W111: 0 | X111: 0 | Y111: 0 | Z111: 0 | AA111: 0 | AB111: 0 | AC111: 0 | AD111: 0 | AE111: 0 | AF111: 0 | AG111: 0 | AH111: 0 | AI111: 0 | AJ111: 0 | AK111: 0 | AL111: 0 | AM111: 0 | AN111: 0 | AO111: 0 | AP111: 0 | AQ111: 0 | AR111: 0 | AS111: 0 | AT111: 0 | AU111: 0 | AV111: 0 | AX111: 24 | AY111: 0 | AZ111: 0 | BA111: 0 | BB111: 0 | BC111: 0 | BD111: 0 | BE111: 0 | BF111: 0 | BG111: 0 | BH111: 0 | BI111: Solea | BJ111: GFR | BK111: No | BL111: 1 | BP111: 2 | BQ111: 1.6257294 | BR111: 2 | BS111: 5417.9 | BT111: 1131.6 | BU111: 3702 | BV111: 5602 | BW111: 5415 | BX111: 1130
A112: V | B112: 22146 | C112: 37G1 | D112: =IF(K112=9,54,IF(K112=10,55,IF(K112=11,56,""))) -> 56 | E112: =IF(D112=_xlfn.NUMBERVALUE(RIGHT(C112,2)),"OK","") -> #VALUE! | F112: =CONCATENATE(LEFT(C112,2),D112) -> 3756 | G112: =IF(RIGHT(C112,2)="54",CONCATENATE(LEFT(C112,2),"F9"),IF(RIGHT(C112,2)="55",CONCATENATE(LEFT(C112,2),"G0"),IF(RIGHT(C112,2)="56",CONCATENATE(LEFT(C112,2),"G1"),IF(RIGHT(C112,2)="57",CONCATENATE(LEFT(C112,2),"G2"),IF(RIGHT(C112,2)="58",CONCATENATE(LEFT(C112,2),"G3"),IF(RIGHT(C112,2)="59",CONCATENATE(LEFT(C112,2),"G4"),IF(RIGHT(C112,2)="60",CONCATENATE(LEFT(C112,2),"G5"),IF(RIGHT(C112,2)="61",CONCATENATE(LEFT(C112,2),"G6"),IF(RIGHT(C112,2)="62",CONCATENATE(LEFT(C112,2),"G7"),IF(RIGHT(C112,2)="63",CONCATENATE(LEFT(C112,2),"G8"),IF(RIGHT(C112,2)="64",CONCATENATE(LEFT(C112,2),"G9"),IF(RIGHT(C112,2)="65",CONCATENATE(LEFT(C112,2),"H0"),IF(RIGHT(C112,2)="66",CONCATENATE(LEFT(C112,2),"H1"),IF(RIGHT(C112,2)="67",CONCATENATE(LEFT(C112,2),"H2"),IF(RIGHT(C112,2)="68",CONCATENATE(LEFT(C112,2),"H3"),IF(RIGHT(C112,2)="68",CONCATENATE(LEFT(C112,2),"H4"),C112)))))))))))))))) -> 37G1 | H112: 22 | I112: 54 | J112: 17.75 | K112: 11 | L112: 36.3 | M112: 54 | N112: 19.33 | O112: 11 | P112: 35.8 | Q112: 0 | R112: 0 | S112: 0 | T112: 0 | U112: 0 | V112: 0 | W112: 0 | X112: 0 | Y112: 0 | Z112: 0 | AA112: 0 | AB112: 0 | AC112: 0 | AD112: 0 | AE112: 0 | AF112: 0 | AG112: 0 | AH112: 0 | AI112: 0 | AJ112: 0 | AK112: 0 | AL112: 0 | AM112: 0 | AN112: 0 | AO112: 0 | AP112: 0 | AQ112: 0 | AR112: 0 | AS112: 0 | AT112: 0 | AU112: 0 | AV112: 0 | AX112: 25 | AY112: 0 | AZ112: 0 | BA112: 0 | BB112: 0 | BC112: 0 | BD112: 0 | BE112: 0 | BF112: 0 | BG112: 0 | BH112: 0 | BI112: Solea | BJ112: GFR | BK112: No | BL112: 1 | BP112: 2 | BQ112: 1.6067025 | BR112: 2 | BS112: 5417.75 | BT112: 1136.3 | BU112: 3702 | BV112: 5602 | BW112: 5415 | BX112: 1130

Sheet SD23N
B2: Position | I2: 1 | M2: 2 | Q2: 3 | U2: 4 | Y2: 5 | AC2: 6 | AG2: 7 | AK2: 8 | AO2: 9 | AS2: 10
A3: Status | B3: NrHaul | C3: Rectangular | E3: Check | F3: Rect. Num | G3: Rect. Alpha | H3: ICES SD | I3: Latitude | K3: Longitude | M3: Latitude | O3: Longitude | Q3: Latitude | S3: Longitude | U3: Latitude | W3: Longitude | Y3: Latitude | AA3: Longitude | AC3: Latitude | AE3: Longitude | AG3: Latitude | AI3: Longitude | AK3: Latitude | AM3: Longitude | AO3: Latitude | AQ3: Longitude | AS3: Latitude | AU3: Longitude | AX3: Depth | AY3: 1 | AZ3: 2 | BA3: 3 | BB3: 4 | BC3: 5 | BD3: 6 | BE3: 7 | BF3: 8 | BG3: 9 | BH3: 10 | BI3: Source | BJ3: EEZ | BK3: 12NM | BL3: rope | BM3: Direction | BN3: Distance | BR3: layer
A4: V | B4: 23001 | C4: 4157 | D4: =IF(K4=12,57,IF(K4=13,58,IF(K4=14,59,IF(K4=15,60,IF(K4=16,61,IF(K4=17,62,IF(K4=18,63,IF(K4=19,64,IF(K4=20,65,IF(K4=21,66,IF(K4=22,67,IF(K4=23,68,IF(K4=24,69,IF(K4=25,70,"")))))))))))))) -> 57 | E4: =IF(D4=_xlfn.NUMBERVALUE(RIGHT(C4,2)),"OK","") -> OK | F4: =CONCATENATE(LEFT(C4,2),D4) -> 4157 | G4: =IF(RIGHT(C4,2)="54",CONCATENATE(LEFT(C4,2),"F9"),IF(RIGHT(C4,2)="55",CONCATENATE(LEFT(C4,2),"G0"),IF(RIGHT(C4,2)="56",CONCATENATE(LEFT(C4,2),"G1"),IF(RIGHT(C4,2)="57",CONCATENATE(LEFT(C4,2),"G2"),IF(RIGHT(C4,2)="58",CONCATENATE(LEFT(C4,2),"G3"),IF(RIGHT(C4,2)="59",CONCATENATE(LEFT(C4,2),"G4"),IF(RIGHT(C4,2)="60",CONCATENATE(LEFT(C4,2),"G5"),IF(RIGHT(C4,2)="61",CONCATENATE(LEFT(C4,2),"G6"),IF(RIGHT(C4,2)="62",CONCATENATE(LEFT(C4,2),"G7"),IF(RIGHT(C4,2)="63",CONCATENATE(LEFT(C4,2),"G8"),IF(RIGHT(C4,2)="64",CONCATENATE(LEFT(C4,2),"G9"),IF(RIGHT(C4,2)="65",CONCATENATE(LEFT(C4,2),"H0"),IF(RIGHT(C4,2)="66",CONCATENATE(LEFT(C4,2),"H1"),IF(RIGHT(C4,2)="67",CONCATENATE(LEFT(C4,2),"H2"),IF(RIGHT(C4,2)="68",CONCATENATE(LEFT(C4,2),"H3"),IF(RIGHT(C4,2)="68",CONCATENATE(LEFT(C4,2),"H4"),C4)))))))))))))))) -> 41G2 | H4: 23 | I4: 56 | J4: 8.384 | K4: 12 | L4: 30.564 | M4: 55 | N4: 57.45 | O4: 12 | P4: 40.42 | Q4: 0 | R4: 0 | S4: 0 | T4: 0 | U4: 0 | V4: 0 | W4: 0 | X4: 0 | Y4: 0 | Z4: 0 | AA4: 0 | AB4: 0 | AC4: 0 | AD4: 0 | AE4: 0 | AF4: 0 | AG4: 0 | AH4: 0 | AI4: 0 | AJ4: 0 | AK4: 0 | AL4: 0 | AM4: 0 | AN4: 0 | AO4: 0 | AP4: 0 | AQ4: 0 | AR4: 0 | AS4: 0 | AT4: 0 | AU4: 0 | AV4: 0 | AX4: 26.5 | AY4: 0 | AZ4: 28 | BA4: 25 | BB4: 0 | BC4: 0 | BD4: 0 | BE4: 0 | BF4: 0 | BG4: 0 | BH4: 0 | BI4: German R/V | BK4: No | BR4: =IF(AND(AX4>9,AX4<40),2,IF(AND(AX4>39,AX4<60),3,IF(AND(AX4>59,AX4<80),4,IF(AND(AX4>79,AX4<100),5,IF(AX4>99,6,""))))) -> 2
A5: V | B5: 23002 | C5: 4057 | D5: =IF(K5=12,57,IF(K5=13,58,IF(K5=14,59,IF(K5=15,60,IF(K5=16,61,IF(K5=17,62,IF(K5=18,63,IF(K5=19,64,IF(K5=20,65,IF(K5=21,66,IF(K5=22,67,IF(K5=23,68,IF(K5=24,69,IF(K5=25,70,"")))))))))))))) -> 57 | E5: =IF(D5=_xlfn.NUMBERVALUE(RIGHT(C5,2)),"OK","") -> OK | F5: =CONCATENATE(LEFT(C5,2),D5) -> 4057 | G5: =IF(RIGHT(C5,2)="54",CONCATENATE(LEFT(C5,2),"F9"),IF(RIGHT(C5,2)="55",CONCATENATE(LEFT(C5,2),"G0"),IF(RIGHT(C5,2)="56",CONCATENATE(LEFT(C5,2),"G1"),IF(RIGHT(C5,2)="57",CONCATENATE(LEFT(C5,2),"G2"),IF(RIGHT(C5,2)="58",CONCATENATE(LEFT(C5,2),"G3"),IF(RIGHT(C5,2)="59",CONCATENATE(LEFT(C5,2),"G4"),IF(RIGHT(C5,2)="60",CONCATENATE(LEFT(C5,2),"G5"),IF(RIGHT(C5,2)="61",CONCATENATE(LEFT(C5,2),"G6"),IF(RIGHT(C5,2)="62",CONCATENATE(LEFT(C5,2),"G7"),IF(RIGHT(C5,2)="63",CONCATENATE(LEFT(C5,2),"G8"),IF(RIGHT(C5,2)="64",CONCATENATE(LEFT(C5,2),"G9"),IF(RIGHT(C5,2)="65",CONCATENATE(LEFT(C5,2),"H0"),IF(RIGHT(C5,2)="66",CONCATENATE(LEFT(C5,2),"H1"),IF(RIGHT(C5,2)="67",CONCATENATE(LEFT(C5,2),"H2"),IF(RIGHT(C5,2)="68",CONCATENATE(LEFT(C5,2),"H3"),IF(RIGHT(C5,2)="68",CONCATENATE(LEFT(C5,2),"H4"),C5)))))))))))))))) -> 40G2 | H5: 23 | I5: 55 | J5: 56.9 | K5: 12 | L5: 43.294 | M5: 55 | N5: 46.36 | O5: 12 | P5: 49.312 | Q5: 0 | R5: 0 | S5: 0 | T5: 0 | U5: 0 | V5: 0 | W5: 0 | X5: 0 | Y5: 0 | Z5: 0 | AA5: 0 | AB5: 0 | AC5: 0 | AD5: 0 | AE5: 0 | AF5: 0 | AG5: 0 | AH5: 0 | AI5: 0 | AJ5: 0 | AK5: 0 | AL5: 0 | AM5: 0 | AN5: 0 | AO5: 0 | AP5: 0 | AQ5: 0 | AR5: 0 | AS5: 0 | AT5: 0 | AU5: 0 | AV5: 0 | AX5: 19 | AY5: 0 | AZ5: 28 | BA5: 10 | BB5: 0 | BC5: 0 | BD5: 0 | BE5: 0 | BF5: 0 | BG5: 0 | BH5: 0 | BI5: German R/V | BK5: No | BR5: =IF(AND(AX5>9,AX5<40),2,IF(AND(AX5>39,AX5<60),3,IF(AND(AX5>59,AX5<80),4,IF(AND(AX5>79,AX5<100),5,IF(AX5>99,6,""))))) -> 2
A6: V | B6: 23003 | C6: 4057 | D6: =IF(K6=12,57,IF(K6=13,58,IF(K6=14,59,IF(K6=15,60,IF(K6=16,61,IF(K6=17,62,IF(K6=18,63,IF(K6=19,64,IF(K6=20,65,IF(K6=21,66,IF(K6=22,67,IF(K6=23,68,IF(K6=24,69,IF(K6=25,70,"")))))))))))))) -> 57 | E6: =IF(D6=_xlfn.NUMBERVALUE(RIGHT(C6,2)),"OK","") -> OK | F6: =CONCATENATE(LEFT(C6,2),D6) -> 4057 | G6: =IF(RIGHT(C6,2)="54",CONCATENATE(LEFT(C6,2),"F9"),IF(RIGHT(C6,2)="55",CONCATENATE(LEFT(C6,2),"G0"),IF(RIGHT(C6,2)="56",CONCATENATE(LEFT(C6,2),"G1"),IF(RIGHT(C6,2)="57",CONCATENATE(LEFT(C6,2),"G2"),IF(RIGHT(C6,2)="58",CONCATENATE(LEFT(C6,2),"G3"),IF(RIGHT(C6,2)="59",CONCATENATE(LEFT(C6,2),"G4"),IF(RIGHT(C6,2)="60",CONCATENATE(LEFT(C6,2),"G5"),IF(RIGHT(C6,2)="61",CONCATENATE(LEFT(C6,2),"G6"),IF(RIGHT(C6,2)="62",CONCATENATE(LEFT(C6,2),"G7"),IF(RIGHT(C6,2)="63",CONCATENATE(LEFT(C6,2),"G8"),IF(RIGHT(C6,2)="64",CONCATENATE(LEFT(C6,2),"G9"),IF(RIGHT(C6,2)="65",CONCATENATE(LEFT(C6,2),"H0"),IF(RIGHT(C6,2)="66",CONCATENATE(LEFT(C6,2),"H1"),IF(RIGHT(C6,2)="67",CONCATENATE(LEFT(C6,2),"H2"),IF(RIGHT(C6,2)="68",CONCATENATE(LEFT(C6,2),"H3"),IF(RIGHT(C6,2)="68",CONCATENATE(LEFT(C6,2),"H4"),C6)))))))))))))))) -> 40G2 | H6: 23 | I6: 55 | J6: 51.408 | K6: 12 | L6: 45.006 | M6: 55 | N6: 46.312 | O6: 12 | P6: 51.582 | Q6: 0 | R6: 0 | S6: 0 | T6: 0 | U6: 0 | V6: 0 | W6: 0 | X6: 0 | Y6: 0 | Z6: 0 | AA6: 0 | AB6: 0 | AC6: 0 | AD6: 0 | AE6: 0 | AF6: 0 | AG6: 0 | AH6: 0 | AI6: 0 | AJ6: 0 | AK6: 0 | AL6: 0 | AM6: 0 | AN6: 0 | AO6: 0 | AP6: 0 | AQ6: 0 | AR6: 0 | AS6: 0 | AT6: 0 | AU6: 0 | AV6: 0 | AX6: 13 | AY6: 0 | AZ6: 16 | BA6: 10 | BB6: 0 | BC6: 0 | BD6: 0 | BE6: 0 | BF6: 0 | BG6: 0 | BH6: 0 | BI6: German R/V | BK6: No | BR6: =IF(AND(AX6>9,AX6<40),2,IF(AND(AX6>39,AX6<60),3,IF(AND(AX6>59,AX6<80),4,IF(AND(AX6>79,AX6<100),5,IF(AX6>99,6,""))))) -> 2
A7: V | B7: 23004 | C7: 4057 | D7: =IF(K7=12,57,IF(K7=13,58,IF(K7=14,59,IF(K7=15,60,IF(K7=16,61,IF(K7=17,62,IF(K7=18,63,IF(K7=19,64,IF(K7=20,65,IF(K7=21,66,IF(K7=22,67,IF(K7=23,68,IF(K7=24,69,IF(K7=25,70,"")))))))))))))) -> 57 | E7: =IF(D7=_xlfn.NUMBERVALUE(RIGHT(C7,2)),"OK","") -> OK | F7: =CONCATENATE(LEFT(C7,2),D7) -> 4057 | G7: =IF(RIGHT(C7,2)="54",CONCATENATE(LEFT(C7,2),"F9"),IF(RIGHT(C7,2)="55",CONCATENATE(LEFT(C7,2),"G0"),IF(RIGHT(C7,2)="56",CONCATENATE(LEFT(C7,2),"G1"),IF(RIGHT(C7,2)="57",CONCATENATE(LEFT(C7,2),"G2"),IF(RIGHT(C7,2)="58",CONCATENATE(LEFT(C7,2),"G3"),IF(RIGHT(C7,2)="59",CONCATENATE(LEFT(C7,2),"G4"),IF(RIGHT(C7,2)="60",CONCATENATE(LEFT(C7,2),"G5"),IF(RIGHT(C7,2)="61",CONCATENATE(LEFT(C7,2),"G6"),IF(RIGHT(C7,2)="62",CONCATENATE(LEFT(C7,2),"G7"),IF(RIGHT(C7,2)="63",CONCATENATE(LEFT(C7,2),"G8"),IF(RIGHT(C7,2)="64",CONCATENATE(LEFT(C7,2),"G9"),IF(RIGHT(C7,2)="65",CONCATENATE(LEFT(C7,2),"H0"),IF(RIGHT(C7,2)="66",CONCATENATE(LEFT(C7,2),"H1"),IF(RIGHT(C7,2)="67",CONCATENATE(LEFT(C7,2),"H2"),IF(RIGHT(C7,2)="68",CONCATENATE(LEFT(C7,2),"H3"),IF(RIGHT(C7,2)="68",CONCATENATE(LEFT(C7,2),"H4"),C7)))))))))))))))) -> 40G2 | H7: 23 | I7: 55 | J7: 44.222 | K7: 12 | L7: 53.27 | M7: 55 | N7: 39.594 | O7: 12 | P7: 55.516 | Q7: 0 | R7: 0 | S7: 0 | T7: 0 | U7: 0 | V7: 0 | W7: 0 | X7: 0 | Y7: 0 | Z7: 0 | AA7: 0 | AB7: 0 | AC7: 0 | AD7: 0 | AE7: 0 | AF7: 0 | AG7: 0 | AH7: 0 | AI7: 0 | AJ7: 0 | AK7: 0 | AL7: 0 | AM7: 0 | AN7: 0 | AO7: 0 | AP7: 0 | AQ7: 0 | AR7: 0 | AS7: 0 | AT7: 0 | AU7: 0 | AV7: 0 | AX7: 15 | AY7: 0 | AZ7: 18 | BA7: 12 | BB7: 0 | BC7: 0 | BD7: 0 | BE7: 0 | BF7: 0 | BG7: 0 | BH7: 0 | BI7: German R/V | BK7: No | BR7: =IF(AND(AX7>9,AX7<40),2,IF(AND(AX7>39,AX7<60),3,IF(AND(AX7>59,AX7<80),4,IF(AND(AX7>79,AX7<100),5,IF(AX7>99,6,""))))) -> 2
A8: V | B8: 23005 | C8: 4057 | D8: =IF(K8=12,57,IF(K8=13,58,IF(K8=14,59,IF(K8=15,60,IF(K8=16,61,IF(K8=17,62,IF(K8=18,63,IF(K8=19,64,IF(K8=20,65,IF(K8=21,66,IF(K8=22,67,IF(K8=23,68,IF(K8=24,69,IF(K8=25,70,"")))))))))))))) -> 57 | E8: =IF(D8=_xlfn.NUMBERVALUE(RIGHT(C8,2)),"OK","") -> OK | F8: =CONCATENATE(LEFT(C8,2),D8) -> 4057 | G8: =IF(RIGHT(C8,2)="54",CONCATENATE(LEFT(C8,2),"F9"),IF(RIGHT(C8,2)="55",CONCATENATE(LEFT(C8,2),"G0"),IF(RIGHT(C8,2)="56",CONCATENATE(LEFT(C8,2),"G1"),IF(RIGHT(C8,2)="57",CONCATENATE(LEFT(C8,2),"G2"),IF(RIGHT(C8,2)="58",CONCATENATE(LEFT(C8,2),"G3"),IF(RIGHT(C8,2)="59",CONCATENATE(LEFT(C8,2),"G4"),IF(RIGHT(C8,2)="60",CONCATENATE(LEFT(C8,2),"G5"),IF(RIGHT(C8,2)="61",CONCATENATE(LEFT(C8,2),"G6"),IF(RIGHT(C8,2)="62",CONCATENATE(LEFT(C8,2),"G7"),IF(RIGHT(C8,2)="63",CONCATENATE(LEFT(C8,2),"G8"),IF(RIGHT(C8,2)="64",CONCATENATE(LEFT(C8,2),"G9"),IF(RIGHT(C8,2)="65",CONCATENATE(LEFT(C8,2),"H0"),IF(RIGHT(C8,2)="66",CONCATENATE(LEFT(C8,2),"H1"),IF(RIGHT(C8,2)="67",CONCATENATE(LEFT(C8,2),"H2"),IF(RIGHT(C8,2)="68",CONCATENATE(LEFT(C8,2),"H3"),IF(RIGHT(C8,2)="68",CONCATENATE(LEFT(C8,2),"H4"),C8)))))))))))))))) -> 40G2 | H8: 23 | I8: 55 | J8: 48.54 | K8: 12 | L8: 47.5016 | M8: 55 | N8: 44.1254 | O8: 12 | P8: 53.18 | Q8: 0 | R8: 0 | S8: 0 | T8: 0 | U8: 0 | V8: 0 | W8: 0 | X8: 0 | Y8: 0 | Z8: 0 | AA8: 0 | AB8: 0 | AC8: 0 | AD8: 0 | AE8: 0 | AF8: 0 | AG8: 0 | AH8: 0 | AI8: 0 | AJ8: 0 | AK8: 0 | AL8: 0 | AM8: 0 | AN8: 0 | AO8: 0 | AP8: 0 | AQ8: 0 | AR8: 0 | AS8: 0 | AT8: 0 | AU8: 0 | AV8: 0 | AX8: 19.5 | AY8: 0 | AZ8: 21 | BA8: 18 | BB8: 0 | BC8: 0 | BD8: 0 | BE8: 0 | BF8: 0 | BG8: 0 | BH8: 0 | BI8: German R/V | BK8: No | BR8: =IF(AND(AX8>9,AX8<40),2,IF(AND(AX8>39,AX8<60),3,IF(AND(AX8>59,AX8<80),4,IF(AND(AX8>79,AX8<100),5,IF(AX8>99,6,""))))) -> 2
A9: V | B9: 23006 | C9: 4057 | D9: =IF(K9=12,57,IF(K9=13,58,IF(K9=14,59,IF(K9=15,60,IF(K9=16,61,IF(K9=17,62,IF(K9=18,63,IF(K9=19,64,IF(K9=20,65,IF(K9=21,66,IF(K9=22,67,IF(K9=23,68,IF(K9=24,69,IF(K9=25,70,"")))))))))))))) -> 57 | E9: =IF(D9=_xlfn.NUMBERVALUE(RIGHT(C9,2)),"OK","") -> OK | F9: =CONCATENATE(LEFT(C9,2),D9) -> 4057 | G9: =IF(RIGHT(C9,2)="54",CONCATENATE(LEFT(C9,2),"F9"),IF(RIGHT(C9,2)="55",CONCATENATE(LEFT(C9,2),"G0"),IF(RIGHT(C9,2)="56",CONCATENATE(LEFT(C9,2),"G1"),IF(RIGHT(C9,2)="57",CONCATENATE(LEFT(C9,2),"G2"),IF(RIGHT(C9,2)="58",CONCATENATE(LEFT(C9,2),"G3"),IF(RIGHT(C9,2)="59",CONCATENATE(LEFT(C9,2),"G4"),IF(RIGHT(C9,2)="60",CONCATENATE(LEFT(C9,2),"G5"),IF(RIGHT(C9,2)="61",CONCATENATE(LEFT(C9,2),"G6"),IF(RIGHT(C9,2)="62",CONCATENATE(LEFT(C9,2),"G7"),IF(RIGHT(C9,2)="63",CONCATENATE(LEFT(C9,2),"G8"),IF(RIGHT(C9,2)="64",CONCATENATE(LEFT(C9,2),"G9"),IF(RIGHT(C9,2)="65",CONCATENATE(LEFT(C9,2),"H0"),IF(RIGHT(C9,2)="66",CONCATENATE(LEFT(C9,2),"H1"),IF(RIGHT(C9,2)="67",CONCATENATE(LEFT(C9,2),"H2"),IF(RIGHT(C9,2)="68",CONCATENATE(LEFT(C9,2),"H3"),IF(RIGHT(C9,2)="68",CONCATENATE(LEFT(C9,2),"H4"),C9)))))))))))))))) -> 40G2 | H9: 23 | I9: 55 | J9: 44.3744 | K9: 12 | L9: 52.0084 | M9: 55 | N9: 41.93 | O9: 12 | P9: 55.5766 | Q9: 0 | R9: 0 | S9: 0 | T9: 0 | U9: 0 | V9: 0 | W9: 0 | X9: 0 | Y9: 0 | Z9: 0 | AA9: 0 | AB9: 0 | AC9: 0 | AD9: 0 | AE9: 0 | AF9: 0 | AG9: 0 | AH9: 0 | AI9: 0 | AJ9: 0 | AK9: 0 | AL9: 0 | AM9: 0 | AN9: 0 | AO9: 0 | AP9: 0 | AQ9: 0 | AR9: 0 | AS9: 0 | AT9: 0 | AU9: 0 | AV9: 0 | AX9: 16 | AY9: 0 | AZ9: 16 | BA9: 16 | BB9: 0 | BC9: 0 | BD9: 0 | BE9: 0 | BF9: 0 | BG9: 0 | BH9: 0 | BI9: German R/V | BK9: No | BR9: =IF(AND(AX9>9,AX9<40),2,IF(AND(AX9>39,AX9<60),3,IF(AND(AX9>59,AX9<80),4,IF(AND(AX9>79,AX9<100),5,IF(AX9>99,6,""))))) -> 2
A10: V | B10: 23007 | C10: 4157 | D10: =IF(K10=12,57,IF(K10=13,58,IF(K10=14,59,IF(K10=15,60,IF(K10=16,61,IF(K10=17,62,IF(K10=18,63,IF(K10=19,64,IF(K10=20,65,IF(K10=21,66,IF(K10=22,67,IF(K10=23,68,IF(K10=24,69,IF(K10=25,70,"")))))))))))))) -> 57 | E10: =IF(D10=_xlfn.NUMBERVALUE(RIGHT(C10,2)),"OK","") -> OK | F10: =CONCATENATE(LEFT(C10,2),D10) -> 4157 | G10: =IF(RIGHT(C10,2)="54",CONCATENATE(LEFT(C10,2),"F9"),IF(RIGHT(C10,2)="55",CONCATENATE(LEFT(C10,2),"G0"),IF(RIGHT(C10,2)="56",CONCATENATE(LEFT(C10,2),"G1"),IF(RIGHT(C10,2)="57",CONCATENATE(LEFT(C10,2),"G2"),IF(RIGHT(C10,2)="58",CONCATENATE(LEFT(C10,2),"G3"),IF(RIGHT(C10,2)="59",CONCATENATE(LEFT(C10,2),"G4"),IF(RIGHT(C10,2)="60",CONCATENATE(LEFT(C10,2),"G5"),IF(RIGHT(C10,2)="61",CONCATENATE(LEFT(C10,2),"G6"),IF(RIGHT(C10,2)="62",CONCATENATE(LEFT(C10,2),"G7"),IF(RIGHT(C10,2)="63",CONCATENATE(LEFT(C10,2),"G8"),IF(RIGHT(C10,2)="64",CONCATENATE(LEFT(C10,2),"G9"),IF(RIGHT(C10,2)="65",CONCATENATE(LEFT(C10,2),"H0"),IF(RIGHT(C10,2)="66",CONCATENATE(LEFT(C10,2),"H1"),IF(RIGHT(C10,2)="67",CONCATENATE(LEFT(C10,2),"H2"),IF(RIGHT(C10,2)="68",CONCATENATE(LEFT(C10,2),"H3"),IF(RIGHT(C10,2)="68",CONCATENATE(LEFT(C10,2),"H4"),C10)))))))))))))))) -> 41G2 | H10: 23 | I10: 56 | J10: 7.0042 | K10: 12 | L10: 33.1308 | M10: 56 | N10: 5.48 | O10: 12 | P10: 36.348 | Q10: 0 | R10: 0 | S10: 0 | T10: 0 | U10: 0 | V10: 0 | W10: 0 | X10: 0 | Y10: 0 | Z10: 0 | AA10: 0 | AB10: 0 | AC10: 0 | AD10: 0 | AE10: 0 | AF10: 0 | AG10: 0 | AH10: 0 | AI10: 0 | AJ10: 0 | AK10: 0 | AL10: 0 | AM10: 0 | AN10: 0 | AO10: 0 | AP10: 0 | AQ10: 0 | AR10: 0 | AS10: 0 | AT10: 0 | AU10: 0 | AV10: 0 | AX10: 23 | AY10: 0 | AZ10: 16 | BA10: 30 | BB10: 0 | BC10: 0 | BD10: 0 | BE10: 0 | BF10: 0 | BG10: 0 | BH10: 0 | BI10: German R/V | BK10: No | BR10: =IF(AND(AX10>9,AX10<40),2,IF(AND(AX10>39,AX10<60),3,IF(AND(AX10>59,AX10<80),4,IF(AND(AX10>79,AX10<100),5,IF(AX10>99,6,""))))) -> 2
A11: V | B11: 23008 | C11: 4057 | D11: =IF(K11=12,57,IF(K11=13,58,IF(K11=14,59,IF(K11=15,60,IF(K11=16,61,IF(K11=17,62,IF(K11=18,63,IF(K11=19,64,IF(K11=20,65,IF(K11=21,66,IF(K11=22,67,IF(K11=23,68,IF(K11=24,69,IF(K11=25,70,"")))))))))))))) -> 57 | E11: =IF(D11=_xlfn.NUMBERVALUE(RIGHT(C11,2)),"OK","") -> OK | F11: =CONCATENATE(LEFT(C11,2),D11) -> 4057 | G11: =IF(RIGHT(C11,2)="54",CONCATENATE(LEFT(C11,2),"F9"),IF(RIGHT(C11,2)="55",CONCATENATE(LEFT(C11,2),"G0"),IF(RIGHT(C11,2)="56",CONCATENATE(LEFT(C11,2),"G1"),IF(RIGHT(C11,2)="57",CONCATENATE(LEFT(C11,2),"G2"),IF(RIGHT(C11,2)="58",CONCATENATE(LEFT(C11,2),"G3"),IF(RIGHT(C11,2)="59",CONCATENATE(LEFT(C11,2),"G4"),IF(RIGHT(C11,2)="60",CONCATENATE(LEFT(C11,2),"G5"),IF(RIGHT(C11,2)="61",CONCATENATE(LEFT(C11,2),"G6"),IF(RIGHT(C11,2)="62",CONCATENATE(LEFT(C11,2),"G7"),IF(RIGHT(C11,2)="63",CONCATENATE(LEFT(C11,2),"G8"),IF(RIGHT(C11,2)="64",CONCATENATE(LEFT(C11,2),"G9"),IF(RIGHT(C11,2)="65",CONCATENATE(LEFT(C11,2),"H0"),IF(RIGHT(C11,2)="66",CONCATENATE(LEFT(C11,2),"H1"),IF(RIGHT(C11,2)="67",CONCATENATE(LEFT(C11,2),"H2"),IF(RIGHT(C11,2)="68",CONCATENATE(LEFT(C11,2),"H3"),IF(RIGHT(C11,2)="68",CONCATENATE(LEFT(C11,2),"H4"),C11)))))))))))))))) -> 40G2 | H11: 23 | I11: 55 | J11: 56.4248 | K11: 12 | L11: 41.54 | M11: 55 | N11: 55.1044 | O11: 12 | P11: 43.4674 | Q11: 0 | R11: 0 | S11: 0 | T11: 0 | U11: 0 | V11: 0 | W11: 0 | X11: 0 | Y11: 0 | Z11: 0 | AA11: 0 | AB11: 0 | AC11: 0 | AD11: 0 | AE11: 0 | AF11: 0 | AG11: 0 | AH11: 0 | AI11: 0 | AJ11: 0 | AK11: 0 | AL11: 0 | AM11: 0 | AN11: 0 | AO11: 0 | AP11: 0 | AQ11: 0 | AR11: 0 | AS11: 0 | AT11: 0 | AU11: 0 | AV11: 0 | AX11: 26.5 | AY11: 0 | AZ11: 28 | BA11: 25 | BB11: 0 | BC11: 0 | BD11: 0 | BE11: 0 | BF11: 0 | BG11: 0 | BH11: 0 | BI11: German R/V | BK11: No | BR11: =IF(AND(AX11>9,AX11<40),2,IF(AND(AX11>39,AX11<60),3,IF(AND(AX11>59,AX11<80),4,IF(AND(AX11>79,AX11<100),5,IF(AX11>99,6,""))))) -> 2
A12: V | B12: 23009 | C12: 4057 | D12: =IF(K12=12,57,IF(K12=13,58,IF(K12=14,59,IF(K12=15,60,IF(K12=16,61,IF(K12=17,62,IF(K12=18,63,IF(K12=19,64,IF(K12=20,65,IF(K12=21,66,IF(K12=22,67,IF(K12=23,68,IF(K12=24,69,IF(K12=25,70,"")))))))))))))) -> 57 | E12: =IF(D12=_xlfn.NUMBERVALUE(RIGHT(C12,2)),"OK","") -> OK | F12: =CONCATENATE(LEFT(C12,2),D12) -> 4057 | G12: =IF(RIGHT(C12,2)="54",CONCATENATE(LEFT(C12,2),"F9"),IF(RIGHT(C12,2)="55",CONCATENATE(LEFT(C12,2),"G0"),IF(RIGHT(C12,2)="56",CONCATENATE(LEFT(C12,2),"G1"),IF(RIGHT(C12,2)="57",CONCATENATE(LEFT(C12,2),"G2"),IF(RIGHT(C12,2)="58",CONCATENATE(LEFT(C12,2),"G3"),IF(RIGHT(C12,2)="59",CONCATENATE(LEFT(C12,2),"G4"),IF(RIGHT(C12,2)="60",CONCATENATE(LEFT(C12,2),"G5"),IF(RIGHT(C12,2)="61",CONCATENATE(LEFT(C12,2),"G6"),IF(RIGHT(C12,2)="62",CONCATENATE(LEFT(C12,2),"G7"),IF(RIGHT(C12,2)="63",CONCATENATE(LEFT(C12,2),"G8"),IF(RIGHT(C12,2)="64",CONCATENATE(LEFT(C12,2),"G9"),IF(RIGHT(C12,2)="65",CONCATENATE(LEFT(C12,2),"H0"),IF(RIGHT(C12,2)="66",CONCATENATE(LEFT(C12,2),"H1"),IF(RIGHT(C12,2)="67",CONCATENATE(LEFT(C12,2),"H2"),IF(RIGHT(C12,2)="68",CONCATENATE(LEFT(C12,2),"H3"),IF(RIGHT(C12,2)="68",CONCATENATE(LEFT(C12,2),"H4"),C12)))))))))))))))) -> 40G2 | H12: 23 | I12: 55 | J12: 54.2838 | K12: 12 | L12: 44.1074 | M12: 55 | N12: 50.378 | O12: 12 | P12: 45.246 | Q12: 0 | R12: 0 | S12: 0 | T12: 0 | U12: 0 | V12: 0 | W12: 0 | X12: 0 | Y12: 0 | Z12: 0 | AA12: 0 | AB12: 0 | AC12: 0 | AD12: 0 | AE12: 0 | AF12: 0 | AG12: 0 | AH12: 0 | AI12: 0 | AJ12: 0 | AK12: 0 | AL12: 0 | AM12: 0 | AN12: 0 | AO12: 0 | AP12: 0 | AQ12: 0 | AR12: 0 | AS12: 0 | AT12: 0 | AU12: 0 | AV12: 0 | AX12: 21 | AY12: 0 | AZ12: 19 | BA12: 23 | BB12: 0 | BC12: 0 | BD12: 0 | BE12: 0 | BF12: 0 | BG12: 0 | BH12: 0 | BI12: German R/V | BK12: No | BR12: =IF(AND(AX12>9,AX12<40),2,IF(AND(AX12>39,AX12<60),3,IF(AND(AX12>59,AX12<80),4,IF(AND(AX12>79,AX12<100),5,IF(AX12>99,6,""))))) -> 2
A13: V | B13: 23010 | C13: 4157 | D13: =IF(K13=12,57,IF(K13=13,58,IF(K13=14,59,IF(K13=15,60,IF(K13=16,61,IF(K13=17,62,IF(K13=18,63,IF(K13=19,64,IF(K13=20,65,IF(K13=21,66,IF(K13=22,67,IF(K13=23,68,IF(K13=24,69,IF(K13=25,70,"")))))))))))))) -> 57 | E13: =IF(D13=_xlfn.NUMBERVALUE(RIGHT(C13,2)),"OK","") -> OK | F13: =CONCATENATE(LEFT(C13,2),D13) -> 4157 | G13: =IF(RIGHT(C13,2)="54",CONCATENATE(LEFT(C13,2),"F9"),IF(RIGHT(C13,2)="55",CONCATENATE(LEFT(C13,2),"G0"),IF(RIGHT(C13,2)="56",CONCATENATE(LEFT(C13,2),"G1"),IF(RIGHT(C13,2)="57",CONCATENATE(LEFT(C13,2),"G2"),IF(RIGHT(C13,2)="58",CONCATENATE(LEFT(C13,2),"G3"),IF(RIGHT(C13,2)="59",CONCATENATE(LEFT(C13,2),"G4"),IF(RIGHT(C13,2)="60",CONCATENATE(LEFT(C13,2),"G5"),IF(RIGHT(C13,2)="61",CONCATENATE(LEFT(C13,2),"G6"),IF(RIGHT(C13,2)="62",CONCATENATE(LEFT(C13,2),"G7"),IF(RIGHT(C13,2)="63",CONCATENATE(LEFT(C13,2),"G8"),IF(RIGHT(C13,2)="64",CONCATENATE(LEFT(C13,2),"G9"),IF(RIGHT(C13,2)="65",CONCATENATE(LEFT(C13,2),"H0"),IF(RIGHT(C13,2)="66",CONCATENATE(LEFT(C13,2),"H1"),IF(RIGHT(C13,2)="67",CONCATENATE(LEFT(C13,2),"H2"),IF(RIGHT(C13,2)="68",CONCATENATE(LEFT(C13,2),"H3"),IF(RIGHT(C13,2)="68",CONCATENATE(LEFT(C13,2),"H4"),C13)))))))))))))))) -> 41G2 | H13: 23 | I13: 56 | J13: 14 | K13: 12 | L13: 25.05 | M13: 56 | N13: 12 | O13: 12 | P13: 26 | Q13: 0 | R13: 0 | S13: 0 | T13: 0 | U13: 0 | V13: 0 | W13: 0 | X13: 0 | Y13: 0 | Z13: 0 | AA13: 0 | AB13: 0 | AC13: 0 | AD13: 0 | AE13: 0 | AF13: 0 | AG13: 0 | AH13: 0 | AI13: 0 | AJ13: 0 | AK13: 0 | AL13: 0 | AM13: 0 | AN13: 0 | AO13: 0 | AP13: 0 | AQ13: 0 | AR13: 0 | AS13: 0 | AT13: 0 | AU13: 0 | AV13: 0 | AX13: 23.5 | AY13: 0 | AZ13: 24 | BA13: 23 | BB13: 0 | BC13: 0 | BD13: 0 | BE13: 0 | BF13: 0 | BG13: 0 | BH13: 0 | BI13: Argos | BK13: No | BR13: =IF(AND(AX13>9,AX13<40),2,IF(AND(AX13>39,AX13<60),3,IF(AND(AX13>59,AX13<80),4,IF(AND(AX13>79,AX13<100),5,IF(AX13>99,6,""))))) -> 2
A14: V | B14: 23011 | C14: 4057 | D14: =IF(K14=12,57,IF(K14=13,58,IF(K14=14,59,IF(K14=15,60,IF(K14=16,61,IF(K14=17,62,IF(K14=18,63,IF(K14=19,64,IF(K14=20,65,IF(K14=21,66,IF(K14=22,67,IF(K14=23,68,IF(K14=24,69,IF(K14=25,70,"")))))))))))))) -> 57 | E14: =IF(D14=_xlfn.NUMBERVALUE(RIGHT(C14,2)),"OK","") -> OK | F14: =CONCATENATE(LEFT(C14,2),D14) -> 4057 | G14: =IF(RIGHT(C14,2)="54",CONCATENATE(LEFT(C14,2),"F9"),IF(RIGHT(C14,2)="55",CONCATENATE(LEFT(C14,2),"G0"),IF(RIGHT(C14,2)="56",CONCATENATE(LEFT(C14,2),"G1"),IF(RIGHT(C14,2)="57",CONCATENATE(LEFT(C14,2),"G2"),IF(RIGHT(C14,2)="58",CONCATENATE(LEFT(C14,2),"G3"),IF(RIGHT(C14,2)="59",CONCATENATE(LEFT(C14,2),"G4"),IF(RIGHT(C14,2)="60",CONCATENATE(LEFT(C14,2),"G5"),IF(RIGHT(C14,2)="61",CONCATENATE(LEFT(C14,2),"G6"),IF(RIGHT(C14,2)="62",CONCATENATE(LEFT(C14,2),"G7"),IF(RIGHT(C14,2)="63",CONCATENATE(LEFT(C14,2),"G8"),IF(RIGHT(C14,2)="64",CONCATENATE(LEFT(C14,2),"G9"),IF(RIGHT(C14,2)="65",CONCATENATE(LEFT(C14,2),"H0"),IF(RIGHT(C14,2)="66",CONCATENATE(LEFT(C14,2),"H1"),IF(RIGHT(C14,2)="67",CONCATENATE(LEFT(C14,2),"H2"),IF(RIGHT(C14,2)="68",CONCATENATE(LEFT(C14,2),"H3"),IF(RIGHT(C14,2)="68",CONCATENATE(LEFT(C14,2),"H4"),C14)))))))))))))))) -> 40G2 | H14: 23 | I14: 55 | J14: 56 | K14: 12 | L14: 41 | M14: 55 | N14: 54.05 | O14: 12 | P14: 42.05 | Q14: 0 | R14: 0 | S14: 0 | T14: 0 | U14: 0 | V14: 0 | W14: 0 | X14: 0 | Y14: 0 | Z14: 0 | AA14: 0 | AB14: 0 | AC14: 0 | AD14: 0 | AE14: 0 | AF14: 0 | AG14: 0 | AH14: 0 | AI14: 0 | AJ14: 0 | AK14: 0 | AL14: 0 | AM14: 0 | AN14: 0 | AO14: 0 | AP14: 0 | AQ14: 0 | AR14: 0 | AS14: 0 | AT14: 0 | AU14: 0 | AV14: 0 | AX14: 28 | AY14: 0 | AZ14: 26 | BA14: 30 | BB14: 0 | BC14: 0 | BD14: 0 | BE14: 0 | BF14: 0 | BG14: 0 | BH14: 0 | BI14: Argos | BK14: No | BR14: =IF(AND(AX14>9,AX14<40),2,IF(AND(AX14>39,AX14<60),3,IF(AND(AX14>59,AX14<80),4,IF(AND(AX14>79,AX14<100),5,IF(AX14>99,6,""))))) -> 2
A15: V | B15: 23012 | C15: 4057 | D15: =IF(K15=12,57,IF(K15=13,58,IF(K15=14,59,IF(K15=15,60,IF(K15=16,61,IF(K15=17,62,IF(K15=18,63,IF(K15=19,64,IF(K15=20,65,IF(K15=21,66,IF(K15=22,67,IF(K15=23,68,IF(K15=24,69,IF(K15=25,70,"")))))))))))))) -> 57 | E15: =IF(D15=_xlfn.NUMBERVALUE(RIGHT(C15,2)),"OK","") -> OK | F15: =CONCATENATE(LEFT(C15,2),D15) -> 4057 | G15: =IF(RIGHT(C15,2)="54",CONCATENATE(LEFT(C15,2),"F9"),IF(RIGHT(C15,2)="55",CONCATENATE(LEFT(C15,2),"G0"),IF(RIGHT(C15,2)="56",CONCATENATE(LEFT(C15,2),"G1"),IF(RIGHT(C15,2)="57",CONCATENATE(LEFT(C15,2),"G2"),IF(RIGHT(C15,2)="58",CONCATENATE(LEFT(C15,2),"G3"),IF(RIGHT(C15,2)="59",CONCATENATE(LEFT(C15,2),"G4"),IF(RIGHT(C15,2)="60",CONCATENATE(LEFT(C15,2),"G5"),IF(RIGHT(C15,2)="61",CONCATENATE(LEFT(C15,2),"G6"),IF(RIGHT(C15,2)="62",CONCATENATE(LEFT(C15,2),"G7"),IF(RIGHT(C15,2)="63",CONCATENATE(LEFT(C15,2),"G8"),IF(RIGHT(C15,2)="64",CONCATENATE(LEFT(C15,2),"G9"),IF(RIGHT(C15,2)="65",CONCATENATE(LEFT(C15,2),"H0"),IF(RIGHT(C15,2)="66",CONCATENATE(LEFT(C15,2),"H1"),IF(RIGHT(C15,2)="67",CONCATENATE(LEFT(C15,2),"H2"),IF(RIGHT(C15,2)="68",CONCATENATE(LEFT(C15,2),"H3"),IF(RIGHT(C15,2)="68",CONCATENATE(LEFT(C15,2),"H4"),C15)))))))))))))))) -> 40G2 | H15: 23 | I15: 55 | J15: 48 | K15: 12 | L15: 51 | M15: 55 | N15: 46 | O15: 12 | P15: 52 | Q15: 0 | R15: 0 | S15: 0 | T15: 0 | U15: 0 | V15: 0 | W15: 0 | X15: 0 | Y15: 0 | Z15: 0 | AA15: 0 | AB15: 0 | AC15: 0 | AD15: 0 | AE15: 0 | AF15: 0 | AG15: 0 | AH15: 0 | AI15: 0 | AJ15: 0 | AK15: 0 | AL15: 0 | AM15: 0 | AN15: 0 | AO15: 0 | AP15: 0 | AQ15: 0 | AR15: 0 | AS15: 0 | AT15: 0 | AU15: 0 | AV15: 0 | AX15: 16 | AY15: 0 | AZ15: 18 | BA15: 14 | BB15: 0 | BC15: 0 | BD15: 0 | BE15: 0 | BF15: 0 | BG15: 0 | BH15: 0 | BI15: Argos | BK15: No | BR15: =IF(AND(AX15>9,AX15<40),2,IF(AND(AX15>39,AX15<60),3,IF(AND(AX15>59,AX15<80),4,IF(AND(AX15>79,AX15<100),5,IF(AX15>99,6,""))))) -> 2

Sheet SD24N
B2: Position | I2: 1 | M2: 2 | Q2: 3 | U2: 4 | Y2: 5 | AC2: 6 | AG2: 7 | AK2: 8 | AO2: 9 | AS2: 10 | BR2: Depth | BS2: 1. Pos | BU2: Unit 1. Pos | BW2: Mean Pos. Unit
A3: Status | B3: NrHaul | C3: Rectangular | E3: Check | F3: Rect. Num | G3: Rect. Alpha | H3: ICES SD | I3: Latitude | K3: Longitude | M3: Latitude | O3: Longitude | Q3: Latitude | S3: Longitude | U3: Latitude | W3: Longitude | Y3: Latitude | AA3: Longitude | AC3: Latitude | AE3: Longitude | AG3: Latitude | AI3: Longitude | AK3: Latitude | AM3: Longitude | AO3: Latitude | AQ3: Longitude | AS3: Latitude | AU3: Longitude | AX3: Depth | AY3: 1 | AZ3: 2 | BA3: 3 | BB3: 4 | BC3: 5 | BD3: 6 | BE3: 7 | BF3: 8 | BG3: 9 | BH3: 10 | BI3: Source | BJ3: EEZ | BK3: 12NM | BL3: rope | BM3: Direction | BN3: Distance | BP3: Nummer | BQ3: Dist | BR3: layer | BS3: Lati | BT3: Long | BU3: Lati | BV3: Long | BW3: Lati | BX3: Long
A4: V | B4: 24001 | C4: 3757 | D4: =IF(K4=12,57,IF(K4=13,58,IF(K4=14,59,IF(K4=15,60,"")))) -> 57 | E4: =IF(D4=_xlfn.NUMBERVALUE(RIGHT(C4,2)),"OK","") -> OK | F4: =CONCATENATE(LEFT(C4,2),D4) -> 3757 | G4: =IF(RIGHT(C4,2)="54",CONCATENATE(LEFT(C4,2),"F9"),IF(RIGHT(C4,2)="55",CONCATENATE(LEFT(C4,2),"G0"),IF(RIGHT(C4,2)="56",CONCATENATE(LEFT(C4,2),"G1"),IF(RIGHT(C4,2)="57",CONCATENATE(LEFT(C4,2),"G2"),IF(RIGHT(C4,2)="58",CONCATENATE(LEFT(C4,2),"G3"),IF(RIGHT(C4,2)="59",CONCATENATE(LEFT(C4,2),"G4"),IF(RIGHT(C4,2)="60",CONCATENATE(LEFT(C4,2),"G5"),IF(RIGHT(C4,2)="61",CONCATENATE(LEFT(C4,2),"G6"),IF(RIGHT(C4,2)="62",CONCATENATE(LEFT(C4,2),"G7"),IF(RIGHT(C4,2)="63",CONCATENATE(LEFT(C4,2),"G8"),IF(RIGHT(C4,2)="64",CONCATENATE(LEFT(C4,2),"G9"),IF(RIGHT(C4,2)="65",CONCATENATE(LEFT(C4,2),"H0"),IF(RIGHT(C4,2)="66",CONCATENATE(LEFT(C4,2),"H1"),IF(RIGHT(C4,2)="67",CONCATENATE(LEFT(C4,2),"H2"),IF(RIGHT(C4,2)="68",CONCATENATE(LEFT(C4,2),"H3"),IF(RIGHT(C4,2)="68",CONCATENATE(LEFT(C4,2),"H4"),C4)))))))))))))))) -> 37G2 | H4: 24 | I4: 54 | J4: 23.05 | K4: 12 | L4: 11.63 | M4: 54 | N4: 24.35 | O4: 12 | P4: 13.28 | Q4: 0 | R4: 0 | S4: 0 | T4: 0 | U4: 0 | V4: 0 | W4: 0 | X4: 0 | Y4: 0 | Z4: 0 | AA4: 0 | AB4: 0 | AC4: 0 | AD4: 0 | AE4: 0 | AF4: 0 | AG4: 0 | AH4: 0 | AI4: 0 | AJ4: 0 | AK4: 0 | AL4: 0 | AM4: 0 | AN4: 0 | AO4: 0 | AP4: 0 | AQ4: 0 | AR4: 0 | AS4: 0 | AT4: 0 | AU4: 0 | AV4: 0 | AW4: =IF(A4="",1,"") | AX4: 17 | AY4: 19 | AZ4: 25 | BA4: 0 | BB4: 0 | BC4: 0 | BD4: 0 | BE4: 0 | BF4: 0 | BG4: 0 | BH4: 0 | BI4: German R/V | BJ4: GFR | BK4: No | BL4: 0 | BM4: 0 | BN4: 1.6164129 | BQ4: 1.6164129 | BR4: =IF(AND(AX4>9,AX4<40),2,IF(AND(AX4>39,AX4<60),3,IF(AND(AX4>59,AX4<80),4,IF(AND(AX4>79,AX4<100),5,IF(AX4>99,6,""))))) -> 2 | BS4: 5423.05 | BT4: 1211.63 | BU4: 3703 | BV4: 5701 | BW4: 5425 | BX4: 1210
A5: V | B5: 24002 | C5: 3757 | D5: =IF(K5=12,57,IF(K5=13,58,IF(K5=14,59,IF(K5=15,60,"")))) -> 57 | E5: =IF(D5=_xlfn.NUMBERVALUE(RIGHT(C5,2)),"OK","") -> OK | F5: =CONCATENATE(LEFT(C5,2),D5) -> 3757 | G5: =IF(RIGHT(C5,2)="54",CONCATENATE(LEFT(C5,2),"F9"),IF(RIGHT(C5,2)="55",CONCATENATE(LEFT(C5,2),"G0"),IF(RIGHT(C5,2)="56",CONCATENATE(LEFT(C5,2),"G1"),IF(RIGHT(C5,2)="57",CONCATENATE(LEFT(C5,2),"G2"),IF(RIGHT(C5,2)="58",CONCATENATE(LEFT(C5,2),"G3"),IF(RIGHT(C5,2)="59",CONCATENATE(LEFT(C5,2),"G4"),IF(RIGHT(C5,2)="60",CONCATENATE(LEFT(C5,2),"G5"),IF(RIGHT(C5,2)="61",CONCATENATE(LEFT(C5,2),"G6"),IF(RIGHT(C5,2)="62",CONCATENATE(LEFT(C5,2),"G7"),IF(RIGHT(C5,2)="63",CONCATENATE(LEFT(C5,2),"G8"),IF(RIGHT(C5,2)="64",CONCATENATE(LEFT(C5,2),"G9"),IF(RIGHT(C5,2)="65",CONCATENATE(LEFT(C5,2),"H0"),IF(RIGHT(C5,2)="66",CONCATENATE(LEFT(C5,2),"H1"),IF(RIGHT(C5,2)="67",CONCATENATE(LEFT(C5,2),"H2"),IF(RIGHT(C5,2)="68",CONCATENATE(LEFT(C5,2),"H3"),IF(RIGHT(C5,2)="68",CONCATENATE(LEFT(C5,2),"H4"),C5)))))))))))))))) -> 37G2 | H5: 24 | I5: 54 | J5: 26.48 | K5: 12 | L5: 20.88 | M5: 54 | N5: 25.92 | O5: 12 | P5: 20.29 | Q5: 54 | R5: 25.38 | S5: 12 | T5: 19.89 | U5: 54 | V5: 24.85 | W5: 12 | X5: 19.4 | Y5: 0 | Z5: 0 | AA5: 0 | AB5: 0 | AC5: 0 | AD5: 0 | AE5: 0 | AF5: 0 | AG5: 0 | AH5: 0 | AI5: 0 | AJ5: 0 | AK5: 0 | AL5: 0 | AM5: 0 | AN5: 0 | AO5: 0 | AP5: 0 | AQ5: 0 | AR5: 0 | AS5: 0 | AT5: 0 | AU5: 0 | AV5: 0 | AW5: =IF(A5="",1,"") | AX5: 18 | AY5: 15 | AZ5: 0 | BA5: 0 | BB5: 0 | BC5: 0 | BD5: 0 | BE5: 0 | BF5: 0 | BG5: 0 | BH5: 0 | BI5: Solea | BJ5: GFR | BK5: No | BL5: 4 | BM5: 1 | BN5: 1.8465941 | BQ5: 1.8465941 | BR5: =IF(AND(AX5>9,AX5<40),2,IF(AND(AX5>39,AX5<60),3,IF(AND(AX5>59,AX5<80),4,IF(AND(AX5>79,AX5<100),5,IF(AX5>99,6,""))))) -> 2 | BS5: 5426.48 | BT5: 1220.88 | BU5: 3703 | BV5: 5702 | BW5: 5425 | BX5: 1230
A6: V | B6: 24004 | C6: 3759 | D6: =IF(K6=12,57,IF(K6=13,58,IF(K6=14,59,IF(K6=15,60,"")))) -> 59 | E6: =IF(D6=_xlfn.NUMBERVALUE(RIGHT(C6,2)),"OK","") -> OK | F6: =CONCATENATE(LEFT(C6,2),D6) -> 3759 | G6: =IF(RIGHT(C6,2)="54",CONCATENATE(LEFT(C6,2),"F9"),IF(RIGHT(C6,2)="55",CONCATENATE(LEFT(C6,2),"G0"),IF(RIGHT(C6,2)="56",CONCATENATE(LEFT(C6,2),"G1"),IF(RIGHT(C6,2)="57",CONCATENATE(LEFT(C6,2),"G2"),IF(RIGHT(C6,2)="58",CONCATENATE(LEFT(C6,2),"G3"),IF(RIGHT(C6,2)="59",CONCATENATE(LEFT(C6,2),"G4"),IF(RIGHT(C6,2)="60",CONCATENATE(LEFT(C6,2),"G5"),IF(RIGHT(C6,2)="61",CONCATENATE(LEFT(C6,2),"G6"),IF(RIGHT(C6,2)="62",CONCATENATE(LEFT(C6,2),"G7"),IF(RIGHT(C6,2)="63",CONCATENATE(LEFT(C6,2),"G8"),IF(RIGHT(C6,2)="64",CONCATENATE(LEFT(C6,2),"G9"),IF(RIGHT(C6,2)="65",CONCATENATE(LEFT(C6,2),"H0"),IF(RIGHT(C6,2)="66",CONCATENATE(LEFT(C6,2),"H1"),IF(RIGHT(C6,2)="67",CONCATENATE(LEFT(C6,2),"H2"),IF(RIGHT(C6,2)="68",CONCATENATE(LEFT(C6,2),"H3"),IF(RIGHT(C6,2)="68",CONCATENATE(LEFT(C6,2),"H4"),C6)))))))))))))))) -> 37G4 | H6: 24 | I6: 54 | J6: 29 | K6: 14 | L6: 45.2 | M6: 54 | N6: 26.61 | O6: 14 | P6: 46.44 | Q6: 0 | R6: 0 | S6: 0 | T6: 0 | U6: 0 | V6: 0 | W6: 0 | X6: 0 | Y6: 0 | Z6: 0 | AA6: 0 | AB6: 0 | AC6: 0 | AD6: 0 | AE6: 0 | AF6: 0 | AG6: 0 | AH6: 0 | AI6: 0 | AJ6: 0 | AK6: 0 | AL6: 0 | AM6: 0 | AN6: 0 | AO6: 0 | AP6: 0 | AQ6: 0 | AR6: 0 | AS6: 0 | AT6: 0 | AU6: 0 | AV6: 0 | AW6: =IF(A6="",1,"") | AX6: 16 | AY6: 21 | AZ6: 21 | BA6: 0 | BB6: 0 | BC6: 0 | BD6: 0 | BE6: 0 | BF6: 0 | BG6: 0 | BH6: 0 | BI6: Polish | BJ6: POL | BK6: No | BL6: 1 | BM6: 0 | BN6: 2.4963036 | BQ6: 2.4963036 | BR6: =IF(AND(AX6>9,AX6<40),2,IF(AND(AX6>39,AX6<60),3,IF(AND(AX6>59,AX6<80),4,IF(AND(AX6>79,AX6<100),5,IF(AX6>99,6,""))))) -> 2 | BS6: 5429 | BT6: 1445.2 | BU6: 3703 | BV6: 5903 | BW6: 5425 | BX6: 1450
A7: V | B7: 24005 | C7: 3857 | D7: =IF(K7=12,57,IF(K7=13,58,IF(K7=14,59,IF(K7=15,60,"")))) -> 57 | E7: =IF(D7=_xlfn.NUMBERVALUE(RIGHT(C7,2)),"OK","") -> OK | F7: =CONCATENATE(LEFT(C7,2),D7) -> 3857 | G7: =IF(RIGHT(C7,2)="54",CONCATENATE(LEFT(C7,2),"F9"),IF(RIGHT(C7,2)="55",CONCATENATE(LEFT(C7,2),"G0"),IF(RIGHT(C7,2)="56",CONCATENATE(LEFT(C7,2),"G1"),IF(RIGHT(C7,2)="57",CONCATENATE(LEFT(C7,2),"G2"),IF(RIGHT(C7,2)="58",CONCATENATE(LEFT(C7,2),"G3"),IF(RIGHT(C7,2)="59",CONCATENATE(LEFT(C7,2),"G4"),IF(RIGHT(C7,2)="60",CONCATENATE(LEFT(C7,2),"G5"),IF(RIGHT(C7,2)="61",CONCATENATE(LEFT(C7,2),"G6"),IF(RIGHT(C7,2)="62",CONCATENATE(LEFT(C7,2),"G7"),IF(RIGHT(C7,2)="63",CONCATENATE(LEFT(C7,2),"G8"),IF(RIGHT(C7,2)="64",CONCATENATE(LEFT(C7,2),"G9"),IF(RIGHT(C7,2)="65",CONCATENATE(LEFT(C7,2),"H0"),IF(RIGHT(C7,2)="66",CONCATENATE(LEFT(C7,2),"H1"),IF(RIGHT(C7,2)="67",CONCATENATE(LEFT(C7,2),"H2"),IF(RIGHT(C7,2)="68",CONCATENATE(LEFT(C7,2),"H3"),IF(RIGHT(C7,2)="68",CONCATENATE(LEFT(C7,2),"H4"),C7)))))))))))))))) -> 38G2 | H7: 24 | I7: 54 | J7: 39.6 | K7: 12 | L7: 11.2 | M7: 54 | N7: 40.05 | O7: 12 | P7: 13.89 | Q7: 0 | R7: 0 | S7: 0 | T7: 0 | U7: 0 | V7: 0 | W7: 0 | X7: 0 | Y7: 0 | Z7: 0 | AA7: 0 | AB7: 0 | AC7: 0 | AD7: 0 | AE7: 0 | AF7: 0 | AG7: 0 | AH7: 0 | AI7: 0 | AJ7: 0 | AK7: 0 | AL7: 0 | AM7: 0 | AN7: 0 | AO7: 0 | AP7: 0 | AQ7: 0 | AR7: 0 | AS7: 0 | AT7: 0 | AU7: 0 | AV7: 0 | AW7: =IF(A7="",1,"") | AX7: 19 | AY7: 13 | AZ7: 14 | BA7: 0 | BB7: 0 | BC7: 0 | BD7: 0 | BE7: 0 | BF7: 0 | BG7: 0 | BH7: 0 | BI7: German R/V | BJ7: DEN | BK7: No | BL7: 1 | BM7: 0 | BN7: 1.6195967 | BQ7: 1.6195967 | BR7: =IF(AND(AX7>9,AX7<40),2,IF(AND(AX7>39,AX7<60),3,IF(AND(AX7>59,AX7<80),4,IF(AND(AX7>79,AX7<100),5,IF(AX7>99,6,""))))) -> 2 | BS7: 5439.6 | BT7: 1211.2 | BU7: 3801 | BV7: 5701 | BW7: 5435 | BX7: 1210
A8: V | B8: 24006 | C8: 3857 | D8: =IF(K8=12,57,IF(K8=13,58,IF(K8=14,59,IF(K8=15,60,"")))) -> 57 | E8: =IF(D8=_xlfn.NUMBERVALUE(RIGHT(C8,2)),"OK","") -> OK | F8: =CONCATENATE(LEFT(C8,2),D8) -> 3857 | G8: =IF(RIGHT(C8,2)="54",CONCATENATE(LEFT(C8,2),"F9"),IF(RIGHT(C8,2)="55",CONCATENATE(LEFT(C8,2),"G0"),IF(RIGHT(C8,2)="56",CONCATENATE(LEFT(C8,2),"G1"),IF(RIGHT(C8,2)="57",CONCATENATE(LEFT(C8,2),"G2"),IF(RIGHT(C8,2)="58",CONCATENATE(LEFT(C8,2),"G3"),IF(RIGHT(C8,2)="59",CONCATENATE(LEFT(C8,2),"G4"),IF(RIGHT(C8,2)="60",CONCATENATE(LEFT(C8,2),"G5"),IF(RIGHT(C8,2)="61",CONCATENATE(LEFT(C8,2),"G6"),IF(RIGHT(C8,2)="62",CONCATENATE(LEFT(C8,2),"G7"),IF(RIGHT(C8,2)="63",CONCATENATE(LEFT(C8,2),"G8"),IF(RIGHT(C8,2)="64",CONCATENATE(LEFT(C8,2),"G9"),IF(RIGHT(C8,2)="65",CONCATENATE(LEFT(C8,2),"H0"),IF(RIGHT(C8,2)="66",CONCATENATE(LEFT(C8,2),"H1"),IF(RIGHT(C8,2)="67",CONCATENATE(LEFT(C8,2),"H2"),IF(RIGHT(C8,2)="68",CONCATENATE(LEFT(C8,2),"H3"),IF(RIGHT(C8,2)="68",CONCATENATE(LEFT(C8,2),"H4"),C8)))))))))))))))) -> 38G2 | H8: 24 | I8: 54 | J8: 35.31 | K8: 12 | L8: 27.37 | M8: 54 | N8: 38.55 | O8: 12 | P8: 27.55 | Q8: 0 | R8: 0 | S8: 0 | T8: 0 | U8: 0 | V8: 0 | W8: 0 | X8: 0 | Y8: 0 | Z8: 0 | AA8: 0 | AB8: 0 | AC8: 0 | AD8: 0 | AE8: 0 | AF8: 0 | AG8: 0 | AH8: 0 | AI8: 0 | AJ8: 0 | AK8: 0 | AL8: 0 | AM8: 0 | AN8: 0 | AO8: 0 | AP8: 0 | AQ8: 0 | AR8: 0 | AS8: 0 | AT8: 0 | AU8: 0 | AV8: 0 | AW8: =IF(A8="",1,"") | AX8: 16 | AY8: 14 | AZ8: 17 | BA8: 0 | BB8: 0 | BC8: 0 | BD8: 0 | BE8: 0 | BF8: 0 | BG8: 0 | BH8: 0 | BI8: German R/V | BJ8: GFR | BK8: No | BL8: 1 | BM8: 0 | BN8: 3.2416761 | BQ8: 3.2416761 | BR8: =IF(AND(AX8>9,AX8<40),2,IF(AND(AX8>39,AX8<60),3,IF(AND(AX8>59,AX8<80),4,IF(AND(AX8>79,AX8<100),5,IF(AX8>99,6,""))))) -> 2 | BS8: 5435.31 | BT8: 1227.37 | BU8: 3801 | BV8: 5702 | BW8: 5435 | BX8: 1230
A9: V | B9: 24007 | C9: 3857 | D9: =IF(K9=12,57,IF(K9=13,58,IF(K9=14,59,IF(K9=15,60,"")))) -> 57 | E9: =IF(D9=_xlfn.NUMBERVALUE(RIGHT(C9,2)),"OK","") -> OK | F9: =CONCATENATE(LEFT(C9,2),D9) -> 3857 | G9: =IF(RIGHT(C9,2)="54",CONCATENATE(LEFT(C9,2),"F9"),IF(RIGHT(C9,2)="55",CONCATENATE(LEFT(C9,2),"G0"),IF(RIGHT(C9,2)="56",CONCATENATE(LEFT(C9,2),"G1"),IF(RIGHT(C9,2)="57",CONCATENATE(LEFT(C9,2),"G2"),IF(RIGHT(C9,2)="58",CONCATENATE(LEFT(C9,2),"G3"),IF(RIGHT(C9,2)="59",CONCATENATE(LEFT(C9,2),"G4"),IF(RIGHT(C9,2)="60",CONCATENATE(LEFT(C9,2),"G5"),IF(RIGHT(C9,2)="61",CONCATENATE(LEFT(C9,2),"G6"),IF(RIGHT(C9,2)="62",CONCATENATE(LEFT(C9,2),"G7"),IF(RIGHT(C9,2)="63",CONCATENATE(LEFT(C9,2),"G8"),IF(RIGHT(C9,2)="64",CONCATENATE(LEFT(C9,2),"G9"),IF(RIGHT(C9,2)="65",CONCATENATE(LEFT(C9,2),"H0"),IF(RIGHT(C9,2)="66",CONCATENATE(LEFT(C9,2),"H1"),IF(RIGHT(C9,2)="67",CONCATENATE(LEFT(C9,2),"H2"),IF(RIGHT(C9,2)="68",CONCATENATE(LEFT(C9,2),"H3"),IF(RIGHT(C9,2)="68",CONCATENATE(LEFT(C9,2),"H4"),C9)))))))))))))))) -> 38G2 | H9: 24 | I9: 54 | J9: 37.44 | K9: 12 | L9: 55.14 | M9: 54 | N9: 37.58 | O9: 12 | P9: 56.54 | Q9: 54 | R9: 37.71 | S9: 12 | T9: 58.83 | U9: 54 | V9: 37.98 | W9: 12 | X9: 59.72 | Y9: 0 | Z9: 0 | AA9: 0 | AB9: 0 | AC9: 0 | AD9: 0 | AE9: 0 | AF9: 0 | AG9: 0 | AH9: 0 | AI9: 0 | AJ9: 0 | AK9: 0 | AL9: 0 | AM9: 0 | AN9: 0 | AO9: 0 | AP9: 0 | AQ9: 0 | AR9: 0 | AS9: 0 | AT9: 0 | AU9: 0 | AV9: 0 | AW9: =IF(A9="",1,"") | AX9: 15 | AY9: 15 | AZ9: 0 | BA9: 0 | BB9: 0 | BC9: 0 | BD9: 0 | BE9: 0 | BF9: 0 | BG9: 0 | BH9: 0 | BI9: Solea | BJ9: GFR | BK9: No | BL9: 1 | BM9: 0 | BN9: 2.7361507 | BQ9: 2.7361507 | BR9: =IF(AND(AX9>9,AX9<40),2,IF(AND(AX9>39,AX9<60),3,IF(AND(AX9>59,AX9<80),4,IF(AND(AX9>79,AX9<100),5,IF(AX9>99,6,""))))) -> 2 | BS9: 5437.44 | BT9: 1255.14 | BU9: 3801 | BV9: 5703 | BW9: 5435 | BX9: 1250
A10: V | B10: 24008 | C10: 3858 | D10: =IF(K10=12,57,IF(K10=13,58,IF(K10=14,59,IF(K10=15,60,"")))) -> 58 | E10: =IF(D10=_xlfn.NUMBERVALUE(RIGHT(C10,2)),"OK","") -> OK | F10: =CONCATENATE(LEFT(C10,2),D10) -> 3858 | G10: =IF(RIGHT(C10,2)="54",CONCATENATE(LEFT(C10,2),"F9"),IF(RIGHT(C10,2)="55",CONCATENATE(LEFT(C10,2),"G0"),IF(RIGHT(C10,2)="56",CONCATENATE(LEFT(C10,2),"G1"),IF(RIGHT(C10,2)="57",CONCATENATE(LEFT(C10,2),"G2"),IF(RIGHT(C10,2)="58",CONCATENATE(LEFT(C10,2),"G3"),IF(RIGHT(C10,2)="59",CONCATENATE(LEFT(C10,2),"G4"),IF(RIGHT(C10,2)="60",CONCATENATE(LEFT(C10,2),"G5"),IF(RIGHT(C10,2)="61",CONCATENATE(LEFT(C10,2),"G6"),IF(RIGHT(C10,2)="62",CONCATENATE(LEFT(C10,2),"G7"),IF(RIGHT(C10,2)="63",CONCATENATE(LEFT(C10,2),"G8"),IF(RIGHT(C10,2)="64",CONCATENATE(LEFT(C10,2),"G9"),IF(RIGHT(C10,2)="65",CONCATENATE(LEFT(C10,2),"H0"),IF(RIGHT(C10,2)="66",CONCATENATE(LEFT(C10,2),"H1"),IF(RIGHT(C10,2)="67",CONCATENATE(LEFT(C10,2),"H2"),IF(RIGHT(C10,2)="68",CONCATENATE(LEFT(C10,2),"H3"),IF(RIGHT(C10,2)="68",CONCATENATE(LEFT(C10,2),"H4"),C10)))))))))))))))) -> 38G3 | H10: 24 | I10: 54 | J10: 30.01 | K10: 13 | L10: 58.73 | M10: 54 | N10: 30.4 | O10: 13 | P10: 58.14 | Q10: 54 | R10: 30.94 | S10: 13 | T10: 57.65 | U10: 54 | V10: 31.37 | W10: 13 | X10: 56.66 | Y10: 0 | Z10: 0 | AA10: 0 | AB10: 0 | AC10: 0 | AD10: 0 | AE10: 0 | AF10: 0 | AG10: 0 | AH10: 0 | AI10: 0 | AJ10: 0 | AK10: 0 | AL10: 0 | AM10: 0 | AN10: 0 | AO10: 0 | AP10: 0 | AQ10: 0 | AR10: 0 | AS10: 0 | AT10: 0 | AU10: 0 | AV10: 0 | AW10: =IF(A10="",1,"") | AX10: 18 | AY10: 18 | AZ10: 0 | BA10: 0 | BB10: 0 | BC10: 0 | BD10: 0 | BE10: 0 | BF10: 0 | BG10: 0 | BH10: 0 | BI10: Solea | BJ10: GFR | BK10: No | BL10: 4 | BM10: 1 | BN10: 1.8471461 | BQ10: 1.8471461 | BR10: =IF(AND(AX10>9,AX10<40),2,IF(AND(AX10>39,AX10<60),3,IF(AND(AX10>59,AX10<80),4,IF(AND(AX10>79,AX10<100),5,IF(AX10>99,6,""))))) -> 2 | BS10: 5430.01 | BT10: 1358.73 | BU10: 3801 | BV10: 5803 | BW10: 5435 | BX10: 1350
A11: V | B11: 24009 | C11: 3858 | D11: =IF(K11=12,57,IF(K11=13,58,IF(K11=14,59,IF(K11=15,60,"")))) -> 58 | E11: =IF(D11=_xlfn.NUMBERVALUE(RIGHT(C11,2)),"OK","") -> OK | F11: =CONCATENATE(LEFT(C11,2),D11) -> 3858 | G11: =IF(RIGHT(C11,2)="54",CONCATENATE(LEFT(C11,2),"F9"),IF(RIGHT(C11,2)="55",CONCATENATE(LEFT(C11,2),"G0"),IF(RIGHT(C11,2)="56",CONCATENATE(LEFT(C11,2),"G1"),IF(RIGHT(C11,2)="57",CONCATENATE(LEFT(C11,2),"G2"),IF(RIGHT(C11,2)="58",CONCATENATE(LEFT(C11,2),"G3"),IF(RIGHT(C11,2)="59",CONCATENATE(LEFT(C11,2),"G4"),IF(RIGHT(C11,2)="60",CONCATENATE(LEFT(C11,2),"G5"),IF(RIGHT(C11,2)="61",CONCATENATE(LEFT(C11,2),"G6"),IF(RIGHT(C11,2)="62",CONCATENATE(LEFT(C11,2),"G7"),IF(RIGHT(C11,2)="63",CONCATENATE(LEFT(C11,2),"G8"),IF(RIGHT(C11,2)="64",CONCATENATE(LEFT(C11,2),"G9"),IF(RIGHT(C11,2)="65",CONCATENATE(LEFT(C11,2),"H0"),IF(RIGHT(C11,2)="66",CONCATENATE(LEFT(C11,2),"H1"),IF(RIGHT(C11,2)="67",CONCATENATE(LEFT(C11,2),"H2"),IF(RIGHT(C11,2)="68",CONCATENATE(LEFT(C11,2),"H3"),IF(RIGHT(C11,2)="68",CONCATENATE(LEFT(C11,2),"H4"),C11)))))))))))))))) -> 38G3 | H11: 24 | I11: 54 | J11: 31.54 | K11: 13 | L11: 57.76 | M11: 54 | N11: 29.51 | O11: 14 | P11: 2.14 | Q11: 0 | R11: 0 | S11: 0 | T11: 0 | U11: 0 | V11: 0 | W11: 0 | X11: 0 | Y11: 0 | Z11: 0 | AA11: 0 | AB11: 0 | AC11: 0 | AD11: 0 | AE11: 0 | AF11: 0 | AG11: 0 | AH11: 0 | AI11: 0 | AJ11: 0 | AK11: 0 | AL11: 0 | AM11: 0 | AN11: 0 | AO11: 0 | AP11: 0 | AQ11: 0 | AR11: 0 | AS11: 0 | AT11: 0 | AU11: 0 | AV11: 0 | AW11: =IF(A11="",1,"") | AX11: 18 | AY11: 18 | AZ11: 17 | BA11: 0 | BB11: 0 | BC11: 0 | BD11: 0 | BE11: 0 | BF11: 0 | BG11: 0 | BH11: 0 | BI11: German R/V | BJ11: GFR | BK11: No | BL11: 1 | BM11: 0 | BN11: 3.2538306 | BQ11: 3.2538306 | BR11: =IF(AND(AX11>9,AX11<40),2,IF(AND(AX11>39,AX11<60),3,IF(AND(AX11>59,AX11<80),4,IF(AND(AX11>79,AX11<100),5,IF(AX11>99,6,""))))) -> 2 | BS11: 5431.54 | BT11: 1357.76 | BU11: 3801 | BV11: 5803 | BW11: 5435 | BX11: 1350
A12: V | B12: 24011 | C12: 3859 | D12: =IF(K12=12,57,IF(K12=13,58,IF(K12=14,59,IF(K12=15,60,"")))) -> 59 | E12: =IF(D12=_xlfn.NUMBERVALUE(RIGHT(C12,2)),"OK","") -> OK | F12: =CONCATENATE(LEFT(C12,2),D12) -> 3859 | G12: =IF(RIGHT(C12,2)="54",CONCATENATE(LEFT(C12,2),"F9"),IF(RIGHT(C12,2)="55",CONCATENATE(LEFT(C12,2),"G0"),IF(RIGHT(C12,2)="56",CONCATENATE(LEFT(C12,2),"G1"),IF(RIGHT(C12,2)="57",CONCATENATE(LEFT(C12,2),"G2"),IF(RIGHT(C12,2)="58",CONCATENATE(LEFT(C12,2),"G3"),IF(RIGHT(C12,2)="59",CONCATENATE(LEFT(C12,2),"G4"),IF(RIGHT(C12,2)="60",CONCATENATE(LEFT(C12,2),"G5"),IF(RIGHT(C12,2)="61",CONCATENATE(LEFT(C12,2),"G6"),IF(RIGHT(C12,2)="62",CONCATENATE(LEFT(C12,2),"G7"),IF(RIGHT(C12,2)="63",CONCATENATE(LEFT(C12,2),"G8"),IF(RIGHT(C12,2)="64",CONCATENATE(LEFT(C12,2),"G9"),IF(RIGHT(C12,2)="65",CONCATENATE(LEFT(C12,2),"H0"),IF(RIGHT(C12,2)="66",CONCATENATE(LEFT(C12,2),"H1"),IF(RIGHT(C12,2)="67",CONCATENATE(LEFT(C12,2),"H2"),IF(RIGHT(C12,2)="68",CONCATENATE(LEFT(C12,2),"H3"),IF(RIGHT(C12,2)="68",CONCATENATE(LEFT(C12,2),"H4"),C12)))))))))))))))) -> 38G4 | H12: 24 | I12: 54 | J12: 31.63 | K12: 14 | L12: 18.57 | M12: 54 | N12: 32.19 | O12: 14 | P12: 13.33 | Q12: 0 | R12: 0 | S12: 0 | T12: 0 | U12: 0 | V12: 0 | W12: 0 | X12: 0 | Y12: 0 | Z12: 0 | AA12: 0 | AB12: 0 | AC12: 0 | AD12: 0 | AE12: 0 | AF12: 0 | AG12: 0 | AH12: 0 | AI12: 0 | AJ12: 0 | AK12: 0 | AL12: 0 | AM12: 0 | AN12: 0 | AO12: 0 | AP12: 0 | AQ12: 0 | AR12: 0 | AS12: 0 | AT12: 0 | AU12: 0 | AV12: 0 | AW12: =IF(A12="",1,"") | AX12: 19 | AY12: 46 | AZ12: 39 | BA12: 0 | BB12: 0 | BC12: 0 | BD12: 0 | BE12: 0 | BF12: 0 | BG12: 0 | BH12: 0 | BI12: German R/V | BJ12: GFR | BK12: No | BL12: 1 | BM12: 1 | BN12: 3.0916528 | BQ12: 3.0916528 | BR12: =IF(AND(AX12>9,AX12<40),2,IF(AND(AX12>39,AX12<60),3,IF(AND(AX12>59,AX12<80),4,IF(AND(AX12>79,AX12<100),5,IF(AX12>99,6,""))))) -> 2 | BS12: 5431.63 | BT12: 1418.57 | BU12: 3801 | BV12: 5901 | BW12: 5435 | BX12: 1410
A13: V | B13: 24012 | C13: 3859 | D13: =IF(K13=12,57,IF(K13=13,58,IF(K13=14,59,IF(K13=15,60,"")))) -> 59 | E13: =IF(D13=_xlfn.NUMBERVALUE(RIGHT(C13,2)),"OK","") -> OK | F13: =CONCATENATE(LEFT(C13,2),D13) -> 3859 | G13: =IF(RIGHT(C13,2)="54",CONCATENATE(LEFT(C13,2),"F9"),IF(RIGHT(C13,2)="55",CONCATENATE(LEFT(C13,2),"G0"),IF(RIGHT(C13,2)="56",CONCATENATE(LEFT(C13,2),"G1"),IF(RIGHT(C13,2)="57",CONCATENATE(LEFT(C13,2),"G2"),IF(RIGHT(C13,2)="58",CONCATENATE(LEFT(C13,2),"G3"),IF(RIGHT(C13,2)="59",CONCATENATE(LEFT(C13,2),"G4"),IF(RIGHT(C13,2)="60",CONCATENATE(LEFT(C13,2),"G5"),IF(RIGHT(C13,2)="61",CONCATENATE(LEFT(C13,2),"G6"),IF(RIGHT(C13,2)="62",CONCATENATE(LEFT(C13,2),"G7"),IF(RIGHT(C13,2)="63",CONCATENATE(LEFT(C13,2),"G8"),IF(RIGHT(C13,2)="64",CONCATENATE(LEFT(C13,2),"G9"),IF(RIGHT(C13,2)="65",CONCATENATE(LEFT(C13,2),"H0"),IF(RIGHT(C13,2)="66",CONCATENATE(LEFT(C13,2),"H1"),IF(RIGHT(C13,2)="67",CONCATENATE(LEFT(C13,2),"H2"),IF(RIGHT(C13,2)="68",CONCATENATE(LEFT(C13,2),"H3"),IF(RIGHT(C13,2)="68",CONCATENATE(LEFT(C13,2),"H4"),C13)))))))))))))))) -> 38G4 | H13: 24 | I13: 54 | J13: 31.93 | K13: 14 | L13: 15.04 | M13: 54 | N13: 31.41 | O13: 14 | P13: 17.6 | Q13: 54 | R13: 30.97 | S13: 14 | T13: 19.48 | U13: 54 | V13: 30.46 | W13: 14 | X13: 21.75 | Y13: 0 | Z13: 0 | AA13: 0 | AB13: 0 | AC13: 0 | AD13: 0 | AE13: 0 | AF13: 0 | AG13: 0 | AH13: 0 | AI13: 0 | AJ13: 0 | AK13: 0 | AL13: 0 | AM13: 0 | AN13: 0 | AO13: 0 | AP13: 0 | AQ13: 0 | AR13: 0 | AS13: 0 | AT13: 0 | AU13: 0 | AV13: 0 | AW13: =IF(A13="",1,"") | AX13: 17 | AY13: 18 | AZ13: 0 | BA13: 0 | BB13: 0 | BC13: 0 | BD13: 0 | BE13: 0 | BF13: 0 | BG13: 0 | BH13: 0 | BI13: Solea | BJ13: GFR | BK13: No | BL13: 4 | BM13: 0 | BN13: 4.1635841 | BQ13: 4.1635841 | BR13: =IF(AND(AX13>9,AX13<40),2,IF(AND(AX13>39,AX13<60),3,IF(AND(AX13>59,AX13<80),4,IF(AND(AX13>79,AX13<100),5,IF(AX13>99,6,""))))) -> 2 | BS13: 5431.93 | BT13: 1415.04 | BU13: 3801 | BV13: 5901 | BW13: 5435 | BX13: 1410
A14: V | B14: 24014 | C14: 3859 | D14: =IF(K14=12,57,IF(K14=13,58,IF(K14=14,59,IF(K14=15,60,"")))) -> 59 | E14: =IF(D14=_xlfn.NUMBERVALUE(RIGHT(C14,2)),"OK","") -> OK | F14: =CONCATENATE(LEFT(C14,2),D14) -> 3859 | G14: =IF(RIGHT(C14,2)="54",CONCATENATE(LEFT(C14,2),"F9"),IF(RIGHT(C14,2)="55",CONCATENATE(LEFT(C14,2),"G0"),IF(RIGHT(C14,2)="56",CONCATENATE(LEFT(C14,2),"G1"),IF(RIGHT(C14,2)="57",CONCATENATE(LEFT(C14,2),"G2"),IF(RIGHT(C14,2)="58",CONCATENATE(LEFT(C14,2),"G3"),IF(RIGHT(C14,2)="59",CONCATENATE(LEFT(C14,2),"G4"),IF(RIGHT(C14,2)="60",CONCATENATE(LEFT(C14,2),"G5"),IF(RIGHT(C14,2)="61",CONCATENATE(LEFT(C14,2),"G6"),IF(RIGHT(C14,2)="62",CONCATENATE(LEFT(C14,2),"G7"),IF(RIGHT(C14,2)="63",CONCATENATE(LEFT(C14,2),"G8"),IF(RIGHT(C14,2)="64",CONCATENATE(LEFT(C14,2),"G9"),IF(RIGHT(C14,2)="65",CONCATENATE(LEFT(C14,2),"H0"),IF(RIGHT(C14,2)="66",CONCATENATE(LEFT(C14,2),"H1"),IF(RIGHT(C14,2)="67",CONCATENATE(LEFT(C14,2),"H2"),IF(RIGHT(C14,2)="68",CONCATENATE(LEFT(C14,2),"H3"),IF(RIGHT(C14,2)="68",CONCATENATE(LEFT(C14,2),"H4"),C14)))))))))))))))) -> 38G4 | H14: 24 | I14: 54 | J14: 30.19 | K14: 14 | L14: 22.94 | M14: 54 | N14: 29.86 | O14: 14 | P14: 24.51 | Q14: 54 | R14: 29.67 | S14: 14 | T14: 25.8 | U14: 54 | V14: 29.28 | W14: 14 | X14: 27.08 | Y14: 0 | Z14: 0 | AA14: 0 | AB14: 0 | AC14: 0 | AD14: 0 | AE14: 0 | AF14: 0 | AG14: 0 | AH14: 0 | AI14: 0 | AJ14: 0 | AK14: 0 | AL14: 0 | AM14: 0 | AN14: 0 | AO14: 0 | AP14: 0 | AQ14: 0 | AR14: 0 | AS14: 0 | AT14: 0 | AU14: 0 | AV14: 0 | AW14: =IF(A14="",1,"") | AX14: 17 | AY14: 18 | AZ14: 0 | BA14: 0 | BB14: 0 | BC14: 0 | BD14: 0 | BE14: 0 | BF14: 0 | BG14: 0 | BH14: 0 | BI14: Solea | BJ14: GFR | BK14: No | BL14: 4 | BM14: 0 | BN14: 2.5820191 | BQ14: 2.5820191 | BR14: =IF(AND(AX14>9,AX14<40),2,IF(AND(AX14>39,AX14<60),3,IF(AND(AX14>59,AX14<80),4,IF(AND(AX14>79,AX14<100),5,IF(AX14>99,6,""))))) -> 2 | BS14: 5430.19 | BT14: 1422.94 | BU14: 3801 | BV14: 5902 | BW14: 5435 | BX14: 1430
A15: V | B15: 24015 | C15: 3857 | D15: =IF(K15=12,57,IF(K15=13,58,IF(K15=14,59,IF(K15=15,60,"")))) -> 57 | E15: =IF(D15=_xlfn.NUMBERVALUE(RIGHT(C15,2)),"OK","") -> OK | F15: =CONCATENATE(LEFT(C15,2),D15) -> 3857 | G15: =IF(RIGHT(C15,2)="54",CONCATENATE(LEFT(C15,2),"F9"),IF(RIGHT(C15,2)="55",CONCATENATE(LEFT(C15,2),"G0"),IF(RIGHT(C15,2)="56",CONCATENATE(LEFT(C15,2),"G1"),IF(RIGHT(C15,2)="57",CONCATENATE(LEFT(C15,2),"G2"),IF(RIGHT(C15,2)="58",CONCATENATE(LEFT(C15,2),"G3"),IF(RIGHT(C15,2)="59",CONCATENATE(LEFT(C15,2),"G4"),IF(RIGHT(C15,2)="60",CONCATENATE(LEFT(C15,2),"G5"),IF(RIGHT(C15,2)="61",CONCATENATE(LEFT(C15,2),"G6"),IF(RIGHT(C15,2)="62",CONCATENATE(LEFT(C15,2),"G7"),IF(RIGHT(C15,2)="63",CONCATENATE(LEFT(C15,2),"G8"),IF(RIGHT(C15,2)="64",CONCATENATE(LEFT(C15,2),"G9"),IF(RIGHT(C15,2)="65",CONCATENATE(LEFT(C15,2),"H0"),IF(RIGHT(C15,2)="66",CONCATENATE(LEFT(C15,2),"H1"),IF(RIGHT(C15,2)="67",CONCATENATE(LEFT(C15,2),"H2"),IF(RIGHT(C15,2)="68",CONCATENATE(LEFT(C15,2),"H3"),IF(RIGHT(C15,2)="68",CONCATENATE(LEFT(C15,2),"H4"),C15)))))))))))))))) -> 38G2 | H15: 24 | I15: 54 | J15: 42.05 | K15: 12 | L15: 19.8 | M15: 54 | N15: 40.74 | O15: 12 | P15: 17.84 | Q15: 0 | R15: 0 | S15: 0 | T15: 0 | U15: 0 | V15: 0 | W15: 0 | X15: 0 | Y15: 0 | Z15: 0 | AA15: 0 | AB15: 0 | AC15: 0 | AD15: 0 | AE15: 0 | AF15: 0 | AG15: 0 | AH15: 0 | AI15: 0 | AJ15: 0 | AK15: 0 | AL15: 0 | AM15: 0 | AN15: 0 | AO15: 0 | AP15: 0 | AQ15: 0 | AR15: 0 | AS15: 0 | AT15: 0 | AU15: 0 | AV15: 0 | AW15: =IF(A15="",1,"") | AX15: 18 | AY15: 18 | AZ15: 0 | BA15: 0 | BB15: 0 | BC15: 0 | BD15: 0 | BE15: 0 | BF15: 0 | BG15: 0 | BH15: 0 | BI15: Solea | BJ15: DEN | BK15: No | BL15: 1 | BM15: 1 | BN15: 1.731913 | BQ15: 1.731913 | BR15: =IF(AND(AX15>9,AX15<40),2,IF(AND(AX15>39,AX15<60),3,IF(AND(AX15>59,AX15<80),4,IF(AND(AX15>79,AX15<100),5,IF(AX15>99,6,""))))) -> 2 | BS15: 5442.05 | BT15: 1219.8 | BU15: 3802 | BV15: 5701 | BW15: 5445 | BX15: 1210
... A21: V | B21: 24022 | C21: 3759 | D21: =IF(K21=12,57,IF(K21=13,58,IF(K21=14,59,IF(K21=15,60,"")))) -> 59 | E21: =IF(D21=_xlfn.NUMBERVALUE(RIGHT(C21,2)),"OK","") -> OK | F21: =CONCATENATE(LEFT(C21,2),D21) -> 3759 | G21: =IF(RIGHT(C21,2)="54",CONCATENATE(LEFT(C21,2),"F9"),IF(RIGHT(C21,2)="55",CONCATENATE(LEFT(C21,2),"G0"),IF(RIGHT(C21,2)="56",CONCATENATE(LEFT(C21,2),"G1"),IF(RIGHT(C21,2)="57",CONCATENATE(LEFT(C21,2),"G2"),IF(RIGHT(C21,2)="58",CONCATENATE(LEFT(C21,2),"G3"),IF(RIGHT(C21,2)="59",CONCATENATE(LEFT(C21,2),"G4"),IF(RIGHT(C21,2)="60",CONCATENATE(LEFT(C21,2),"G5"),IF(RIGHT(C21,2)="61",CONCATENATE(LEFT(C21,2),"G6"),IF(RIGHT(C21,2)="62",CONCATENATE(LEFT(C21,2),"G7"),IF(RIGHT(C21,2)="63",CONCATENATE(LEFT(C21,2),"G8"),IF(RIGHT(C21,2)="64",CONCATENATE(LEFT(C21,2),"G9"),IF(RIGHT(C21,2)="65",CONCATENATE(LEFT(C21,2),"H0"),IF(RIGHT(C21,2)="66",CONCATENATE(LEFT(C21,2),"H1"),IF(RIGHT(C21,2)="67",CONCATENATE(LEFT(C21,2),"H2"),IF(RIGHT(C21,2)="68",CONCATENATE(LEFT(C21,2),"H3"),IF(RIGHT(C21,2)="68",CONCATENATE(LEFT(C21,2),"H4"),C21)))))))))))))))) -> 37G4 | H21: 24 | I21: 54 | J21: 26.75 | K21: 14 | L21: 57.3 | M21: 54 | N21: 27.17 | O21: 14 | P21: 55.03 | Q21: 54 | R21: 27.52 | S21: 14 | T21: 53.25 | U21: 54 | V21: 27.69 | W21: 14 | X21: 51.77 | Y21: 0 | Z21: 0 | AA21: 0 | AB21: 0 | AC21: 0 | AD21: 0 | AE21: 0 | AF21: 0 | AG21: 0 | AH21: 0 | AI21: 0 | AJ21: 0 | AK21: 0 | AL21: 0 | AM21: 0 | AN21: 0 | AO21: 0 | AP21: 0 | AQ21: 0 | AR21: 0 | AS21: 0 | AT21: 0 | AU21: 0 | AV21: 0 | AW21: =IF(A21="",1,"") | AX21: 31 | AY21: 31 | AZ21: 0 | BA21: 0 | BB21: 0 | BC21: 0 | BD21: 0 | BE21: 0 | BF21: 0 | BG21: 0 | BH21: 0 | BI21: Solea | BJ21: POL | BK21: No | BL21: 1 | BM21: 1 | BN21: 3.35432 | BQ21: 3.35432 | BR21: =IF(AND(AX21>9,AX21<40),2,IF(AND(AX21>39,AX21<60),3,IF(AND(AX21>59,AX21<80),4,IF(AND(AX21>79,AX21<100),5,IF(AX21>99,6,""))))) -> 2 | BS21: 5426.75 | BT21: 1457.3 | BU21: 3703 | BV21: 5903 | BW21: 5425 | BX21: 1450
A22: V | B22: 24024 | C22: 3858 | D22: =IF(K22=12,57,IF(K22=13,58,IF(K22=14,59,IF(K22=15,60,"")))) -> 58 | E22: =IF(D22=_xlfn.NUMBERVALUE(RIGHT(C22,2)),"OK","") -> OK | F22: =CONCATENATE(LEFT(C22,2),D22) -> 3858 | G22: =IF(RIGHT(C22,2)="54",CONCATENATE(LEFT(C22,2),"F9"),IF(RIGHT(C22,2)="55",CONCATENATE(LEFT(C22,2),"G0"),IF(RIGHT(C22,2)="56",CONCATENATE(LEFT(C22,2),"G1"),IF(RIGHT(C22,2)="57",CONCATENATE(LEFT(C22,2),"G2"),IF(RIGHT(C22,2)="58",CONCATENATE(LEFT(C22,2),"G3"),IF(RIGHT(C22,2)="59",CONCATENATE(LEFT(C22,2),"G4"),IF(RIGHT(C22,2)="60",CONCATENATE(LEFT(C22,2),"G5"),IF(RIGHT(C22,2)="61",CONCATENATE(LEFT(C22,2),"G6"),IF(RIGHT(C22,2)="62",CONCATENATE(LEFT(C22,2),"G7"),IF(RIGHT(C22,2)="63",CONCATENATE(LEFT(C22,2),"G8"),IF(RIGHT(C22,2)="64",CONCATENATE(LEFT(C22,2),"G9"),IF(RIGHT(C22,2)="65",CONCATENATE(LEFT(C22,2),"H0"),IF(RIGHT(C22,2)="66",CONCATENATE(LEFT(C22,2),"H1"),IF(RIGHT(C22,2)="67",CONCATENATE(LEFT(C22,2),"H2"),IF(RIGHT(C22,2)="68",CONCATENATE(LEFT(C22,2),"H3"),IF(RIGHT(C22,2)="68",CONCATENATE(LEFT(C22,2),"H4"),C22)))))))))))))))) -> 38G3 | H22: 24 | I22: 54 | J22: 34.4 | K22: 13 | L22: 47.6 | M22: 54 | N22: 32.8 | O22: 13 | P22: 48.1 | Q22: 0 | R22: 0 | S22: 0 | T22: 0 | U22: 0 | V22: 0 | W22: 0 | X22: 0 | Y22: 0 | Z22: 0 | AA22: 0 | AB22: 0 | AC22: 0 | AD22: 0 | AE22: 0 | AF22: 0 | AG22: 0 | AH22: 0 | AI22: 0 | AJ22: 0 | AK22: 0 | AL22: 0 | AM22: 0 | AN22: 0 | AO22: 0 | AP22: 0 | AQ22: 0 | AR22: 0 | AS22: 0 | AT22: 0 | AU22: 0 | AV22: 0 | AW22: =IF(A22="",1,"") | AX22: 22 | AY22: 0 | AZ22: 0 | BA22: 0 | BB22: 0 | BC22: 0 | BD22: 0 | BE22: 0 | BF22: 0 | BG22: 0 | BH22: 0 | BI22: German R/V | BJ22: GFR | BK22: No | BL22: 1 | BM22: 0 | BN22: 2.496149 | BP22: 9 | BQ22: 1.6260555 | BR22: =IF(AND(AX22>9,AX22<40),2,IF(AND(AX22>39,AX22<60),3,IF(AND(AX22>59,AX22<80),4,IF(AND(AX22>79,AX22<100),5,IF(AX22>99,6,""))))) -> 2 | BS22: 5434.4 | BT22: 1347.6 | BU22: 3801 | BV22: 5803 | BW22: 5435 | BX22: 1350
