Workbook

Sheet td_all_stations
A1: NrHaul | B1: RectangleAlpha | C1: Area | D1: Layer | E1: Dist | F1: Mean_Depth | G1: EEZ | H1: NM12 | I1: Status | J1: Source | K1: Remark | L1: Lat_start_deg_dec | M1: Lon_start_deg_dec | N1: Lat_end_deg_dec | O1: Lon_end_deg_dec
A2: 22002 | B2: 37G1 | C2: 22 | D2: 8 | E2: 3.3772013 | F2: 18 | G2: DEU | H2: Yes | I2: V | L2: 54.187833 | M2: 11.921 | N2: 54.1865 | O2: 11.824833
A3: 22003 | B3: 37G1 | C3: 22 | D3: 8 | E3: 2.4028475 | F3: 19 | G3: DEU | H3: Yes | I3: V | L3: 54.196667 | M3: 11.89 | N3: 54.236667 | O3: 11.886667
A4: 22004 | B4: 37G0 | C4: 22 | D4: 8 | E4: 2.5232456 | F4: 18 | G4: DEU | H4: Yes | I4: V | L4: 54.441667 | M4: 10.661 | N4: 54.455167 | O4: 10.5925
A5: 22005 | B5: 37G0 | C5: 22 | D5: 8 | E5: 1.5592543 | F5: 17 | G5: DEU | H5: Yes | I5: V | L5: 54.404 | M5: 10.7545 | N5: 54.424167 | O5: 10.726333
A6: 22006 | B6: 37G0 | C6: 22 | D6: 8 | E6: 2.2520251 | F6: 19 | G6: DEU | H6: Yes | I6: I | L6: 54.496667 | M6: 10.686667 | N6: 54.461667 | O6: 10.71
A7: 22007 | B7: 37G1 | C7: 22 | D7: 8 | E7: 3.9975922 | F7: 16 | G7: DEU | H7: Yes | I7: V | L7: 54.452167 | M7: 11.386333 | N7: 54.386167 | O7: 11.370667
A8: 22008 | B8: 37G1 | C8: 22 | D8: 8 | E8: 2.3007392 | F8: 19 | G8: DEU | H8: Yes | I8: V | L8: 54.346667 | M8: 11.921667 | N8: 54.308333 | O8: 11.923333
A9: 22011 | B9: 38G0 | C9: 22 | D9: 9 | E9: 2.4962994 | F9: 20 | G9: DEU | H9: Yes | I9: V | L9: 54.575833 | M9: 10.169833 | N9: 54.558833 | O9: 10.235333
A10: 22012 | B10: 37G1 | C10: 22 | D10: 9 | E10: 1.6392851 | F10: 25 | G10: DEU | H10: Yes | I10: V | L10: 54.420333 | M10: 11.517833 | N10: 54.3935 | O10: 11.509
A11: 22013 | B11: 38G1 | C11: 22 | D11: 9 | E11: 1.6451222 | F11: 28 | G11: DEU | H11: Yes | I11: V | L11: 54.523 | M11: 11.321167 | N11: 54.502833 | O11: 11.353167
A12: 22014 | B12: 38G0 | C12: 22 | D12: 8 | E12: 1.63 | F12: 19 | G12: DNK | H12: Yes | I12: V | L12: 54.619333 | M12: 10.6505 | N12: 54.592167 | O12: 10.6505
A13: 22016 | B13: 39G0 | C13: 22 | D13: 8 | E13: 2.4800633 | F13: 13 | G13: DNK | H13: Yes | I13: V | L13: 55.098333 | M13: 10.811667 | N13: 55.061667 | O13: 10.778333
A14: 24345 | B14: 38G2 | C14: 24 | D14: 8 | E14: 1.1954644 | F14: 17.7 | G14: DNK | H14: Yes | I14: V | J14: Havfisken trawl computer | L14: 54.661 | M14: 12.201 | N14: 54.674166 | O14: 12.226833
A15: 24346 | B15: 38G2 | C15: 24 | D15: 9 | E15: 1.212203 | F15: 19.7 | G15: DNK | H15: Yes | I15: V | J15: Havfisken trawl computer | L15: 54.7145 | M15: 12.268 | N15: 54.7305 | O15: 12.289333
A16: 24347 | B16: 38G2 | C16: 24 | D16: 9 | E16: 1.1533477 | F16: 20 | G16: DNK | H16: Yes | I16: V | J16: Havfisken trawl computer | L16: 54.797666 | M16: 12.361666 | N16: 54.816833 | O16: 12.363833
A17: 24348 | B17: 39G3 | C17: 24 | D17: 10 | E17: 1.1646868 | F17: 39.5 | G17: SWE | H17: Yes | I17: V | J17: Havfisken trawl computer | L17: 55.2105 | M17: 13.236333 | N17: 55.210666 | O17: 13.202333
A18: 24349 | B18: 39G3 | C18: 24 | D18: 10 | E18: 1.2807775 | F18: 39.7 | G18: SWE | H18: Yes | I18: V | J18: Havfisken trawl computer | L18: 55.267166 | M18: 13.7235 | N18: 55.252 | O18: 13.697166
A19: 24350 | B19: 38G2 | C19: 24 | D19: 8 | E19: 1.1198704 | F19: 18.3 | G19: DNK | H19: Yes | I19: V | J19: Havfisken trawl computer | L19: 54.8895 | M19: 12.581166 | N19: 54.884333 | O19: 12.55
A20: 24351 | B20: 39G2 | C20: 24 | D20: 8 | E20: 1.5896328 | F20: 17 | G20: DNK | H20: Yes | I20: V | J20: Havfisken trawl computer | L20: 55.25075 | M20: 12.45795 | N20: 55.236416 | O20: 12.497
A21: 24352 | B21: 39G2 | C21: 24 | D21: 9 | E21: 1.3174946 | F21: 32 | G21: DNK | H21: No | I21: V | J21: Havfisken trawl computer | L21: 55.171666 | M21: 12.755 | N21: 55.155 | O21: 12.78
A22: 24353 | B22: 38G2 | C22: 24 | D22: 8 | E22: 1.49946 | F22: 16 | G22: DNK | H22: Yes | I22: V | J22: Havfisken trawl computer | L22: 54.877633 | M22: 12.569766 | N22: 54.873833 | O22: 12.612666
A23: 24354 | B23: 39G2 | C23: 24 | D23: 9 | E23: 1.5399568 | F23: 30 | G23: DNK | H23: No | I23: V | J23: Havfisken trawl computer | L23: 55.089933 | M23: 12.87485 | N23: 55.090066 | O23: 12.830033
A24: 24355 | B24: 38G2 | C24: 24 | D24: 8 | E24: 1.4487041 | F24: 19 | G24: DNK | H24: Yes | I24: V | J24: Havfisken trawl computer | L24: 54.745483 | M24: 12.3185 | N24: 54.729133 | O24: 12.287766
A25: 24356 | B25: 38G2 | C25: 24 | D25: 8 | E25: 1.4595032 | F25: 15 | G25: DNK | H25: Yes | I25: V | J25: Havfisken trawl computer | L25: 54.829416 | M25: 12.693333 | N25: 54.823866 | O25: 12.734416
A26: 24357 | B26: 38G2 | C26: 24 | D26: 9 | E26: 1.512959 | F26: 36 | G26: DNK | H26: No | I26: V | J26: Havfisken trawl computer | L26: 54.9166 | M26: 12.931416 | N26: 54.907983 | O26: 12.972616
A27: 22018 | B27: 39G1 | C27: 22 | D27: 8 | E27: 2.2694943 | F27: 13 | G27: DNK | H27: Yes | I27: V | L27: 55.07 | M27: 11.068333 | N27: 55.043333 | O27: 11.111667
A28: 22019 | B28: 39G1 | C28: 22 | D28: 8 | E28: 2.4980946 | F28: 17 | G28: DNK | H28: Yes | I28: V | L28: 55.057333 | M28: 11.4025 | N28: 55.046833 | O28: 11.332167
A29: 22020 | B29: 39G0 | C29: 22 | D29: 8 | E29: 2.6340581 | F29: 18 | G29: DNK | H29: Yes | I29: V | L29: 55.211667 | M29: 10.938333 | N29: 55.236667 | O29: 10.993333
A30: 22021 | B30: 39G0 | C30: 22 | D30: 9 | E30: 2.0383489 | F30: 20 | G30: DNK | H30: Yes | I30: V | L30: 55.248333 | M30: 10.845 | N30: 55.215 | O30: 10.835
A31: 22022 | B31: 39G1 | C31: 22 | D31: 8 | E31: 2.4990744 | F31: 19 | G31: DNK | H31: Yes | I31: V | L31: 55.245 | M31: 11.055 | N31: 55.216667 | O31: 11.01
A32: 22023 | B32: 39G1 | C32: 22 | D32: 8 | E32: 2.4968001 | F32: 15 | G32: DNK | H32: Yes | I32: V | L32: 55.307833 | M32: 11.021333 | N32: 55.266833 | O32: 11.033833
A33: 22024 | B33: 39F9 | C33: 22 | D33: 8 | E33: 2.3065849 | F33: 18 | G33: DNK | H33: Yes | I33: V | L33: 55.365 | M33: 9.7526667 | N33: 55.401667 | O33: 9.7323333
A34: 22025 | B34: 39G0 | C34: 22 | D34: 8 | E34: 2.4996148 | F34: 19 | G34: DNK | H34: Yes | I34: V | L34: 55.385667 | M34: 10.842667 | N34: 55.382833 | O34: 10.915833
A35: 22026 | B35: 39G0 | C35: 22 | D35: 8 | E35: 2.2789227 | F35: 18 | G35: DNK | H35: Yes | I35: V | L35: 55.423333 | M35: 10.766667 | N35: 55.42 | O35: 10.833333
A36: 22027 | B36: 40G0 | C36: 22 | D36: 8 | E36: 2.3102729 | F36: 17 | G36: DNK | H36: Yes | I36: V | L36: 55.635 | M36: 10.006667 | N36: 55.653333 | O36: 10.066667
A37: 22029 | B37: 40G0 | C37: 22 | D37: 8 | E37: 2.1052115 | F37: 18 | G37: DNK | H37: Yes | I37: V | L37: 55.651667 | M37: 10.661667 | N37: 55.623333 | O37: 10.698333
A38: 22030 | B38: 40G0 | C38: 22 | D38: 8 | E38: 2.5012336 | F38: 18 | G38: DNK | H38: Yes | I38: V | L38: 55.705667 | M38: 10.272 | N38: 55.6995 | O38: 10.198833
... A70: 22078 | B70: 38G0 | C70: 22 | D70: 9 | E70: 2.2255321 | F70: 33 | G70: DNK | H70: Yes | I70: V | L70: 54.97 | M70: 10.113333 | N70: 54.936667 | O70: 10.141667
A71: 22079 | B71: 38G0 | C71: 22 | D71: 9 | E71: 2.5026823 | F71: 31 | G71: DNK | H71: Yes | I71: V | L71: 55.084833 | M71: 9.9846667
A72: 22081 | B72: 39F9 | C72: 22 | D72: 9 | E72: 2.4009826 | F72: 28 | G72: DNK | H72: Yes | I72: V | L72: 55.105 | M72: 9.988 | N72: 55.065 | O72: 9.986
A73: 22082 | B73: 39G1 | C73: 22 | D73: 9 | E73: 2.4971959 | F73: 37 | G73: DNK | H73: Yes | I73: V | L73: 55.106 | M73: 11.325
A74: 22084 | B74: 39G1 | C74: 22 | D74: 9 | E74: 1.9412791 | F74: 33 | G74: DNK | H74: Yes | I74: V | L74: 55.198333 | M74: 11.076667
A75: 22085 | B75: 40G0 | C75: 22 | D75: 9 | E75: 2.501766 | F75: 22 | G75: DNK | H75: Yes | I75: V | L75: 55.644333 | M75: 10.535167
A76: 22086 | B76: 40G0 | C76: 22 | D76: 9 | E76: 2.502248 | F76: 23 | G76: DNK | H76: Yes | I76: V | L76: 55.599333 | M76: 10.922667 | N76: 55.558333 | O76: 10.909167
A77: 22087 | B77: 40G0 | C77: 22 | D77: 9 | E77: 2.2444484 | F77: 38 | G77: DNK | H77: Yes | I77: V | L77: 55.556667 | M77: 10.838333 | N77: 55.521667 | O77: 10.861667
A78: 22089 | B78: 40G0 | C78: 22 | D78: 9 | E78: 2.1990418 | F78: 21 | G78: DNK | H78: Yes | I78: V | L78: 55.695 | M78: 10.22 | N78: 55.703333 | O78: 10.156667
A79: 22090 | B79: 40G0 | C79: 22 | D79: 9 | E79: 2.2538646 | F79: 23 | G79: DNK | H79: Yes | I79: V | L79: 55.705 | M79: 10.463333
A80: 22091 | B80: 40G0 | C80: 22 | D80: 9 | E80: 2.4985253 | F80: 21 | G80: DNK | H80: Yes | I80: V | L80: 55.722 | M80: 10.636667 | N80: 55.7175 | O80: 10.563167
A81: 22092 | B81: 40G0 | C81: 22 | D81: 9 | E81: 2.3816112 | F81: 38 | G81: DNK | H81: Yes | I81: V | L81: 55.83 | M81: 10.82 | N81: 55.791667 | O81: 10.838333
A82: 22094 | B82: 41G0 | C82: 22 | D82: 9 | E82: 2.288425 | F82: 23 | G82: DNK | H82: Yes | I82: V | L82: 56.043333 | M82: 10.926667
A83: 22100 | B83: 40G0 | C83: 22 | D83: 10 | E83: 2.0572912 | F83: 45 | G83: DNK | H83: Yes | I83: V | L83: 55.715 | M83: 10.786667
A84: 22103 | B84: 39G1 | C84: 22 | D84: 9 | E84: 2.4952941 | F84: 37 | G84: DNK | H84: Yes | I84: V | L84: 55.055333 | M84: 11.030333
A85: 22104 | B85: 40G0 | C85: 22 | D85: 9 | E85: 2.4909904 | F85: 22 | G85: DNK | H85: Yes | I85: V | L85: 55.573833 | M85: 10.911
A86: 22106 | B86: 40G0 | C86: 22 | D86: 8 | E86: 2.501893 | F86: 18 | G86: DNK | H86: Yes | I86: V | L86: 55.6435 | M86: 10.197667 | N86: 55.6365 | O86: 10.2705
A87: 22108 | B87: 37G0 | C87: 22 | D87: 9 | E87: 2.5015187 | F87: 22 | G87: DEU | H87: Yes | I87: V | L87: 54.456667 | M87: 10.664333 | N87: 54.498333 | O87: 10.661833
A88: 22111 | B88: 38G0 | C88: 22 | D88: 9 | E88: 2.502894 | F88: 31 | G88: DNK | H88: Yes | I88: V | L88: 54.913833 | M88: 10.053333 | N88: 54.873 | O88: 10.068167
A89: 22112 | B89: 40G0 | C89: 22 | D89: 9 | E89: 2.4975366 | F89: 25 | G89: DNK | H89: Yes | I89: V | L89: 55.6605 | M89: 10.397333 | N89: 55.651833 | O89: 10.4695
A90: 22114 | B90: 37G1 | C90: 22 | D90: 9 | E90: 1.6123941 | F90: 26 | G90: DEU | H90: Yes | I90: V | L90: 54.145 | M90: 11.294667 | N90: 54.165667 | O90: 11.324
A91: 22116 | B91: 38G0 | C91: 22 | D91: 9 | E91: 2.5006555 | F91: 25 | G91: DNK | H91: Yes | I91: V | L91: 54.686167 | M91: 10.476 | N91: 54.712667 | O91: 10.420333
A92: 22118 | B92: 40G0 | C92: 22 | D92: 8 | E92: 2.5027619 | F92: 18 | G92: DNK | H92: Yes | I92: V | L92: 55.6295 | M92: 10.343167 | N92: 55.6225 | O92: 10.416
A93: 22121 | B93: 38G1 | C93: 22 | D93: 9 | E93: 2.5009127 | F93: 37 | G93: DNK | H93: Yes | I93: V | L93: 55.049167 | M93: 11.100167
A94: 22122 | B94: 39G0 | C94: 22 | D94: 9 | E94: 2.4930246 | F94: 22 | G94: DNK | H94: Yes | I94: V | L94: 55.5415 | M94: 10.852333
A95: 22123 | B95: 37G0 | C95: 22 | D95: 9 | E95: 1.4998572 | F95: 20 | G95: DEU | H95: Yes | I95: V | L95: 54.458167 | M95: 10.5925 | N95: 54.450333 | O95: 10.633333
A96: 22124 | B96: 38F9 | C96: 22 | D96: 9 | E96: 2.5056774 | F96: 33 | G96: DNK | H96: Yes | I96: V | L96: 54.814667 | M96: 10.292167
A97: 22125 | B97: 39G0 | C97: 22 | D97: 9 | E97: 2.4943824 | F97: 22 | G97: DNK | H97: Yes | I97: V | L97: 55.401333 | M97: 10.815833
A98: 22127 | B98: 37G1 | C98: 22 | D98: 9 | E98: 1.9635265 | F98: 27 | G98: DEU | H98: Yes | I98: V | L98: 54.594833 | M98: 11.227 | N98: 54.615833 | O98: 11.183667
A99: 22128 | B99: 38F9 | C99: 22 | D99: 9 | E99: 2.498661 | F99: 33 | G99: DNK | H99: Yes | I99: I | L99: 54.813833 | M99: 10.158333
A100: 22129 | B100: 38G0 | C100: 22 | D100: 9 | E100: 2.4967609 | F100: 37 | G100: DNK | H100: Yes | I100: I | L100: 54.698167 | M100: 10.739667
A101: 22130 | B101: 39G0 | C101: 22 | D101: 9 | E101: 2.4957408 | F101: 22 | G101: DNK | H101: Yes | I101: V | L101: 55.332167 | M101: 10.897667 | N101: 55.297667 | O101: 10.9385
A102: 22131 | B102: 38G0 | C102: 22 | D102: 8 | E102: 1.5900105 | F102: 15 | G102: DNK | H102: Yes | I102: V | L102: 54.628333 | M102: 10.648667 | N102: 54.601833 | O102: 10.648833
A103: 22134 | B103: 38G0 | C103: 22 | D103: 9 | E103: 1.9069988 | F103: 22 | G103: DEU | H103: Yes | I103: I | K103: ammunitionsload | L103: 54.5521 | M103: 10.771167 | N103: 54.542433 | O103: 10.718967
A104: 22135 | B104: 38G1 | C104: 22 | D104: 9 | E104: 2.2372034 | F104: 28 | G104: DEU | H104: Yes | I104: I | K104: Natura 2000 area EU 2024 2943 | L104: 54.623333 | M104: 11.083333 | N104: 54.596667 | O104: 11.128333
A105: 22136 | B105: 38G0 | C105: 22 | D105: 9 | E105: 2.2812197 | F105: 23 | G105: DEU | H105: Yes | I105: V | L105: 54.741667 | M105: 10.198333 | N105: 54.708333 | O105: 10.23
A106: 22137 | B106: 38G0 | C106: 22 | D106: 8 | E106: 2.0818133 | F106: 18 | G106: DNK | H106: Yes | I106: V | L106: 54.715 | M106: 10.748333 | N106: 54.681667 | O106: 10.731667
A107: 22138 | B107: 38G0 | C107: 22 | D107: 9 | E107: 2.2057996 | F107: 23 | G107: DNK | H107: Yes | I107: I | L107: 54.78 | M107: 10.421667
A108: 22139 | B108: 37G1 | C108: 22 | D108: 9 | E108: 2.6522304 | F108: 25 | G108: DEU | H108: Yes | I108: I | L108: 54.433333 | M108: 11.525 | N108: 54.39 | O108: 11.51
A109: 22140 | B109: 37G1 | C109: 22 | D109: 9 | E109: 4.1420901 | F109: 24 | G109: DNK | H109: Yes | I109: V | L109: 54.431667 | M109: 11.616667 | N109: 54.408333 | O109: 11.728333
A110: 22141 | B110: 37G1 | C110: 22 | D110: 9 | E110: 1.5673416 | F110: 22 | G110: DEU | H110: Yes | I110: V | L110: 54.24 | M110: 11.421667 | N110: 54.251667 | O110: 11.461667
A111: 22142 | B111: 37G1 | C111: 22 | D111: 9 | E111: 1.7098768 | F111: 24 | G111: DEU | H111: Yes | I111: V | L111: 54.265 | M111: 11.501667 | N111: 54.273333 | O111: 11.548333
A112: 22143 | B112: 37G1 | C112: 22 | D112: 9 | E112: 2.7054907 | F112: 25 | G112: DEU | H112: Yes | I112: V | L112: 54.215 | M112: 11.551667 | N112: 54.231667 | O112: 11.623333
A113: 22144 | B113: 37G1 | C113: 22 | D113: 9 | E113: 1.5022323 | F113: 24 | G113: DEU | H113: Yes | I113: V | L113: 54.303833 | M113: 11.486167 | N113: 54.305333 | O113: 11.443333
A114: 22145 | B114: 37G1 | C114: 22 | D114: 9 | E114: 1.6257294 | F114: 24 | G114: DEU | H114: Yes | I114: V | L114: 54.298333 | M114: 11.526667 | N114: 54.291667 | O114: 11.571667
A115: 22146 | B115: 37G1 | C115: 22 | D115: 9 | E115: 1.6067025 | F115: 25 | G115: DEU | H115: Yes | I115: V | L115: 54.295833 | M115: 11.605 | N115: 54.322167 | O115: 11.596667
A116: 22147 | B116: 38G1 | C116: 22 | D116: 9 | F116: 24 | G116: DNK | H116: No | I116: V | L116: 54.379367 | M116: 11.775833 | N116: 54.38 | O116: 11.723333
A117: 22148 | B117: 38G1 | C117: 22 | D117: 9 | F117: 27 | G117: DNK | H117: Yes | I117: V | L117: 54.541633 | M117: 11.400867 | N117: 54.548333 | O117: 11.365
A118: 22149 | B118: 38G1 | C118: 22 | D118: 9 | F118: 22 | G118: DNK | H118: Yes | I118: V | L118: 54.628383 | M118: 11.1482 | N118: 54.64 | O118: 11.085
A119: 22150 | B119: 39F9 | C119: 22 | D119: 9 | F119: 30 | G119: DNK | H119: Yes | I119: V | L119: 55.118333 | M119: 9.72 | N119: 55.131667 | O119: 9.765
A120: 22151 | B120: 39F9 | C120: 22 | D120: 9 | F120: 33 | G120: DNK | H120: Yes | I120: V | L120: 55.058333 | M120: 9.5566667 | N120: 55.045 | O120: 9.5283333
A121: 22152 | B121: 39F9 | C121: 22 | D121: 9 | F121: 20 | G121: DNK | H121: Yes | I121: V | L121: 55.161667 | M121: 9.625 | N121: 55.156667 | O121: 9.58
A122: 22153 | B122: 39F9 | C122: 22 | D122: 9 | F122: 22 | G122: DNK | H122: Yes | I122: V | L122: 55.161667 | M122: 9.7783333 | N122: 55.188333 | O122: 9.775
A123: 23001 | B123: 41G2 | C123: 23 | D123: 9 | F123: 26.5 | G123: DNK | H123: Yes | I123: V | L123: 56.139733 | M123: 12.5094 | N123: 55.9575 | O123: 12.673667
A124: 23002 | B124: 40G2 | C124: 23 | D124: 8 | F124: 19 | G124: SWE | H124: Yes | I124: V | L124: 55.948333 | M124: 12.721567 | N124: 55.772667 | O124: 12.821867
A125: 23003 | B125: 40G2 | C125: 23 | D125: 8 | F125: 13 | G125: SWE | H125: Yes | I125: V | L125: 55.8568 | M125: 12.7501 | N125: 55.771867 | O125: 12.8597
A126: 23004 | B126: 40G2 | C126: 23 | D126: 8 | F126: 15 | G126: SWE | H126: Yes | I126: V | L126: 55.737033 | M126: 12.887833 | N126: 55.6599 | O126: 12.925267
A127: 23005 | B127: 40G2 | C127: 23 | D127: 9 | F127: 19.5 | G127: SWE | H127: Yes | I127: V | L127: 55.809 | M127: 12.791693 | N127: 55.735423 | O127: 12.886333
... A189: 23068 | B189: 40G2 | C189: 23 | D189: 9 | F189: 20 | G189: SWE | H189: Yes | I189: V | L189: 55.82455 | M189: 12.7806 | N189: 55.834083 | O189: 12.766367
A190: 24001 | B190: 37G2 | C190: 24 | D190: 8 | E190: 1.6164129 | F190: 17 | G190: DEU | H190: Yes | I190: V | L190: 54.384167 | M190: 12.193833 | N190: 54.405833 | O190: 12.221333
A191: 24002 | B191: 37G2 | C191: 24 | D191: 8 | E191: 1.8465941 | F191: 18 | G191: DEU | H191: Yes | I191: V | L191: 54.441333 | M191: 12.348 | N191: 54.414167 | O191: 12.323333
A192: 24004 | B192: 37G4 | C192: 24 | D192: 8 | E192: 2.4963036 | F192: 16 | G192: POL | H192: No | I192: V | L192: 54.483333 | M192: 14.753333 | N192: 54.4435 | O192: 14.774
...

Sheet track_deg_dec
A1: NrHaul | B1: lat1 | C1: lon1 | D1: lat2 | E1: lon2 | F1: lat3 | G1: lon3 | H1: lat4 | I1: lon4 | J1: lat5 | K1: lon5 | L1: lat6 | M1: lon6 | N1: lat7 | O1: lon7 | P1: lat8 | Q1: lon8 | R1: lat9 | S1: lon9 | T1: lat10 | U1: lon10
A2: 22002 | B2: 54.187833 | C2: 11.921 | D2: 54.1865 | E2: 11.824833
A3: 22003 | B3: 54.196667 | C3: 11.89 | D3: 54.236667 | E3: 11.886667
A4: 22004 | B4: 54.441667 | C4: 10.661 | D4: 54.455167 | E4: 10.5925
A5: 22005 | B5: 54.404 | C5: 10.7545 | D5: 54.424167 | E5: 10.726333
A6: 22006 | B6: 54.496667 | C6: 10.686667 | D6: 54.461667 | E6: 10.71
A7: 22007 | B7: 54.452167 | C7: 11.386333 | D7: 54.386167 | E7: 11.370667
A8: 22008 | B8: 54.346667 | C8: 11.921667 | D8: 54.308333 | E8: 11.923333
A9: 22011 | B9: 54.575833 | C9: 10.169833 | D9: 54.558833 | E9: 10.235333
A10: 22012 | B10: 54.420333 | C10: 11.517833 | D10: 54.3935 | E10: 11.509
A11: 22013 | B11: 54.523 | C11: 11.321167 | D11: 54.502833 | E11: 11.353167
A12: 22014 | B12: 54.619333 | C12: 10.6505 | D12: 54.592167 | E12: 10.6505
A13: 22016 | B13: 55.098333 | C13: 10.811667 | D13: 55.061667 | E13: 10.778333
A14: 22018 | B14: 55.07 | C14: 11.068333 | D14: 55.063333 | E14: 11.083333 | F14: 55.05 | G14: 11.093333 | H14: 55.043333 | I14: 11.111667
A15: 22019 | B15: 55.057333 | C15: 11.4025 | D15: 55.046833 | E15: 11.332167
A16: 22020 | B16: 55.211667 | C16: 10.938333 | D16: 55.225 | E16: 10.955 | F16: 55.228333 | G16: 10.986667 | H16: 55.236667 | I16: 10.993333
A17: 22021 | B17: 55.248333 | C17: 10.845 | D17: 55.236667 | E17: 10.84 | F17: 55.221667 | G17: 10.838333 | H17: 55.215 | I17: 10.835
A18: 22022 | B18: 55.245 | C18: 11.055 | D18: 55.238333 | E18: 11.025 | F18: 55.216667 | G18: 11.01
A19: 22023 | B19: 55.307833 | C19: 11.021333 | D19: 55.266833 | E19: 11.033833
A20: 22024 | B20: 55.365 | C20: 9.7526667 | D20: 55.401667 | E20: 9.7323333
A21: 22025 | B21: 55.385667 | C21: 10.842667 | D21: 55.382833 | E21: 10.915833
A22: 22026 | B22: 55.423333 | C22: 10.766667 | D22: 55.42 | E22: 10.833333
A23: 22027 | B23: 55.635 | C23: 10.006667 | D23: 55.653333 | E23: 10.066667
A24: 22029 | B24: 55.651667 | C24: 10.661667 | D24: 55.623333 | E24: 10.698333
A25: 22030 | B25: 55.705667 | C25: 10.272 | D25: 55.6995 | E25: 10.198833
A26: 22031 | B26: 55.765 | C26: 10.055 | D26: 55.783333 | E26: 10.118333
A27: 22032 | B27: 55.778333 | C27: 10.68 | D27: 55.801667 | E27: 10.735
A28: 22033 | B28: 55.941667 | C28: 10.48 | D28: 55.903333 | E28: 10.48
A29: 22034 | B29: 55.993333 | C29: 10.64 | D29: 55.993333 | E29: 10.708333
A30: 22035 | B30: 55.983333 | C30: 10.88 | D30: 55.978333 | E30: 10.945
... A51: 22065 | B51: 54.606667 | C51: 10.643 | D51: 54.633167 | E51: 10.587333
A52: 22071 | B52: 54.54 | C52: 11.406667 | D52: 54.523333 | E52: 11.455 | F52: 54.51 | G52: 11.468333
A53: 22072 | B53: 54.558833 | C53: 11.362333 | D53: 54.542333 | E53: 11.397
A54: 22075 | B54: 54.805 | C54: 10.145 | D54: 54.773333 | E54: 10.18
A55: 22076 | B55: 54.8185 | C55: 10.2745 | D55: 54.844333 | E55: 10.254667
A56: 22077 | B56: 54.693833 | C56: 10.324167 | D56: 54.689833 | E56: 10.369667
A57: 22078 | B57: 54.97 | C57: 10.113333 | D57: 54.936667 | E57: 10.141667
A58: 22079 | B58: 55.084833 | C58: 9.9846667
A59: 22081 | B59: 55.105 | C59: 9.988 | D59: 55.065 | E59: 9.986
A60: 22082 | B60: 55.106 | C60: 11.325
A61: 22084 | B61: 55.198333 | C61: 11.076667
A62: 22085 | B62: 55.644333 | C62: 10.535167
A63: 22086 | B63: 55.599333 | C63: 10.922667 | D63: 55.558333 | E63: 10.909167
A64: 22087 | B64: 55.556667 | C64: 10.838333 | D64: 55.521667 | E64: 10.861667
A65: 22089 | B65: 55.695 | C65: 10.22 | D65: 55.703333 | E65: 10.156667
A66: 22090 | B66: 55.705 | C66: 10.463333
A67: 22091 | B67: 55.722 | C67: 10.636667 | D67: 55.7175 | E67: 10.563167
A68: 22092 | B68: 55.83 | C68: 10.82 | D68: 55.791667 | E68: 10.838333
A69: 22094 | B69: 56.043333 | C69: 10.926667
A70: 22100 | B70: 55.715 | C70: 10.786667
A71: 22103 | B71: 55.055333 | C71: 11.030333
A72: 22104 | B72: 55.573833 | C72: 10.911
A73: 22106 | B73: 55.6435 | C73: 10.197667 | D73: 55.6365 | E73: 10.2705
A74: 22108 | B74: 54.456667 | C74: 10.664333 | D74: 54.498333 | E74: 10.661833
A75: 22111 | B75: 54.913833 | C75: 10.053333 | D75: 54.873 | E75: 10.068167
A76: 22112 | B76: 55.6605 | C76: 10.397333 | D76: 55.651833 | E76: 10.4695
A77: 22114 | B77: 54.145 | C77: 11.294667 | D77: 54.165667 | E77: 11.324
A78: 22116 | B78: 54.686167 | C78: 10.476 | D78: 54.712667 | E78: 10.420333
A79: 22118 | B79: 55.6295 | C79: 10.343167 | D79: 55.6225 | E79: 10.416
A80: 22121 | B80: 55.049167 | C80: 11.100167
A81: 22122 | B81: 55.5415 | C81: 10.852333
A82: 22123 | B82: 54.458167 | C82: 10.5925 | D82: 54.450333 | E82: 10.633333
A83: 22124 | B83: 54.814667 | C83: 10.292167
A84: 22125 | B84: 55.401333 | C84: 10.815833
A85: 22127 | B85: 54.594833 | C85: 11.227 | D85: 54.615833 | E85: 11.183667
A86: 22128 | B86: 54.813833 | C86: 10.158333
A87: 22129 | B87: 54.698167 | C87: 10.739667
A88: 22130 | B88: 55.332167 | C88: 10.897667 | D88: 55.297667 | E88: 10.9385
A89: 22131 | B89: 54.628333 | C89: 10.648667 | D89: 54.601833 | E89: 10.648833
A90: 22134 | B90: 54.5521 | C90: 10.771167 | D90: 54.542433 | E90: 10.718967
A91: 22135 | B91: 54.623333 | C91: 11.083333 | D91: 54.596667 | E91: 11.128333
A92: 22136 | B92: 54.741667 | C92: 10.198333 | D92: 54.708333 | E92: 10.23
A93: 22137 | B93: 54.715 | C93: 10.748333 | D93: 54.681667 | E93: 10.731667
A94: 22138 | B94: 54.78 | C94: 10.421667
A95: 22139 | B95: 54.433333 | C95: 11.525 | D95: 54.39 | E95: 11.51
A96: 22140 | B96: 54.431667 | C96: 11.616667 | D96: 54.408333 | E96: 11.728333
A97: 22141 | B97: 54.24 | C97: 11.421667 | D97: 54.251667 | E97: 11.461667
A98: 22142 | B98: 54.265 | C98: 11.501667 | D98: 54.273333 | E98: 11.548333
A99: 22143 | B99: 54.215 | C99: 11.551667 | D99: 54.231667 | E99: 11.623333
A100: 22144 | B100: 54.303833 | C100: 11.486167 | D100: 54.305333 | E100: 11.443333
A101: 22145 | B101: 54.298333 | C101: 11.526667 | D101: 54.291667 | E101: 11.571667
A102: 22146 | B102: 54.295833 | C102: 11.605 | D102: 54.322167 | E102: 11.596667
A103: 22147 | B103: 54.379367 | C103: 11.775833 | D103: 54.38 | E103: 11.723333
A104: 22148 | B104: 54.541633 | C104: 11.400867 | D104: 54.548333 | E104: 11.365
A105: 22149 | B105: 54.628383 | C105: 11.1482 | D105: 54.64 | E105: 11.085
A106: 22150 | B106: 55.118333 | C106: 9.72 | D106: 55.131667 | E106: 9.765
... A177: 24001 | B177: 54.384167 | C177: 12.193833 | D177: 54.405833 | E177: 12.221333
A178: 24002 | B178: 54.441333 | C178: 12.348 | D178: 54.432 | E178: 12.338167 | F178: 54.423 | G178: 12.3315 | H178: 54.414167 | I178: 12.323333
A179: 24004 | B179: 54.483333 | C179: 14.753333 | D179: 54.4435 | E179: 14.774
A180: 24005 | B180: 54.66 | C180: 12.186667 | D180: 54.6675 | E180: 12.2315
A181: 24006 | B181: 54.5885 | C181: 12.456167 | D181: 54.6425 | E181: 12.459167
A182: 24007 | B182: 54.624 | C182: 12.919 | D182: 54.626333 | E182: 12.942333 | F182: 54.6285 | G182: 12.9805 | H182: 54.633 | I182: 12.995333
A183: 24008 | B183: 54.500167 | C183: 13.978833 | D183: 54.506667 | E183: 13.969 | F183: 54.515667 | G183: 13.960833 | H183: 54.522833 | I183: 13.944333
A184: 24009 | B184: 54.525667 | C184: 13.962667 | D184: 54.491833 | E184: 14.035667
A185: 24011 | B185: 54.527167 | C185: 14.3095 | D185: 54.5365 | E185: 14.222167
A186: 24012 | B186: 54.532167 | C186: 14.250667 | D186: 54.5235 | E186: 14.293333 | F186: 54.516167 | G186: 14.324667 | H186: 54.507667 | I186: 14.3625
A187: 24014 | B187: 54.503167 | C187: 14.382333 | D187: 54.497667 | E187: 14.4085 | F187: 54.4945 | G187: 14.43 | H187: 54.488 | I187: 14.451333
A188: 24015 | B188: 54.700833 | C188: 12.33 | D188: 54.679 | E188: 12.297333
A189: 24016 | B189: 54.688 | C189: 12.9725 | D189: 54.668833 | E189: 13.059833
A190: 24017 | B190: 54.882833 | C190: 12.606833 | D190: 54.891333 | E190: 12.648333
...

Sheet track_deg_min
A1: NrHaul | B1: lat1_deg | C1: lat1_min | D1: lon1_deg | E1: lon1_min | F1: lat2_deg | G1: lat2_min | H1: lon2_deg | I1: lon2_min | J1: lat3_deg | K1: lat3_min | L1: lon3_deg | M1: lon3_min | N1: lat4_deg | O1: lat4_min | P1: lon4_deg | Q1: lon4_min | R1: lat5_deg | S1: lat5_min | T1: lon5_deg | U1: lon5_min | V1: lat6_deg | W1: lat6_min | X1: lon6_deg | Y1: lon6_min | Z1: lat7_deg | AA1: lat7_min | AB1: lon7_deg | AC1: lon7_min | AD1: lat8_deg | AE1: lat8_min | AF1: lon8_deg | AG1: lon8_min | AH1: lat9_deg | AI1: lat9_min | AJ1: lon9_deg | AK1: lon9_min | AL1: lat10_deg | AM1: lat10_min | AN1: lon10_deg | AO1: lon10_min
A2: =IF(track_deg_dec!A2 <> "", track_deg_dec!A2, "") -> 22002 | B2: {=IF(track_deg_dec!B2 <> "", _xlfn.CHOOSECOLS(_xlfn.TEXTSPLIT(track_deg_dec!B2,","),1), "")} -> 54 | C2: =IF(track_deg_dec!B2 <> "", _xlfn.CONCAT("0,", _xlfn.CHOOSECOLS(_xlfn.TEXTSPLIT(track_deg_dec!B2,","),2))*60, "") -> 11.27 | D2: {=IF(track_deg_dec!C2 <> "", _xlfn.CHOOSECOLS(_xlfn.TEXTSPLIT(track_deg_dec!C2,","),1), "")} -> 11 | E2: =IF(track_deg_dec!C2 <> "", _xlfn.CONCAT("0,", _xlfn.CHOOSECOLS(_xlfn.TEXTSPLIT(track_deg_dec!C2,","),2))*60, "") -> 55.26 | F2: {=IF(track_deg_dec!D2 <> "", _xlfn.CHOOSECOLS(_xlfn.TEXTSPLIT(track_deg_dec!D2,","),1), "")} -> 54 | G2: =IF(track_deg_dec!D2 <> "", _xlfn.CONCAT("0,", _xlfn.CHOOSECOLS(_xlfn.TEXTSPLIT(track_deg_dec!D2,","),2))*60, "") -> 11.19 | H2: {=IF(track_deg_dec!E2 <> "", _xlfn.CHOOSECOLS(_xlfn.TEXTSPLIT(track_deg_dec!E2,","),1), "")} -> 11 | I2: =IF(track_deg_dec!E2 <> "", _xlfn.CONCAT("0,", _xlfn.CHOOSECOLS(_xlfn.TEXTSPLIT(track_deg_dec!E2,","),2))*60, "") -> 49.49 | J2: {=IF(track_deg_dec!F2 <> "", _xlfn.CHOOSECOLS(_xlfn.TEXTSPLIT(track_deg_dec!F2,","),1), "")} | K2: =IF(track_deg_dec!F2 <> "", _xlfn.CONCAT("0,", _xlfn.CHOOSECOLS(_xlfn.TEXTSPLIT(track_deg_dec!F2,","),2))*60, "") | L2: {=IF(track_deg_dec!G2 <> "", _xlfn.CHOOSECOLS(_xlfn.TEXTSPLIT(track_deg_dec!G2,","),1), "")} | M2: =IF(track_deg_dec!G2 <> "", _xlfn.CONCAT("0,", _xlfn.CHOOSECOLS(_xlfn.TEXTSPLIT(track_deg_dec!G2,","),2))*60, "") | N2: {=IF(track_deg_dec!H2 <> "", _xlfn.CHOOSECOLS(_xlfn.TEXTSPLIT(track_deg_dec!H2,","),1), "")} | O2: =IF(track_deg_dec!H2 <> "", _xlfn.CONCAT("0,", _xlfn.CHOOSECOLS(_xlfn.TEXTSPLIT(track_deg_dec!H2,","),2))*60, "") | P2: {=IF(track_deg_dec!I2 <> "", _xlfn.CHOOSECOLS(_xlfn.TEXTSPLIT(track_deg_dec!I2,","),1), "")} | Q2: =IF(track_deg_dec!I2 <> "", _xlfn.CONCAT("0,", _xlfn.CHOOSECOLS(_xlfn.TEXTSPLIT(track_deg_dec!I2,","),2))*60, "") | R2: {=IF(track_deg_dec!J2 <> "", _xlfn.CHOOSECOLS(_xlfn.TEXTSPLIT(track_deg_dec!J2,","),1), "")} | S2: =IF(track_deg_dec!J2 <> "", _xlfn.CONCAT("0,", _xlfn.CHOOSECOLS(_xlfn.TEXTSPLIT(track_deg_dec!J2,","),2))*60, "") | T2: {=IF(track_deg_dec!K2 <> "", _xlfn.CHOOSECOLS(_xlfn.TEXTSPLIT(track_deg_dec!K2,","),1), "")} | U2: =IF(track_deg_dec!K2 <> "", _xlfn.CONCAT("0,", _xlfn.CHOOSECOLS(_xlfn.TEXTSPLIT(track_deg_dec!K2,","),2))*60, "") | V2: {=IF(track_deg_dec!L2 <> "", _xlfn.CHOOSECOLS(_xlfn.TEXTSPLIT(track_deg_dec!L2,","),1), "")} | W2: =IF(track_deg_dec!L2 <> "", _xlfn.CONCAT("0,", _xlfn.CHOOSECOLS(_xlfn.TEXTSPLIT(track_deg_dec!L2,","),2))*60, "") | X2: {=IF(track_deg_dec!M2 <> "", _xlfn.CHOOSECOLS(_xlfn.TEXTSPLIT(track_deg_dec!M2,","),1), "")} | Y2: =IF(track_deg_dec!M2 <> "", _xlfn.CONCAT("0,", _xlfn.CHOOSECOLS(_xlfn.TEXTSPLIT(track_deg_dec!M2,","),2))*60, "") | Z2: {=IF(track_deg_dec!N2 <> "", _xlfn.CHOOSECOLS(_xlfn.TEXTSPLIT(track_deg_dec!N2,","),1), "")} | AA2: =IF(track_deg_dec!N2 <> "", _xlfn.CONCAT("0,", _xlfn.CHOOSECOLS(_xlfn.TEXTSPLIT(track_deg_dec!N2,","),2))*60, "") | AB2: {=IF(track_deg_dec!O2 <> "", _xlfn.CHOOSECOLS(_xlfn.TEXTSPLIT(track_deg_dec!O2,","),1), "")} | AC2: =IF(track_deg_dec!O2 <> "", _xlfn.CONCAT("0,", _xlfn.CHOOSECOLS(_xlfn.TEXTSPLIT(track_deg_dec!O2,","),2))*60, "") | AD2: {=IF(track_deg_dec!P2 <> "", _xlfn.CHOOSECOLS(_xlfn.TEXTSPLIT(track_deg_dec!P2,","),1), "")} | AE2: =IF(track_deg_dec!P2 <> "", _xlfn.CONCAT("0,", _xlfn.CHOOSECOLS(_xlfn.TEXTSPLIT(track_deg_dec!P2,","),2))*60, "") | AF2: {=IF(track_deg_dec!Q2 <> "", _xlfn.CHOOSECOLS(_xlfn.TEXTSPLIT(track_deg_dec!Q2,","),1), "")} | AG2: =IF(track_deg_dec!Q2 <> "", _xlfn.CONCAT("0,", _xlfn.CHOOSECOLS(_xlfn.TEXTSPLIT(track_deg_dec!Q2,","),2))*60, "") | AH2: {=IF(track_deg_dec!R2 <> "", _xlfn.CHOOSECOLS(_xlfn.TEXTSPLIT(track_deg_dec!R2,","),1), "")} | AI2: =IF(track_deg_dec!R2 <> "", _xlfn.CONCAT("0,", _xlfn.CHOOSECOLS(_xlfn.TEXTSPLIT(track_deg_dec!R2,","),2))*60, "") | AJ2: {=IF(track_deg_dec!S2 <> "", _xlfn.CHOOSECOLS(_xlfn.TEXTSPLIT(track_deg_dec!S2,","),1), "")} | AK2: =IF(track_deg_dec!S2 <> "", _xlfn.CONCAT("0,", _xlfn.CHOOSECOLS(_xlfn.TEXTSPLIT(track_deg_dec!S2,","),2))*60, "") | AL2: {=IF(track_deg_dec!T2 <> "", _xlfn.CHOOSECOLS(_xlfn.TEXTSPLIT(track_deg_dec!T2,","),1), "")} | AM2: =IF(track_deg_dec!T2 <> "", _xlfn.CONCAT("0,", _xlfn.CHOOSECOLS(_xlfn.TEXTSPLIT(track_deg_dec!T2,","),2))*60, "") | AN2: {=IF(track_deg_dec!U2 <> "", _xlfn.CHOOSECOLS(_xlfn.TEXTSPLIT(track_deg_dec!U2,","),1), "")} | AO2: =IF(track_deg_dec!U2 <> "", _xlfn.CONCAT("0,", _xlfn.CHOOSECOLS(_xlfn.TEXTSPLIT(track_deg_dec!U2,","),2))*60, "")
A3: =IF(track_deg_dec!A3 <> "", track_deg_dec!A3, "") -> 22003 | B3: {=IF(track_deg_dec!B3 <> "", _xlfn.CHOOSECOLS(_xlfn.TEXTSPLIT(track_deg_dec!B3,","),1), "")} -> 54 | C3: =IF(track_deg_dec!B3 <> "", _xlfn.CONCAT("0,", _xlfn.CHOOSECOLS(_xlfn.TEXTSPLIT(track_deg_dec!B3,","),2))*60, "") -> 11.8 | D3: {=IF(track_deg_dec!C3 <> "", _xlfn.CHOOSECOLS(_xlfn.TEXTSPLIT(track_deg_dec!C3,","),1), "")} -> 11 | E3: =IF(track_deg_dec!C3 <> "", _xlfn.CONCAT("0,", _xlfn.CHOOSECOLS(_xlfn.TEXTSPLIT(track_deg_dec!C3,","),2))*60, "") -> 53.4 | F3: {=IF(track_deg_dec!D3 <> "", _xlfn.CHOOSECOLS(_xlfn.TEXTSPLIT(track_deg_dec!D3,","),1), "")} -> 54 | G3: =IF(track_deg_dec!D3 <> "", _xlfn.CONCAT("0,", _xlfn.CHOOSECOLS(_xlfn.TEXTSPLIT(track_deg_dec!D3,","),2))*60, "") -> 14.2 | H3: {=IF(track_deg_dec!E3 <> "", _xlfn.CHOOSECOLS(_xlfn.TEXTSPLIT(track_deg_dec!E3,","),1), "")} -> 11 | I3: =IF(track_deg_dec!E3 <> "", _xlfn.CONCAT("0,", _xlfn.CHOOSECOLS(_xlfn.TEXTSPLIT(track_deg_dec!E3,","),2))*60, "") -> 53.2 | J3: {=IF(track_deg_dec!F3 <> "", _xlfn.CHOOSECOLS(_xlfn.TEXTSPLIT(track_deg_dec!F3,","),1), "")} | K3: =IF(track_deg_dec!F3 <> "", _xlfn.CONCAT("0,", _xlfn.CHOOSECOLS(_xlfn.TEXTSPLIT(track_deg_dec!F3,","),2))*60, "") | L3: {=IF(track_deg_dec!G3 <> "", _xlfn.CHOOSECOLS(_xlfn.TEXTSPLIT(track_deg_dec!G3,","),1), "")} | M3: =IF(track_deg_dec!G3 <> "", _xlfn.CONCAT("0,", _xlfn.CHOOSECOLS(_xlfn.TEXTSPLIT(track_deg_dec!G3,","),2))*60, "") | N3: {=IF(track_deg_dec!H3 <> "", _xlfn.CHOOSECOLS(_xlfn.TEXTSPLIT(track_deg_dec!H3,","),1), "")} | O3: =IF(track_deg_dec!H3 <> "", _xlfn.CONCAT("0,", _xlfn.CHOOSECOLS(_xlfn.TEXTSPLIT(track_deg_dec!H3,","),2))*60, "") | P3: {=IF(track_deg_dec!I3 <> "", _xlfn.CHOOSECOLS(_xlfn.TEXTSPLIT(track_deg_dec!I3,","),1), "")} | Q3: =IF(track_deg_dec!I3 <> "", _xlfn.CONCAT("0,", _xlfn.CHOOSECOLS(_xlfn.TEXTSPLIT(track_deg_dec!I3,","),2))*60, "") | R3: {=IF(track_deg_dec!J3 <> "", _xlfn.CHOOSECOLS(_xlfn.TEXTSPLIT(track_deg_dec!J3,","),1), "")} | S3: =IF(track_deg_dec!J3 <> "", _xlfn.CONCAT("0,", _xlfn.CHOOSECOLS(_xlfn.TEXTSPLIT(track_deg_dec!J3,","),2))*60, "") | T3: {=IF(track_deg_dec!K3 <> "", _xlfn.CHOOSECOLS(_xlfn.TEXTSPLIT(track_deg_dec!K3,","),1), "")} | U3: =IF(track_deg_dec!K3 <> "", _xlfn.CONCAT("0,", _xlfn.CHOOSECOLS(_xlfn.TEXTSPLIT(track_deg_dec!K3,","),2))*60, "") | V3: {=IF(track_deg_dec!L3 <> "", _xlfn.CHOOSECOLS(_xlfn.TEXTSPLIT(track_deg_dec!L3,","),1), "")} | W3: =IF(track_deg_dec!L3 <> "", _xlfn.CONCAT("0,", _xlfn.CHOOSECOLS(_xlfn.TEXTSPLIT(track_deg_dec!L3,","),2))*60, "") | X3: {=IF(track_deg_dec!M3 <> "", _xlfn.CHOOSECOLS(_xlfn.TEXTSPLIT(track_deg_dec!M3,","),1), "")} | Y3: =IF(track_deg_dec!M3 <> "", _xlfn.CONCAT("0,", _xlfn.CHOOSECOLS(_xlfn.TEXTSPLIT(track_deg_dec!M3,","),2))*60, "") | Z3: {=IF(track_deg_dec!N3 <> "", _xlfn.CHOOSECOLS(_xlfn.TEXTSPLIT(track_deg_dec!N3,","),1), "")} | AA3: =IF(track_deg_dec!N3 <> "", _xlfn.CONCAT("0,", _xlfn.CHOOSECOLS(_xlfn.TEXTSPLIT(track_deg_dec!N3,","),2))*60, "") | AB3: {=IF(track_deg_dec!O3 <> "", _xlfn.CHOOSECOLS(_xlfn.TEXTSPLIT(track_deg_dec!O3,","),1), "")} | AC3: =IF(track_deg_dec!O3 <> "", _xlfn.CONCAT("0,", _xlfn.CHOOSECOLS(_xlfn.TEXTSPLIT(track_deg_dec!O3,","),2))*60, "") | AD3: {=IF(track_deg_dec!P3 <> "", _xlfn.CHOOSECOLS(_xlfn.TEXTSPLIT(track_deg_dec!P3,","),1), "")} | AE3: =IF(track_deg_dec!P3 <> "", _xlfn.CONCAT("0,", _xlfn.CHOOSECOLS(_xlfn.TEXTSPLIT(track_deg_dec!P3,","),2))*60, "") | AF3: {=IF(track_deg_dec!Q3 <> "", _xlfn.CHOOSECOLS(_xlfn.TEXTSPLIT(track_deg_dec!Q3,","),1), "")} | AG3: =IF(track_deg_dec!Q3 <> "", _xlfn.CONCAT("0,", _xlfn.CHOOSECOLS(_xlfn.TEXTSPLIT(track_deg_dec!Q3,","),2))*60, "") | AH3: {=IF(track_deg_dec!R3 <> "", _xlfn.CHOOSECOLS(_xlfn.TEXTSPLIT(track_deg_dec!R3,","),1), "")} | AI3: =IF(track_deg_dec!R3 <> "", _xlfn.CONCAT("0,", _xlfn.CHOOSECOLS(_xlfn.TEXTSPLIT(track_deg_dec!R3,","),2))*60, "") | AJ3: {=IF(track_deg_dec!S3 <> "", _xlfn.CHOOSECOLS(_xlfn.TEXTSPLIT(track_deg_dec!S3,","),1), "")} | AK3: =IF(track_deg_dec!S3 <> "", _xlfn.CONCAT("0,", _xlfn.CHOOSECOLS(_xlfn.TEXTSPLIT(track_deg_dec!S3,","),2))*60, "") | AL3: {=IF(track_deg_dec!T3 <> "", _xlfn.CHOOSECOLS(_xlfn.TEXTSPLIT(track_deg_dec!T3,","),1), "")} | AM3: =IF(track_deg_dec!T3 <> "", _xlfn.CONCAT("0,", _xlfn.CHOOSECOLS(_xlfn.TEXTSPLIT(track_deg_dec!T3,","),2))*60, "") | AN3: {=IF(track_deg_dec!U3 <> "", _xlfn.CHOOSECOLS(_xlfn.TEXTSPLIT(track_deg_dec!U3,","),1), "")} | AO3: =IF(track_deg_dec!U3 <> "", _xlfn.CONCAT("0,", _xlfn.CHOOSECOLS(_xlfn.TEXTSPLIT(track_deg_dec!U3,","),2))*60, "")
A4: =IF(track_deg_dec!A4 <> "", track_deg_dec!A4, "") -> 22004 | B4: {=IF(track_deg_dec!B4 <> "", _xlfn.CHOOSECOLS(_xlfn.TEXTSPLIT(track_deg_dec!B4,","),1), "")} -> 54 | C4: =IF(track_deg_dec!B4 <> "", _xlfn.CONCAT("0,", _xlfn.CHOOSECOLS(_xlfn.TEXTSPLIT(track_deg_dec!B4,","),2))*60, "") -> 26.5 | D4: {=IF(track_deg_dec!C4 <> "", _xlfn.CHOOSECOLS(_xlfn.TEXTSPLIT(track_deg_dec!C4,","),1), "")} -> 10 | E4: =IF(track_deg_dec!C4 <> "", _xlfn.CONCAT("0,", _xlfn.CHOOSECOLS(_xlfn.TEXTSPLIT(track_deg_dec!C4,","),2))*60, "") -> 39.66 | F4: {=IF(track_deg_dec!D4 <> "", _xlfn.CHOOSECOLS(_xlfn.TEXTSPLIT(track_deg_dec!D4,","),1), "")} -> 54 | G4: =IF(track_deg_dec!D4 <> "", _xlfn.CONCAT("0,", _xlfn.CHOOSECOLS(_xlfn.TEXTSPLIT(track_deg_dec!D4,","),2))*60, "") -> 27.31 | H4: {=IF(track_deg_dec!E4 <> "", _xlfn.CHOOSECOLS(_xlfn.TEXTSPLIT(track_deg_dec!E4,","),1), "")} -> 10 | I4: =IF(track_deg_dec!E4 <> "", _xlfn.CONCAT("0,", _xlfn.CHOOSECOLS(_xlfn.TEXTSPLIT(track_deg_dec!E4,","),2))*60, "") -> 35.55 | J4: {=IF(track_deg_dec!F4 <> "", _xlfn.CHOOSECOLS(_xlfn.TEXTSPLIT(track_deg_dec!F4,","),1), "")} | K4: =IF(track_deg_dec!F4 <> "", _xlfn.CONCAT("0,", _xlfn.CHOOSECOLS(_xlfn.TEXTSPLIT(track_deg_dec!F4,","),2))*60, "") | L4: {=IF(track_deg_dec!G4 <> "", _xlfn.CHOOSECOLS(_xlfn.TEXTSPLIT(track_deg_dec!G4,","),1), "")} | M4: =IF(track_deg_dec!G4 <> "", _xlfn.CONCAT("0,", _xlfn.CHOOSECOLS(_xlfn.TEXTSPLIT(track_deg_dec!G4,","),2))*60, "") | N4: {=IF(track_deg_dec!H4 <> "", _xlfn.CHOOSECOLS(_xlfn.TEXTSPLIT(track_deg_dec!H4,","),1), "")} | O4: =IF(track_deg_dec!H4 <> "", _xlfn.CONCAT("0,", _xlfn.CHOOSECOLS(_xlfn.TEXTSPLIT(track_deg_dec!H4,","),2))*60, "") | P4: {=IF(track_deg_dec!I4 <> "", _xlfn.CHOOSECOLS(_xlfn.TEXTSPLIT(track_deg_dec!I4,","),1), "")} | Q4: =IF(track_deg_dec!I4 <> "", _xlfn.CONCAT("0,", _xlfn.CHOOSECOLS(_xlfn.TEXTSPLIT(track_deg_dec!I4,","),2))*60, "") | R4: {=IF(track_deg_dec!J4 <> "", _xlfn.CHOOSECOLS(_xlfn.TEXTSPLIT(track_deg_dec!J4,","),1), "")} | S4: =IF(track_deg_dec!J4 <> "", _xlfn.CONCAT("0,", _xlfn.CHOOSECOLS(_xlfn.TEXTSPLIT(track_deg_dec!J4,","),2))*60, "") | T4: {=IF(track_deg_dec!K4 <> "", _xlfn.CHOOSECOLS(_xlfn.TEXTSPLIT(track_deg_dec!K4,","),1), "")} | U4: =IF(track_deg_dec!K4 <> "", _xlfn.CONCAT("0,", _xlfn.CHOOSECOLS(_xlfn.TEXTSPLIT(track_deg_dec!K4,","),2))*60, "") | V4: {=IF(track_deg_dec!L4 <> "", _xlfn.CHOOSECOLS(_xlfn.TEXTSPLIT(track_deg_dec!L4,","),1), "")} | W4: =IF(track_deg_dec!L4 <> "", _xlfn.CONCAT("0,", _xlfn.CHOOSECOLS(_xlfn.TEXTSPLIT(track_deg_dec!L4,","),2))*60, "") | X4: {=IF(track_deg_dec!M4 <> "", _xlfn.CHOOSECOLS(_xlfn.TEXTSPLIT(track_deg_dec!M4,","),1), "")} | Y4: =IF(track_deg_dec!M4 <> "", _xlfn.CONCAT("0,", _xlfn.CHOOSECOLS(_xlfn.TEXTSPLIT(track_deg_dec!M4,","),2))*60, "") | Z4: {=IF(track_deg_dec!N4 <> "", _xlfn.CHOOSECOLS(_xlfn.TEXTSPLIT(track_deg_dec!N4,","),1), "")} | AA4: =IF(track_deg_dec!N4 <> "", _xlfn.CONCAT("0,", _xlfn.CHOOSECOLS(_xlfn.TEXTSPLIT(track_deg_dec!N4,","),2))*60, "") | AB4: {=IF(track_deg_dec!O4 <> "", _xlfn.CHOOSECOLS(_xlfn.TEXTSPLIT(track_deg_dec!O4,","),1), "")} | AC4: =IF(track_deg_dec!O4 <> "", _xlfn.CONCAT("0,", _xlfn.CHOOSECOLS(_xlfn.TEXTSPLIT(track_deg_dec!O4,","),2))*60, "") | AD4: {=IF(track_deg_dec!P4 <> "", _xlfn.CHOOSECOLS(_xlfn.TEXTSPLIT(track_deg_dec!P4,","),1), "")} | AE4: =IF(track_deg_dec!P4 <> "", _xlfn.CONCAT("0,", _xlfn.CHOOSECOLS(_xlfn.TEXTSPLIT(track_deg_dec!P4,","),2))*60, "") | AF4: {=IF(track_deg_dec!Q4 <> "", _xlfn.CHOOSECOLS(_xlfn.TEXTSPLIT(track_deg_dec!Q4,","),1), "")} | AG4: =IF(track_deg_dec!Q4 <> "", _xlfn.CONCAT("0,", _xlfn.CHOOSECOLS(_xlfn.TEXTSPLIT(track_deg_dec!Q4,","),2))*60, "") | AH4: {=IF(track_deg_dec!R4 <> "", _xlfn.CHOOSECOLS(_xlfn.TEXTSPLIT(track_deg_dec!R4,","),1), "")} | AI4: =IF(track_deg_dec!R4 <> "", _xlfn.CONCAT("0,", _xlfn.CHOOSECOLS(_xlfn.TEXTSPLIT(track_deg_dec!R4,","),2))*60, "") | AJ4: {=IF(track_deg_dec!S4 <> "", _xlfn.CHOOSECOLS(_xlfn.TEXTSPLIT(track_deg_dec!S4,","),1), "")} | AK4: =IF(track_deg_dec!S4 <> "", _xlfn.CONCAT("0,", _xlfn.CHOOSECOLS(_xlfn.TEXTSPLIT(track_deg_dec!S4,","),2))*60, "") | AL4: {=IF(track_deg_dec!T4 <> "", _xlfn.CHOOSECOLS(_xlfn.TEXTSPLIT(track_deg_dec!T4,","),1), "")} | AM4: =IF(track_deg_dec!T4 <> "", _xlfn.CONCAT("0,", _xlfn.CHOOSECOLS(_xlfn.TEXTSPLIT(track_deg_dec!T4,","),2))*60, "") | AN4: {=IF(track_deg_dec!U4 <> "", _xlfn.CHOOSECOLS(_xlfn.TEXTSPLIT(track_deg_dec!U4,","),1), "")} | AO4: =IF(track_deg_dec!U4 <> "", _xlfn.CONCAT("0,", _xlfn.CHOOSECOLS(_xlfn.TEXTSPLIT(track_deg_dec!U4,","),2))*60, "")
A5: =IF(track_deg_dec!A5 <> "", track_deg_dec!A5, "") -> 22005 | B5: {=IF(track_deg_dec!B5 <> "", _xlfn.CHOOSECOLS(_xlfn.TEXTSPLIT(track_deg_dec!B5,","),1), "")} -> 54 | C5: =IF(track_deg_dec!B5 <> "", _xlfn.CONCAT("0,", _xlfn.CHOOSECOLS(_xlfn.TEXTSPLIT(track_deg_dec!B5,","),2))*60, "") -> 24.24 | D5: {=IF(track_deg_dec!C5 <> "", _xlfn.CHOOSECOLS(_xlfn.TEXTSPLIT(track_deg_dec!C5,","),1), "")} -> 10 | E5: =IF(track_deg_dec!C5 <> "", _xlfn.CONCAT("0,", _xlfn.CHOOSECOLS(_xlfn.TEXTSPLIT(track_deg_dec!C5,","),2))*60, "") -> 45.27 | F5: {=IF(track_deg_dec!D5 <> "", _xlfn.CHOOSECOLS(_xlfn.TEXTSPLIT(track_deg_dec!D5,","),1), "")} -> 54 | G5: =IF(track_deg_dec!D5 <> "", _xlfn.CONCAT("0,", _xlfn.CHOOSECOLS(_xlfn.TEXTSPLIT(track_deg_dec!D5,","),2))*60, "") -> 25.45 | H5: {=IF(track_deg_dec!E5 <> "", _xlfn.CHOOSECOLS(_xlfn.TEXTSPLIT(track_deg_dec!E5,","),1), "")} -> 10 | I5: =IF(track_deg_dec!E5 <> "", _xlfn.CONCAT("0,", _xlfn.CHOOSECOLS(_xlfn.TEXTSPLIT(track_deg_dec!E5,","),2))*60, "") -> 43.58 | J5: {=IF(track_deg_dec!F5 <> "", _xlfn.CHOOSECOLS(_xlfn.TEXTSPLIT(track_deg_dec!F5,","),1), "")} | K5: =IF(track_deg_dec!F5 <> "", _xlfn.CONCAT("0,", _xlfn.CHOOSECOLS(_xlfn.TEXTSPLIT(track_deg_dec!F5,","),2))*60, "") | L5: {=IF(track_deg_dec!G5 <> "", _xlfn.CHOOSECOLS(_xlfn.TEXTSPLIT(track_deg_dec!G5,","),1), "")} | M5: =IF(track_deg_dec!G5 <> "", _xlfn.CONCAT("0,", _xlfn.CHOOSECOLS(_xlfn.TEXTSPLIT(track_deg_dec!G5,","),2))*60, "") | N5: {=IF(track_deg_dec!H5 <> "", _xlfn.CHOOSECOLS(_xlfn.TEXTSPLIT(track_deg_dec!H5,","),1), "")} | O5: =IF(track_deg_dec!H5 <> "", _xlfn.CONCAT("0,", _xlfn.CHOOSECOLS(_xlfn.TEXTSPLIT(track_deg_dec!H5,","),2))*60, "") | P5: {=IF(track_deg_dec!I5 <> "", _xlfn.CHOOSECOLS(_xlfn.TEXTSPLIT(track_deg_dec!I5,","),1), "")} | Q5: =IF(track_deg_dec!I5 <> "", _xlfn.CONCAT("0,", _xlfn.CHOOSECOLS(_xlfn.TEXTSPLIT(track_deg_dec!I5,","),2))*60, "") | R5: {=IF(track_deg_dec!J5 <> "", _xlfn.CHOOSECOLS(_xlfn.TEXTSPLIT(track_deg_dec!J5,","),1), "")} | S5: =IF(track_deg_dec!J5 <> "", _xlfn.CONCAT("0,", _xlfn.CHOOSECOLS(_xlfn.TEXTSPLIT(track_deg_dec!J5,","),2))*60, "") | T5: {=IF(track_deg_dec!K5 <> "", _xlfn.CHOOSECOLS(_xlfn.TEXTSPLIT(track_deg_dec!K5,","),1), "")} | U5: =IF(track_deg_dec!K5 <> "", _xlfn.CONCAT("0,", _xlfn.CHOOSECOLS(_xlfn.TEXTSPLIT(track_deg_dec!K5,","),2))*60, "") | V5: {=IF(track_deg_dec!L5 <> "", _xlfn.CHOOSECOLS(_xlfn.TEXTSPLIT(track_deg_dec!L5,","),1), "")} | W5: =IF(track_deg_dec!L5 <> "", _xlfn.CONCAT("0,", _xlfn.CHOOSECOLS(_xlfn.TEXTSPLIT(track_deg_dec!L5,","),2))*60, "") | X5: {=IF(track_deg_dec!M5 <> "", _xlfn.CHOOSECOLS(_xlfn.TEXTSPLIT(track_deg_dec!M5,","),1), "")} | Y5: =IF(track_deg_dec!M5 <> "", _xlfn.CONCAT("0,", _xlfn.CHOOSECOLS(_xlfn.TEXTSPLIT(track_deg_dec!M5,","),2))*60, "") | Z5: {=IF(track_deg_dec!N5 <> "", _xlfn.CHOOSECOLS(_xlfn.TEXTSPLIT(track_deg_dec!N5,","),1), "")} | AA5: =IF(track_deg_dec!N5 <> "", _xlfn.CONCAT("0,", _xlfn.CHOOSECOLS(_xlfn.TEXTSPLIT(track_deg_dec!N5,","),2))*60, "") | AB5: {=IF(track_deg_dec!O5 <> "", _xlfn.CHOOSECOLS(_xlfn.TEXTSPLIT(track_deg_dec!O5,","),1), "")} | AC5: =IF(track_deg_dec!O5 <> "", _xlfn.CONCAT("0,", _xlfn.CHOOSECOLS(_xlfn.TEXTSPLIT(track_deg_dec!O5,","),2))*60, "") | AD5: {=IF(track_deg_dec!P5 <> "", _xlfn.CHOOSECOLS(_xlfn.TEXTSPLIT(track_deg_dec!P5,","),1), "")} | AE5: =IF(track_deg_dec!P5 <> "", _xlfn.CONCAT("0,", _xlfn.CHOOSECOLS(_xlfn.TEXTSPLIT(track_deg_dec!P5,","),2))*60, "") | AF5: {=IF(track_deg_dec!Q5 <> "", _xlfn.CHOOSECOLS(_xlfn.TEXTSPLIT(track_deg_dec!Q5,","),1), "")} | AG5: =IF(track_deg_dec!Q5 <> "", _xlfn.CONCAT("0,", _xlfn.CHOOSECOLS(_xlfn.TEXTSPLIT(track_deg_dec!Q5,","),2))*60, "") | AH5: {=IF(track_deg_dec!R5 <> "", _xlfn.CHOOSECOLS(_xlfn.TEXTSPLIT(track_deg_dec!R5,","),1), "")} | AI5: =IF(track_deg_dec!R5 <> "", _xlfn.CONCAT("0,", _xlfn.CHOOSECOLS(_xlfn.TEXTSPLIT(track_deg_dec!R5,","),2))*60, "") | AJ5: {=IF(track_deg_dec!S5 <> "", _xlfn.CHOOSECOLS(_xlfn.TEXTSPLIT(track_deg_dec!S5,","),1), "")} | AK5: =IF(track_deg_dec!S5 <> "", _xlfn.CONCAT("0,", _xlfn.CHOOSECOLS(_xlfn.TEXTSPLIT(track_deg_dec!S5,","),2))*60, "") | AL5: {=IF(track_deg_dec!T5 <> "", _xlfn.CHOOSECOLS(_xlfn.TEXTSPLIT(track_deg_dec!T5,","),1), "")} | AM5: =IF(track_deg_dec!T5 <> "", _xlfn.CONCAT("0,", _xlfn.CHOOSECOLS(_xlfn.TEXTSPLIT(track_deg_dec!T5,","),2))*60, "") | AN5: {=IF(track_deg_dec!U5 <> "", _xlfn.CHOOSECOLS(_xlfn.TEXTSPLIT(track_deg_dec!U5,","),1), "")} | AO5: =IF(track_deg_dec!U5 <> "", _xlfn.CONCAT("0,", _xlfn.CHOOSECOLS(_xlfn.TEXTSPLIT(track_deg_dec!U5,","),2))*60, "")
A6: =IF(track_deg_dec!A6 <> "", track_deg_dec!A6, "") -> 22006 | B6: {=IF(track_deg_dec!B6 <> "", _xlfn.CHOOSECOLS(_xlfn.TEXTSPLIT(track_deg_dec!B6,","),1), "")} -> 54 | C6: =IF(track_deg_dec!B6 <> "", _xlfn.CONCAT("0,", _xlfn.CHOOSECOLS(_xlfn.TEXTSPLIT(track_deg_dec!B6,","),2))*60, "") -> 29.8 | D6: {=IF(track_deg_dec!C6 <> "", _xlfn.CHOOSECOLS(_xlfn.TEXTSPLIT(track_deg_dec!C6,","),1), "")} -> 10 | E6: =IF(track_deg_dec!C6 <> "", _xlfn.CONCAT("0,", _xlfn.CHOOSECOLS(_xlfn.TEXTSPLIT(track_deg_dec!C6,","),2))*60, "") -> 41.2 | F6: {=IF(track_deg_dec!D6 <> "", _xlfn.CHOOSECOLS(_xlfn.TEXTSPLIT(track_deg_dec!D6,","),1), "")} -> 54 | G6: =IF(track_deg_dec!D6 <> "", _xlfn.CONCAT("0,", _xlfn.CHOOSECOLS(_xlfn.TEXTSPLIT(track_deg_dec!D6,","),2))*60, "") -> 27.7 | H6: {=IF(track_deg_dec!E6 <> "", _xlfn.CHOOSECOLS(_xlfn.TEXTSPLIT(track_deg_dec!E6,","),1), "")} -> 10 | I6: =IF(track_deg_dec!E6 <> "", _xlfn.CONCAT("0,", _xlfn.CHOOSECOLS(_xlfn.TEXTSPLIT(track_deg_dec!E6,","),2))*60, "") -> 42.6 | J6: {=IF(track_deg_dec!F6 <> "", _xlfn.CHOOSECOLS(_xlfn.TEXTSPLIT(track_deg_dec!F6,","),1), "")} | K6: =IF(track_deg_dec!F6 <> "", _xlfn.CONCAT("0,", _xlfn.CHOOSECOLS(_xlfn.TEXTSPLIT(track_deg_dec!F6,","),2))*60, "") | L6: {=IF(track_deg_dec!G6 <> "", _xlfn.CHOOSECOLS(_xlfn.TEXTSPLIT(track_deg_dec!G6,","),1), "")} | M6: =IF(track_deg_dec!G6 <> "", _xlfn.CONCAT("0,", _xlfn.CHOOSECOLS(_xlfn.TEXTSPLIT(track_deg_dec!G6,","),2))*60, "") | N6: {=IF(track_deg_dec!H6 <> "", _xlfn.CHOOSECOLS(_xlfn.TEXTSPLIT(track_deg_dec!H6,","),1), "")} | O6: =IF(track_deg_dec!H6 <> "", _xlfn.CONCAT("0,", _xlfn.CHOOSECOLS(_xlfn.TEXTSPLIT(track_deg_dec!H6,","),2))*60, "") | P6: {=IF(track_deg_dec!I6 <> "", _xlfn.CHOOSECOLS(_xlfn.TEXTSPLIT(track_deg_dec!I6,","),1), "")} | Q6: =IF(track_deg_dec!I6 <> "", _xlfn.CONCAT("0,", _xlfn.CHOOSECOLS(_xlfn.TEXTSPLIT(track_deg_dec!I6,","),2))*60, "") | R6: {=IF(track_deg_dec!J6 <> "", _xlfn.CHOOSECOLS(_xlfn.TEXTSPLIT(track_deg_dec!J6,","),1), "")} | S6: =IF(track_deg_dec!J6 <> "", _xlfn.CONCAT("0,", _xlfn.CHOOSECOLS(_xlfn.TEXTSPLIT(track_deg_dec!J6,","),2))*60, "") | T6: {=IF(track_deg_dec!K6 <> "", _xlfn.CHOOSECOLS(_xlfn.TEXTSPLIT(track_deg_dec!K6,","),1), "")} | U6: =IF(track_deg_dec!K6 <> "", _xlfn.CONCAT("0,", _xlfn.CHOOSECOLS(_xlfn.TEXTSPLIT(track_deg_dec!K6,","),2))*60, "") | V6: {=IF(track_deg_dec!L6 <> "", _xlfn.CHOOSECOLS(_xlfn.TEXTSPLIT(track_deg_dec!L6,","),1), "")} | W6: =IF(track_deg_dec!L6 <> "", _xlfn.CONCAT("0,", _xlfn.CHOOSECOLS(_xlfn.TEXTSPLIT(track_deg_dec!L6,","),2))*60, "") | X6: {=IF(track_deg_dec!M6 <> "", _xlfn.CHOOSECOLS(_xlfn.TEXTSPLIT(track_deg_dec!M6,","),1), "")} | Y6: =IF(track_deg_dec!M6 <> "", _xlfn.CONCAT("0,", _xlfn.CHOOSECOLS(_xlfn.TEXTSPLIT(track_deg_dec!M6,","),2))*60, "") | Z6: {=IF(track_deg_dec!N6 <> "", _xlfn.CHOOSECOLS(_xlfn.TEXTSPLIT(track_deg_dec!N6,","),1), "")} | AA6: =IF(track_deg_dec!N6 <> "", _xlfn.CONCAT("0,", _xlfn.CHOOSECOLS(_xlfn.TEXTSPLIT(track_deg_dec!N6,","),2))*60, "") | AB6: {=IF(track_deg_dec!O6 <> "", _xlfn.CHOOSECOLS(_xlfn.TEXTSPLIT(track_deg_dec!O6,","),1), "")} | AC6: =IF(track_deg_dec!O6 <> "", _xlfn.CONCAT("0,", _xlfn.CHOOSECOLS(_xlfn.TEXTSPLIT(track_deg_dec!O6,","),2))*60, "") | AD6: {=IF(track_deg_dec!P6 <> "", _xlfn.CHOOSECOLS(_xlfn.TEXTSPLIT(track_deg_dec!P6,","),1), "")} | AE6: =IF(track_deg_dec!P6 <> "", _xlfn.CONCAT("0,", _xlfn.CHOOSECOLS(_xlfn.TEXTSPLIT(track_deg_dec!P6,","),2))*60, "") | AF6: {=IF(track_deg_dec!Q6 <> "", _xlfn.CHOOSECOLS(_xlfn.TEXTSPLIT(track_deg_dec!Q6,","),1), "")} | AG6: =IF(track_deg_dec!Q6 <> "", _xlfn.CONCAT("0,", _xlfn.CHOOSECOLS(_xlfn.TEXTSPLIT(track_deg_dec!Q6,","),2))*60, "") | AH6: {=IF(track_deg_dec!R6 <> "", _xlfn.CHOOSECOLS(_xlfn.TEXTSPLIT(track_deg_dec!R6,","),1), "")} | AI6: =IF(track_deg_dec!R6 <> "", _xlfn.CONCAT("0,", _xlfn.CHOOSECOLS(_xlfn.TEXTSPLIT(track_deg_dec!R6,","),2))*60, "") | AJ6: {=IF(track_deg_dec!S6 <> "", _xlfn.CHOOSECOLS(_xlfn.TEXTSPLIT(track_deg_dec!S6,","),1), "")} | AK6: =IF(track_deg_dec!S6 <> "", _xlfn.CONCAT("0,", _xlfn.CHOOSECOLS(_xlfn.TEXTSPLIT(track_deg_dec!S6,","),2))*60, "") | AL6: {=IF(track_deg_dec!T6 <> "", _xlfn.CHOOSECOLS(_xlfn.TEXTSPLIT(track_deg_dec!T6,","),1), "")} | AM6: =IF(track_deg_dec!T6 <> "", _xlfn.CONCAT("0,", _xlfn.CHOOSECOLS(_xlfn.TEXTSPLIT(track_deg_dec!T6,","),2))*60, "") | AN6: {=IF(track_deg_dec!U6 <> "", _xlfn.CHOOSECOLS(_xlfn.TEXTSPLIT(track_deg_dec!U6,","),1), "")} | AO6: =IF(track_deg_dec!U6 <> "", _xlfn.CONCAT("0,", _xlfn.CHOOSECOLS(_xlfn.TEXTSPLIT(track_deg_dec!U6,","),2))*60, "")
A7: =IF(track_deg_dec!A7 <> "", track_deg_dec!A7, "") -> 22007 | B7: {=IF(track_deg_dec!B7 <> "", _xlfn.CHOOSECOLS(_xlfn.TEXTSPLIT(track_deg_dec!B7,","),1), "")} -> 54 | C7: =IF(track_deg_dec!B7 <> "", _xlfn.CONCAT("0,", _xlfn.CHOOSECOLS(_xlfn.TEXTSPLIT(track_deg_dec!B7,","),2))*60, "") -> 27.13 | D7: {=IF(track_deg_dec!C7 <> "", _xlfn.CHOOSECOLS(_xlfn.TEXTSPLIT(track_deg_dec!C7,","),1), "")} -> 11 | E7: =IF(track_deg_dec!C7 <> "", _xlfn.CONCAT("0,", _xlfn.CHOOSECOLS(_xlfn.TEXTSPLIT(track_deg_dec!C7,","),2))*60, "") -> 23.18 | F7: {=IF(track_deg_dec!D7 <> "", _xlfn.CHOOSECOLS(_xlfn.TEXTSPLIT(track_deg_dec!D7,","),1), "")} -> 54 | G7: =IF(track_deg_dec!D7 <> "", _xlfn.CONCAT("0,", _xlfn.CHOOSECOLS(_xlfn.TEXTSPLIT(track_deg_dec!D7,","),2))*60, "") -> 23.17 | H7: {=IF(track_deg_dec!E7 <> "", _xlfn.CHOOSECOLS(_xlfn.TEXTSPLIT(track_deg_dec!E7,","),1), "")} -> 11 | I7: =IF(track_deg_dec!E7 <> "", _xlfn.CONCAT("0,", _xlfn.CHOOSECOLS(_xlfn.TEXTSPLIT(track_deg_dec!E7,","),2))*60, "") -> 22.24 | J7: {=IF(track_deg_dec!F7 <> "", _xlfn.CHOOSECOLS(_xlfn.TEXTSPLIT(track_deg_dec!F7,","),1), "")} | K7: =IF(track_deg_dec!F7 <> "", _xlfn.CONCAT("0,", _xlfn.CHOOSECOLS(_xlfn.TEXTSPLIT(track_deg_dec!F7,","),2))*60, "") | L7: {=IF(track_deg_dec!G7 <> "", _xlfn.CHOOSECOLS(_xlfn.TEXTSPLIT(track_deg_dec!G7,","),1), "")} | M7: =IF(track_deg_dec!G7 <> "", _xlfn.CONCAT("0,", _xlfn.CHOOSECOLS(_xlfn.TEXTSPLIT(track_deg_dec!G7,","),2))*60, "") | N7: {=IF(track_deg_dec!H7 <> "", _xlfn.CHOOSECOLS(_xlfn.TEXTSPLIT(track_deg_dec!H7,","),1), "")} | O7: =IF(track_deg_dec!H7 <> "", _xlfn.CONCAT("0,", _xlfn.CHOOSECOLS(_xlfn.TEXTSPLIT(track_deg_dec!H7,","),2))*60, "") | P7: {=IF(track_deg_dec!I7 <> "", _xlfn.CHOOSECOLS(_xlfn.TEXTSPLIT(track_deg_dec!I7,","),1), "")} | Q7: =IF(track_deg_dec!I7 <> "", _xlfn.CONCAT("0,", _xlfn.CHOOSECOLS(_xlfn.TEXTSPLIT(track_deg_dec!I7,","),2))*60, "") | R7: {=IF(track_deg_dec!J7 <> "", _xlfn.CHOOSECOLS(_xlfn.TEXTSPLIT(track_deg_dec!J7,","),1), "")} | S7: =IF(track_deg_dec!J7 <> "", _xlfn.CONCAT("0,", _xlfn.CHOOSECOLS(_xlfn.TEXTSPLIT(track_deg_dec!J7,","),2))*60, "") | T7: {=IF(track_deg_dec!K7 <> "", _xlfn.CHOOSECOLS(_xlfn.TEXTSPLIT(track_deg_dec!K7,","),1), "")} | U7: =IF(track_deg_dec!K7 <> "", _xlfn.CONCAT("0,", _xlfn.CHOOSECOLS(_xlfn.TEXTSPLIT(track_deg_dec!K7,","),2))*60, "") | V7: {=IF(track_deg_dec!L7 <> "", _xlfn.CHOOSECOLS(_xlfn.TEXTSPLIT(track_deg_dec!L7,","),1), "")} | W7: =IF(track_deg_dec!L7 <> "", _xlfn.CONCAT("0,", _xlfn.CHOOSECOLS(_xlfn.TEXTSPLIT(track_deg_dec!L7,","),2))*60, "") | X7: {=IF(track_deg_dec!M7 <> "", _xlfn.CHOOSECOLS(_xlfn.TEXTSPLIT(track_deg_dec!M7,","),1), "")} | Y7: =IF(track_deg_dec!M7 <> "", _xlfn.CONCAT("0,", _xlfn.CHOOSECOLS(_xlfn.TEXTSPLIT(track_deg_dec!M7,","),2))*60, "") | Z7: {=IF(track_deg_dec!N7 <> "", _xlfn.CHOOSECOLS(_xlfn.TEXTSPLIT(track_deg_dec!N7,","),1), "")} | AA7: =IF(track_deg_dec!N7 <> "", _xlfn.CONCAT("0,", _xlfn.CHOOSECOLS(_xlfn.TEXTSPLIT(track_deg_dec!N7,","),2))*60, "") | AB7: {=IF(track_deg_dec!O7 <> "", _xlfn.CHOOSECOLS(_xlfn.TEXTSPLIT(track_deg_dec!O7,","),1), "")} | AC7: =IF(track_deg_dec!O7 <> "", _xlfn.CONCAT("0,", _xlfn.CHOOSECOLS(_xlfn.TEXTSPLIT(track_deg_dec!O7,","),2))*60, "") | AD7: {=IF(track_deg_dec!P7 <> "", _xlfn.CHOOSECOLS(_xlfn.TEXTSPLIT(track_deg_dec!P7,","),1), "")} | AE7: =IF(track_deg_dec!P7 <> "", _xlfn.CONCAT("0,", _xlfn.CHOOSECOLS(_xlfn.TEXTSPLIT(track_deg_dec!P7,","),2))*60, "") | AF7: {=IF(track_deg_dec!Q7 <> "", _xlfn.CHOOSECOLS(_xlfn.TEXTSPLIT(track_deg_dec!Q7,","),1), "")} | AG7: =IF(track_deg_dec!Q7 <> "", _xlfn.CONCAT("0,", _xlfn.CHOOSECOLS(_xlfn.TEXTSPLIT(track_deg_dec!Q7,","),2))*60, "") | AH7: {=IF(track_deg_dec!R7 <> "", _xlfn.CHOOSECOLS(_xlfn.TEXTSPLIT(track_deg_dec!R7,","),1), "")} | AI7: =IF(track_deg_dec!R7 <> "", _xlfn.CONCAT("0,", _xlfn.CHOOSECOLS(_xlfn.TEXTSPLIT(track_deg_dec!R7,","),2))*60, "") | AJ7: {=IF(track_deg_dec!S7 <> "", _xlfn.CHOOSECOLS(_xlfn.TEXTSPLIT(track_deg_dec!S7,","),1), "")} | AK7: =IF(track_deg_dec!S7 <> "", _xlfn.CONCAT("0,", _xlfn.CHOOSECOLS(_xlfn.TEXTSPLIT(track_deg_dec!S7,","),2))*60, "") | AL7: {=IF(track_deg_dec!T7 <> "", _xlfn.CHOOSECOLS(_xlfn.TEXTSPLIT(track_deg_dec!T7,","),1), "")} | AM7: =IF(track_deg_dec!T7 <> "", _xlfn.CONCAT("0,", _xlfn.CHOOSECOLS(_xlfn.TEXTSPLIT(track_deg_dec!T7,","),2))*60, "") | AN7: {=IF(track_deg_dec!U7 <> "", _xlfn.CHOOSECOLS(_xlfn.TEXTSPLIT(track_deg_dec!U7,","),1), "")} | AO7: =IF(track_deg_dec!U7 <> "", _xlfn.CONCAT("0,", _xlfn.CHOOSECOLS(_xlfn.TEXTSPLIT(track_deg_dec!U7,","),2))*60, "")
A8: =IF(track_deg_dec!A8 <> "", track_deg_dec!A8, "") -> 22008 | B8: {=IF(track_deg_dec!B8 <> "", _xlfn.CHOOSECOLS(_xlfn.TEXTSPLIT(track_deg_dec!B8,","),1), "")} -> 54 | C8: =IF(track_deg_dec!B8 <> "", _xlfn.CONCAT("0,", _xlfn.CHOOSECOLS(_xlfn.TEXTSPLIT(track_deg_dec!B8,","),2))*60, "") -> 20.8 | D8: {=IF(track_deg_dec!C8 <> "", _xlfn.CHOOSECOLS(_xlfn.TEXTSPLIT(track_deg_dec!C8,","),1), "")} -> 11 | E8: =IF(track_deg_dec!C8 <> "", _xlfn.CONCAT("0,", _xlfn.CHOOSECOLS(_xlfn.TEXTSPLIT(track_deg_dec!C8,","),2))*60, "") -> 55.3 | F8: {=IF(track_deg_dec!D8 <> "", _xlfn.CHOOSECOLS(_xlfn.TEXTSPLIT(track_deg_dec!D8,","),1), "")} -> 54 | G8: =IF(track_deg_dec!D8 <> "", _xlfn.CONCAT("0,", _xlfn.CHOOSECOLS(_xlfn.TEXTSPLIT(track_deg_dec!D8,","),2))*60, "") -> 18.5 | H8: {=IF(track_deg_dec!E8 <> "", _xlfn.CHOOSECOLS(_xlfn.TEXTSPLIT(track_deg_dec!E8,","),1), "")} -> 11 | I8: =IF(track_deg_dec!E8 <> "", _xlfn.CONCAT("0,", _xlfn.CHOOSECOLS(_xlfn.TEXTSPLIT(track_deg_dec!E8,","),2))*60, "") -> 55.4 | J8: {=IF(track_deg_dec!F8 <> "", _xlfn.CHOOSECOLS(_xlfn.TEXTSPLIT(track_deg_dec!F8,","),1), "")} | K8: =IF(track_deg_dec!F8 <> "", _xlfn.CONCAT("0,", _xlfn.CHOOSECOLS(_xlfn.TEXTSPLIT(track_deg_dec!F8,","),2))*60, "") | L8: {=IF(track_deg_dec!G8 <> "", _xlfn.CHOOSECOLS(_xlfn.TEXTSPLIT(track_deg_dec!G8,","),1), "")} | M8: =IF(track_deg_dec!G8 <> "", _xlfn.CONCAT("0,", _xlfn.CHOOSECOLS(_xlfn.TEXTSPLIT(track_deg_dec!G8,","),2))*60, "") | N8: {=IF(track_deg_dec!H8 <> "", _xlfn.CHOOSECOLS(_xlfn.TEXTSPLIT(track_deg_dec!H8,","),1), "")} | O8: =IF(track_deg_dec!H8 <> "", _xlfn.CONCAT("0,", _xlfn.CHOOSECOLS(_xlfn.TEXTSPLIT(track_deg_dec!H8,","),2))*60, "") | P8: {=IF(track_deg_dec!I8 <> "", _xlfn.CHOOSECOLS(_xlfn.TEXTSPLIT(track_deg_dec!I8,","),1), "")} | Q8: =IF(track_deg_dec!I8 <> "", _xlfn.CONCAT("0,", _xlfn.CHOOSECOLS(_xlfn.TEXTSPLIT(track_deg_dec!I8,","),2))*60, "") | R8: {=IF(track_deg_dec!J8 <> "", _xlfn.CHOOSECOLS(_xlfn.TEXTSPLIT(track_deg_dec!J8,","),1), "")} | S8: =IF(track_deg_dec!J8 <> "", _xlfn.CONCAT("0,", _xlfn.CHOOSECOLS(_xlfn.TEXTSPLIT(track_deg_dec!J8,","),2))*60, "") | T8: {=IF(track_deg_dec!K8 <> "", _xlfn.CHOOSECOLS(_xlfn.TEXTSPLIT(track_deg_dec!K8,","),1), "")} | U8: =IF(track_deg_dec!K8 <> "", _xlfn.CONCAT("0,", _xlfn.CHOOSECOLS(_xlfn.TEXTSPLIT(track_deg_dec!K8,","),2))*60, "") | V8: {=IF(track_deg_dec!L8 <> "", _xlfn.CHOOSECOLS(_xlfn.TEXTSPLIT(track_deg_dec!L8,","),1), "")} | W8: =IF(track_deg_dec!L8 <> "", _xlfn.CONCAT("0,", _xlfn.CHOOSECOLS(_xlfn.TEXTSPLIT(track_deg_dec!L8,","),2))*60, "") | X8: {=IF(track_deg_dec!M8 <> "", _xlfn.CHOOSECOLS(_xlfn.TEXTSPLIT(track_deg_dec!M8,","),1), "")} | Y8: =IF(track_deg_dec!M8 <> "", _xlfn.CONCAT("0,", _xlfn.CHOOSECOLS(_xlfn.TEXTSPLIT(track_deg_dec!M8,","),2))*60, "") | Z8: {=IF(track_deg_dec!N8 <> "", _xlfn.CHOOSECOLS(_xlfn.TEXTSPLIT(track_deg_dec!N8,","),1), "")} | AA8: =IF(track_deg_dec!N8 <> "", _xlfn.CONCAT("0,", _xlfn.CHOOSECOLS(_xlfn.TEXTSPLIT(track_deg_dec!N8,","),2))*60, "") | AB8: {=IF(track_deg_dec!O8 <> "", _xlfn.CHOOSECOLS(_xlfn.TEXTSPLIT(track_deg_dec!O8,","),1), "")} | AC8: =IF(track_deg_dec!O8 <> "", _xlfn.CONCAT("0,", _xlfn.CHOOSECOLS(_xlfn.TEXTSPLIT(track_deg_dec!O8,","),2))*60, "") | AD8: {=IF(track_deg_dec!P8 <> "", _xlfn.CHOOSECOLS(_xlfn.TEXTSPLIT(track_deg_dec!P8,","),1), "")} | AE8: =IF(track_deg_dec!P8 <> "", _xlfn.CONCAT("0,", _xlfn.CHOOSECOLS(_xlfn.TEXTSPLIT(track_deg_dec!P8,","),2))*60, "") | AF8: {=IF(track_deg_dec!Q8 <> "", _xlfn.CHOOSECOLS(_xlfn.TEXTSPLIT(track_deg_dec!Q8,","),1), "")} | AG8: =IF(track_deg_dec!Q8 <> "", _xlfn.CONCAT("0,", _xlfn.CHOOSECOLS(_xlfn.TEXTSPLIT(track_deg_dec!Q8,","),2))*60, "") | AH8: {=IF(track_deg_dec!R8 <> "", _xlfn.CHOOSECOLS(_xlfn.TEXTSPLIT(track_deg_dec!R8,","),1), "")} | AI8: =IF(track_deg_dec!R8 <> "", _xlfn.CONCAT("0,", _xlfn.CHOOSECOLS(_xlfn.TEXTSPLIT(track_deg_dec!R8,","),2))*60, "") | AJ8: {=IF(track_deg_dec!S8 <> "", _xlfn.CHOOSECOLS(_xlfn.TEXTSPLIT(track_deg_dec!S8,","),1), "")} | AK8: =IF(track_deg_dec!S8 <> "", _xlfn.CONCAT("0,", _xlfn.CHOOSECOLS(_xlfn.TEXTSPLIT(track_deg_dec!S8,","),2))*60, "") | AL8: {=IF(track_deg_dec!T8 <> "", _xlfn.CHOOSECOLS(_xlfn.TEXTSPLIT(track_deg_dec!T8,","),1), "")} | AM8: =IF(track_deg_dec!T8 <> "", _xlfn.CONCAT("0,", _xlfn.CHOOSECOLS(_xlfn.TEXTSPLIT(track_deg_dec!T8,","),2))*60, "") | AN8: {=IF(track_deg_dec!U8 <> "", _xlfn.CHOOSECOLS(_xlfn.TEXTSPLIT(track_deg_dec!U8,","),1), "")} | AO8: =IF(track_deg_dec!U8 <> "", _xlfn.CONCAT("0,", _xlfn.CHOOSECOLS(_xlfn.TEXTSPLIT(track_deg_dec!U8,","),2))*60, "")
A9: =IF(track_deg_dec!A9 <> "", track_deg_dec!A9, "") -> 22011 | B9: {=IF(track_deg_dec!B9 <> "", _xlfn.CHOOSECOLS(_xlfn.TEXTSPLIT(track_deg_dec!B9,","),1), "")} -> 54 | C9: =IF(track_deg_dec!B9 <> "", _xlfn.CONCAT("0,", _xlfn.CHOOSECOLS(_xlfn.TEXTSPLIT(track_deg_dec!B9,","),2))*60, "") -> 34.55 | D9: {=IF(track_deg_dec!C9 <> "", _xlfn.CHOOSECOLS(_xlfn.TEXTSPLIT(track_deg_dec!C9,","),1), "")} -> 10 | E9: =IF(track_deg_dec!C9 <> "", _xlfn.CONCAT("0,", _xlfn.CHOOSECOLS(_xlfn.TEXTSPLIT(track_deg_dec!C9,","),2))*60, "") -> 10.19 | F9: {=IF(track_deg_dec!D9 <> "", _xlfn.CHOOSECOLS(_xlfn.TEXTSPLIT(track_deg_dec!D9,","),1), "")} -> 54 | G9: =IF(track_deg_dec!D9 <> "", _xlfn.CONCAT("0,", _xlfn.CHOOSECOLS(_xlfn.TEXTSPLIT(track_deg_dec!D9,","),2))*60, "") -> 33.53 | H9: {=IF(track_deg_dec!E9 <> "", _xlfn.CHOOSECOLS(_xlfn.TEXTSPLIT(track_deg_dec!E9,","),1), "")} -> 10 | I9: =IF(track_deg_dec!E9 <> "", _xlfn.CONCAT("0,", _xlfn.CHOOSECOLS(_xlfn.TEXTSPLIT(track_deg_dec!E9,","),2))*60, "") -> 14.12 | J9: {=IF(track_deg_dec!F9 <> "", _xlfn.CHOOSECOLS(_xlfn.TEXTSPLIT(track_deg_dec!F9,","),1), "")} | K9: =IF(track_deg_dec!F9 <> "", _xlfn.CONCAT("0,", _xlfn.CHOOSECOLS(_xlfn.TEXTSPLIT(track_deg_dec!F9,","),2))*60, "") | L9: {=IF(track_deg_dec!G9 <> "", _xlfn.CHOOSECOLS(_xlfn.TEXTSPLIT(track_deg_dec!G9,","),1), "")} | M9: =IF(track_deg_dec!G9 <> "", _xlfn.CONCAT("0,", _xlfn.CHOOSECOLS(_xlfn.TEXTSPLIT(track_deg_dec!G9,","),2))*60, "") | N9: {=IF(track_deg_dec!H9 <> "", _xlfn.CHOOSECOLS(_xlfn.TEXTSPLIT(track_deg_dec!H9,","),1), "")} | O9: =IF(track_deg_dec!H9 <> "", _xlfn.CONCAT("0,", _xlfn.CHOOSECOLS(_xlfn.TEXTSPLIT(track_deg_dec!H9,","),2))*60, "") | P9: {=IF(track_deg_dec!I9 <> "", _xlfn.CHOOSECOLS(_xlfn.TEXTSPLIT(track_deg_dec!I9,","),1), "")} | Q9: =IF(track_deg_dec!I9 <> "", _xlfn.CONCAT("0,", _xlfn.CHOOSECOLS(_xlfn.TEXTSPLIT(track_deg_dec!I9,","),2))*60, "") | R9: {=IF(track_deg_dec!J9 <> "", _xlfn.CHOOSECOLS(_xlfn.TEXTSPLIT(track_deg_dec!J9,","),1), "")} | S9: =IF(track_deg_dec!J9 <> "", _xlfn.CONCAT("0,", _xlfn.CHOOSECOLS(_xlfn.TEXTSPLIT(track_deg_dec!J9,","),2))*60, "") | T9: {=IF(track_deg_dec!K9 <> "", _xlfn.CHOOSECOLS(_xlfn.TEXTSPLIT(track_deg_dec!K9,","),1), "")} | U9: =IF(track_deg_dec!K9 <> "", _xlfn.CONCAT("0,", _xlfn.CHOOSECOLS(_xlfn.TEXTSPLIT(track_deg_dec!K9,","),2))*60, "") | V9: {=IF(track_deg_dec!L9 <> "", _xlfn.CHOOSECOLS(_xlfn.TEXTSPLIT(track_deg_dec!L9,","),1), "")} | W9: =IF(track_deg_dec!L9 <> "", _xlfn.CONCAT("0,", _xlfn.CHOOSECOLS(_xlfn.TEXTSPLIT(track_deg_dec!L9,","),2))*60, "") | X9: {=IF(track_deg_dec!M9 <> "", _xlfn.CHOOSECOLS(_xlfn.TEXTSPLIT(track_deg_dec!M9,","),1), "")} | Y9: =IF(track_deg_dec!M9 <> "", _xlfn.CONCAT("0,", _xlfn.CHOOSECOLS(_xlfn.TEXTSPLIT(track_deg_dec!M9,","),2))*60, "") | Z9: {=IF(track_deg_dec!N9 <> "", _xlfn.CHOOSECOLS(_xlfn.TEXTSPLIT(track_deg_dec!N9,","),1), "")} | AA9: =IF(track_deg_dec!N9 <> "", _xlfn.CONCAT("0,", _xlfn.CHOOSECOLS(_xlfn.TEXTSPLIT(track_deg_dec!N9,","),2))*60, "") | AB9: {=IF(track_deg_dec!O9 <> "", _xlfn.CHOOSECOLS(_xlfn.TEXTSPLIT(track_deg_dec!O9,","),1), "")} | AC9: =IF(track_deg_dec!O9 <> "", _xlfn.CONCAT("0,", _xlfn.CHOOSECOLS(_xlfn.TEXTSPLIT(track_deg_dec!O9,","),2))*60, "") | AD9: {=IF(track_deg_dec!P9 <> "", _xlfn.CHOOSECOLS(_xlfn.TEXTSPLIT(track_deg_dec!P9,","),1), "")} | AE9: =IF(track_deg_dec!P9 <> "", _xlfn.CONCAT("0,", _xlfn.CHOOSECOLS(_xlfn.TEXTSPLIT(track_deg_dec!P9,","),2))*60, "") | AF9: {=IF(track_deg_dec!Q9 <> "", _xlfn.CHOOSECOLS(_xlfn.TEXTSPLIT(track_deg_dec!Q9,","),1), "")} | AG9: =IF(track_deg_dec!Q9 <> "", _xlfn.CONCAT("0,", _xlfn.CHOOSECOLS(_xlfn.TEXTSPLIT(track_deg_dec!Q9,","),2))*60, "") | AH9: {=IF(track_deg_dec!R9 <> "", _xlfn.CHOOSECOLS(_xlfn.TEXTSPLIT(track_deg_dec!R9,","),1), "")} | AI9: =IF(track_deg_dec!R9 <> "", _xlfn.CONCAT("0,", _xlfn.CHOOSECOLS(_xlfn.TEXTSPLIT(track_deg_dec!R9,","),2))*60, "") | AJ9: {=IF(track_deg_dec!S9 <> "", _xlfn.CHOOSECOLS(_xlfn.TEXTSPLIT(track_deg_dec!S9,","),1), "")} | AK9: =IF(track_deg_dec!S9 <> "", _xlfn.CONCAT("0,", _xlfn.CHOOSECOLS(_xlfn.TEXTSPLIT(track_deg_dec!S9,","),2))*60, "") | AL9: {=IF(track_deg_dec!T9 <> "", _xlfn.CHOOSECOLS(_xlfn.TEXTSPLIT(track_deg_dec!T9,","),1), "")} | AM9: =IF(track_deg_dec!T9 <> "", _xlfn.CONCAT("0,", _xlfn.CHOOSECOLS(_xlfn.TEXTSPLIT(track_deg_dec!T9,","),2))*60, "") | AN9: {=IF(track_deg_dec!U9 <> "", _xlfn.CHOOSECOLS(_xlfn.TEXTSPLIT(track_deg_dec!U9,","),1), "")} | AO9: =IF(track_deg_dec!U9 <> "", _xlfn.CONCAT("0,", _xlfn.CHOOSECOLS(_xlfn.TEXTSPLIT(track_deg_dec!U9,","),2))*60, "")
A10: =IF(track_deg_dec!A10 <> "", track_deg_dec!A10, "") -> 22012 | B10: {=IF(track_deg_dec!B10 <> "", _xlfn.CHOOSECOLS(_xlfn.TEXTSPLIT(track_deg_dec!B10,","),1), "")} -> 54 | C10: =IF(track_deg_dec!B10 <> "", _xlfn.CONCAT("0,", _xlfn.CHOOSECOLS(_xlfn.TEXTSPLIT(track_deg_dec!B10,","),2))*60, "") -> 25.22 | D10: {=IF(track_deg_dec!C10 <> "", _xlfn.CHOOSECOLS(_xlfn.TEXTSPLIT(track_deg_dec!C10,","),1), "")} -> 11 | E10: =IF(track_deg_dec!C10 <> "", _xlfn.CONCAT("0,", _xlfn.CHOOSECOLS(_xlfn.TEXTSPLIT(track_deg_dec!C10,","),2))*60, "") -> 31.07 | F10: {=IF(track_deg_dec!D10 <> "", _xlfn.CHOOSECOLS(_xlfn.TEXTSPLIT(track_deg_dec!D10,","),1), "")} -> 54 | G10: =IF(track_deg_dec!D10 <> "", _xlfn.CONCAT("0,", _xlfn.CHOOSECOLS(_xlfn.TEXTSPLIT(track_deg_dec!D10,","),2))*60, "") -> 23.61 | H10: {=IF(track_deg_dec!E10 <> "", _xlfn.CHOOSECOLS(_xlfn.TEXTSPLIT(track_deg_dec!E10,","),1), "")} -> 11 | I10: =IF(track_deg_dec!E10 <> "", _xlfn.CONCAT("0,", _xlfn.CHOOSECOLS(_xlfn.TEXTSPLIT(track_deg_dec!E10,","),2))*60, "") -> 30.54 | J10: {=IF(track_deg_dec!F10 <> "", _xlfn.CHOOSECOLS(_xlfn.TEXTSPLIT(track_deg_dec!F10,","),1), "")} | K10: =IF(track_deg_dec!F10 <> "", _xlfn.CONCAT("0,", _xlfn.CHOOSECOLS(_xlfn.TEXTSPLIT(track_deg_dec!F10,","),2))*60, "") | L10: {=IF(track_deg_dec!G10 <> "", _xlfn.CHOOSECOLS(_xlfn.TEXTSPLIT(track_deg_dec!G10,","),1), "")} | M10: =IF(track_deg_dec!G10 <> "", _xlfn.CONCAT("0,", _xlfn.CHOOSECOLS(_xlfn.TEXTSPLIT(track_deg_dec!G10,","),2))*60, "") | N10: {=IF(track_deg_dec!H10 <> "", _xlfn.CHOOSECOLS(_xlfn.TEXTSPLIT(track_deg_dec!H10,","),1), "")} | O10: =IF(track_deg_dec!H10 <> "", _xlfn.CONCAT("0,", _xlfn.CHOOSECOLS(_xlfn.TEXTSPLIT(track_deg_dec!H10,","),2))*60, "") | P10: {=IF(track_deg_dec!I10 <> "", _xlfn.CHOOSECOLS(_xlfn.TEXTSPLIT(track_deg_dec!I10,","),1), "")} | Q10: =IF(track_deg_dec!I10 <> "", _xlfn.CONCAT("0,", _xlfn.CHOOSECOLS(_xlfn.TEXTSPLIT(track_deg_dec!I10,","),2))*60, "") | R10: {=IF(track_deg_dec!J10 <> "", _xlfn.CHOOSECOLS(_xlfn.TEXTSPLIT(track_deg_dec!J10,","),1), "")} | S10: =IF(track_deg_dec!J10 <> "", _xlfn.CONCAT("0,", _xlfn.CHOOSECOLS(_xlfn.TEXTSPLIT(track_deg_dec!J10,","),2))*60, "") | T10: {=IF(track_deg_dec!K10 <> "", _xlfn.CHOOSECOLS(_xlfn.TEXTSPLIT(track_deg_dec!K10,","),1), "")} | U10: =IF(track_deg_dec!K10 <> "", _xlfn.CONCAT("0,", _xlfn.CHOOSECOLS(_xlfn.TEXTSPLIT(track_deg_dec!K10,","),2))*60, "") | V10: {=IF(track_deg_dec!L10 <> "", _xlfn.CHOOSECOLS(_xlfn.TEXTSPLIT(track_deg_dec!L10,","),1), "")} | W10: =IF(track_deg_dec!L10 <> "", _xlfn.CONCAT("0,", _xlfn.CHOOSECOLS(_xlfn.TEXTSPLIT(track_deg_dec!L10,","),2))*60, "") | X10: {=IF(track_deg_dec!M10 <> "", _xlfn.CHOOSECOLS(_xlfn.TEXTSPLIT(track_deg_dec!M10,","),1), "")} | Y10: =IF(track_deg_dec!M10 <> "", _xlfn.CONCAT("0,", _xlfn.CHOOSECOLS(_xlfn.TEXTSPLIT(track_deg_dec!M10,","),2))*60, "") | Z10: {=IF(track_deg_dec!N10 <> "", _xlfn.CHOOSECOLS(_xlfn.TEXTSPLIT(track_deg_dec!N10,","),1), "")} | AA10: =IF(track_deg_dec!N10 <> "", _xlfn.CONCAT("0,", _xlfn.CHOOSECOLS(_xlfn.TEXTSPLIT(track_deg_dec!N10,","),2))*60, "") | AB10: {=IF(track_deg_dec!O10 <> "", _xlfn.CHOOSECOLS(_xlfn.TEXTSPLIT(track_deg_dec!O10,","),1), "")} | AC10: =IF(track_deg_dec!O10 <> "", _xlfn.CONCAT("0,", _xlfn.CHOOSECOLS(_xlfn.TEXTSPLIT(track_deg_dec!O10,","),2))*60, "") | AD10: {=IF(track_deg_dec!P10 <> "", _xlfn.CHOOSECOLS(_xlfn.TEXTSPLIT(track_deg_dec!P10,","),1), "")} | AE10: =IF(track_deg_dec!P10 <> "", _xlfn.CONCAT("0,", _xlfn.CHOOSECOLS(_xlfn.TEXTSPLIT(track_deg_dec!P10,","),2))*60, "") | AF10: {=IF(track_deg_dec!Q10 <> "", _xlfn.CHOOSECOLS(_xlfn.TEXTSPLIT(track_deg_dec!Q10,","),1), "")} | AG10: =IF(track_deg_dec!Q10 <> "", _xlfn.CONCAT("0,", _xlfn.CHOOSECOLS(_xlfn.TEXTSPLIT(track_deg_dec!Q10,","),2))*60, "") | AH10: {=IF(track_deg_dec!R10 <> "", _xlfn.CHOOSECOLS(_xlfn.TEXTSPLIT(track_deg_dec!R10,","),1), "")} | AI10: =IF(track_deg_dec!R10 <> "", _xlfn.CONCAT("0,", _xlfn.CHOOSECOLS(_xlfn.TEXTSPLIT(track_deg_dec!R10,","),2))*60, "") | AJ10: {=IF(track_deg_dec!S10 <> "", _xlfn.CHOOSECOLS(_xlfn.TEXTSPLIT(track_deg_dec!S10,","),1), "")} | AK10: =IF(track_deg_dec!S10 <> "", _xlfn.CONCAT("0,", _xlfn.CHOOSECOLS(_xlfn.TEXTSPLIT(track_deg_dec!S10,","),2))*60, "") | AL10: {=IF(track_deg_dec!T10 <> "", _xlfn.CHOOSECOLS(_xlfn.TEXTSPLIT(track_deg_dec!T10,","),1), "")} | AM10: =IF(track_deg_dec!T10 <> "", _xlfn.CONCAT("0,", _xlfn.CHOOSECOLS(_xlfn.TEXTSPLIT(track_deg_dec!T10,","),2))*60, "") | AN10: {=IF(track_deg_dec!U10 <> "", _xlfn.CHOOSECOLS(_xlfn.TEXTSPLIT(track_deg_dec!U10,","),1), "")} | AO10: =IF(track_deg_dec!U10 <> "", _xlfn.CONCAT("0,", _xlfn.CHOOSECOLS(_xlfn.TEXTSPLIT(track_deg_dec!U10,","),2))*60, "")
A11: =IF(track_deg_dec!A11 <> "", track_deg_dec!A11, "") -> 22013 | B11: {=IF(track_deg_dec!B11 <> "", _xlfn.CHOOSECOLS(_xlfn.TEXTSPLIT(track_deg_dec!B11,","),1), "")} -> 54 | C11: =IF(track_deg_dec!B11 <> "", _xlfn.CONCAT("0,", _xlfn.CHOOSECOLS(_xlfn.TEXTSPLIT(track_deg_dec!B11,","),2))*60, "") -> 31.38 | D11: {=IF(track_deg_dec!C11 <> "", _xlfn.CHOOSECOLS(_xlfn.TEXTSPLIT(track_deg_dec!C11,","),1), "")} -> 11 | E11: =IF(track_deg_dec!C11 <> "", _xlfn.CONCAT("0,", _xlfn.CHOOSECOLS(_xlfn.TEXTSPLIT(track_deg_dec!C11,","),2))*60, "") -> 19.27 | F11: {=IF(track_deg_dec!D11 <> "", _xlfn.CHOOSECOLS(_xlfn.TEXTSPLIT(track_deg_dec!D11,","),1), "")} -> 54 | G11: =IF(track_deg_dec!D11 <> "", _xlfn.CONCAT("0,", _xlfn.CHOOSECOLS(_xlfn.TEXTSPLIT(track_deg_dec!D11,","),2))*60, "") -> 30.17 | H11: {=IF(track_deg_dec!E11 <> "", _xlfn.CHOOSECOLS(_xlfn.TEXTSPLIT(track_deg_dec!E11,","),1), "")} -> 11 | I11: =IF(track_deg_dec!E11 <> "", _xlfn.CONCAT("0,", _xlfn.CHOOSECOLS(_xlfn.TEXTSPLIT(track_deg_dec!E11,","),2))*60, "") -> 21.19 | J11: {=IF(track_deg_dec!F11 <> "", _xlfn.CHOOSECOLS(_xlfn.TEXTSPLIT(track_deg_dec!F11,","),1), "")} | K11: =IF(track_deg_dec!F11 <> "", _xlfn.CONCAT("0,", _xlfn.CHOOSECOLS(_xlfn.TEXTSPLIT(track_deg_dec!F11,","),2))*60, "") | L11: {=IF(track_deg_dec!G11 <> "", _xlfn.CHOOSECOLS(_xlfn.TEXTSPLIT(track_deg_dec!G11,","),1), "")} | M11: =IF(track_deg_dec!G11 <> "", _xlfn.CONCAT("0,", _xlfn.CHOOSECOLS(_xlfn.TEXTSPLIT(track_deg_dec!G11,","),2))*60, "") | N11: {=IF(track_deg_dec!H11 <> "", _xlfn.CHOOSECOLS(_xlfn.TEXTSPLIT(track_deg_dec!H11,","),1), "")} | O11: =IF(track_deg_dec!H11 <> "", _xlfn.CONCAT("0,", _xlfn.CHOOSECOLS(_xlfn.TEXTSPLIT(track_deg_dec!H11,","),2))*60, "") | P11: {=IF(track_deg_dec!I11 <> "", _xlfn.CHOOSECOLS(_xlfn.TEXTSPLIT(track_deg_dec!I11,","),1), "")} | Q11: =IF(track_deg_dec!I11 <> "", _xlfn.CONCAT("0,", _xlfn.CHOOSECOLS(_xlfn.TEXTSPLIT(track_deg_dec!I11,","),2))*60, "") | R11: {=IF(track_deg_dec!J11 <> "", _xlfn.CHOOSECOLS(_xlfn.TEXTSPLIT(track_deg_dec!J11,","),1), "")} | S11: =IF(track_deg_dec!J11 <> "", _xlfn.CONCAT("0,", _xlfn.CHOOSECOLS(_xlfn.TEXTSPLIT(track_deg_dec!J11,","),2))*60, "") | T11: {=IF(track_deg_dec!K11 <> "", _xlfn.CHOOSECOLS(_xlfn.TEXTSPLIT(track_deg_dec!K11,","),1), "")} | U11: =IF(track_deg_dec!K11 <> "", _xlfn.CONCAT("0,", _xlfn.CHOOSECOLS(_xlfn.TEXTSPLIT(track_deg_dec!K11,","),2))*60, "") | V11: {=IF(track_deg_dec!L11 <> "", _xlfn.CHOOSECOLS(_xlfn.TEXTSPLIT(track_deg_dec!L11,","),1), "")} | W11: =IF(track_deg_dec!L11 <> "", _xlfn.CONCAT("0,", _xlfn.CHOOSECOLS(_xlfn.TEXTSPLIT(track_deg_dec!L11,","),2))*60, "") | X11: {=IF(track_deg_dec!M11 <> "", _xlfn.CHOOSECOLS(_xlfn.TEXTSPLIT(track_deg_dec!M11,","),1), "")} | Y11: =IF(track_deg_dec!M11 <> "", _xlfn.CONCAT("0,", _xlfn.CHOOSECOLS(_xlfn.TEXTSPLIT(track_deg_dec!M11,","),2))*60, "") | Z11: {=IF(track_deg_dec!N11 <> "", _xlfn.CHOOSECOLS(_xlfn.TEXTSPLIT(track_deg_dec!N11,","),1), "")} | AA11: =IF(track_deg_dec!N11 <> "", _xlfn.CONCAT("0,", _xlfn.CHOOSECOLS(_xlfn.TEXTSPLIT(track_deg_dec!N11,","),2))*60, "") | AB11: {=IF(track_deg_dec!O11 <> "", _xlfn.CHOOSECOLS(_xlfn.TEXTSPLIT(track_deg_dec!O11,","),1), "")} | AC11: =IF(track_deg_dec!O11 <> "", _xlfn.CONCAT("0,", _xlfn.CHOOSECOLS(_xlfn.TEXTSPLIT(track_deg_dec!O11,","),2))*60, "") | AD11: {=IF(track_deg_dec!P11 <> "", _xlfn.CHOOSECOLS(_xlfn.TEXTSPLIT(track_deg_dec!P11,","),1), "")} | AE11: =IF(track_deg_dec!P11 <> "", _xlfn.CONCAT("0,", _xlfn.CHOOSECOLS(_xlfn.TEXTSPLIT(track_deg_dec!P11,","),2))*60, "") | AF11: {=IF(track_deg_dec!Q11 <> "", _xlfn.CHOOSECOLS(_xlfn.TEXTSPLIT(track_deg_dec!Q11,","),1), "")} | AG11: =IF(track_deg_dec!Q11 <> "", _xlfn.CONCAT("0,", _xlfn.CHOOSECOLS(_xlfn.TEXTSPLIT(track_deg_dec!Q11,","),2))*60, "") | AH11: {=IF(track_deg_dec!R11 <> "", _xlfn.CHOOSECOLS(_xlfn.TEXTSPLIT(track_deg_dec!R11,","),1), "")} | AI11: =IF(track_deg_dec!R11 <> "", _xlfn.CONCAT("0,", _xlfn.CHOOSECOLS(_xlfn.TEXTSPLIT(track_deg_dec!R11,","),2))*60, "") | AJ11: {=IF(track_deg_dec!S11 <> "", _xlfn.CHOOSECOLS(_xlfn.TEXTSPLIT(track_deg_dec!S11,","),1), "")} | AK11: =IF(track_deg_dec!S11 <> "", _xlfn.CONCAT("0,", _xlfn.CHOOSECOLS(_xlfn.TEXTSPLIT(track_deg_dec!S11,","),2))*60, "") | AL11: {=IF(track_deg_dec!T11 <> "", _xlfn.CHOOSECOLS(_xlfn.TEXTSPLIT(track_deg_dec!T11,","),1), "")} | AM11: =IF(track_deg_dec!T11 <> "", _xlfn.CONCAT("0,", _xlfn.CHOOSECOLS(_xlfn.TEXTSPLIT(track_deg_dec!T11,","),2))*60, "") | AN11: {=IF(track_deg_dec!U11 <> "", _xlfn.CHOOSECOLS(_xlfn.TEXTSPLIT(track_deg_dec!U11,","),1), "")} | AO11: =IF(track_deg_dec!U11 <> "", _xlfn.CONCAT("0,", _xlfn.CHOOSECOLS(_xlfn.TEXTSPLIT(track_deg_dec!U11,","),2))*60, "")
A12: =IF(track_deg_dec!A12 <> "", track_deg_dec!A12, "") -> 22014 | B12: {=IF(track_deg_dec!B12 <> "", _xlfn.CHOOSECOLS(_xlfn.TEXTSPLIT(track_deg_dec!B12,","),1), "")} -> 54 | C12: =IF(track_deg_dec!B12 <> "", _xlfn.CONCAT("0,", _xlfn.CHOOSECOLS(_xlfn.TEXTSPLIT(track_deg_dec!B12,","),2))*60, "") -> 37.16 | D12: {=IF(track_deg_dec!C12 <> "", _xlfn.CHOOSECOLS(_xlfn.TEXTSPLIT(track_deg_dec!C12,","),1), "")} -> 10 | E12: =IF(track_deg_dec!C12 <> "", _xlfn.CONCAT("0,", _xlfn.CHOOSECOLS(_xlfn.TEXTSPLIT(track_deg_dec!C12,","),2))*60, "") -> 39.03 | F12: {=IF(track_deg_dec!D12 <> "", _xlfn.CHOOSECOLS(_xlfn.TEXTSPLIT(track_deg_dec!D12,","),1), "")} -> 54 | G12: =IF(track_deg_dec!D12 <> "", _xlfn.CONCAT("0,", _xlfn.CHOOSECOLS(_xlfn.TEXTSPLIT(track_deg_dec!D12,","),2))*60, "") -> 35.53 | H12: {=IF(track_deg_dec!E12 <> "", _xlfn.CHOOSECOLS(_xlfn.TEXTSPLIT(track_deg_dec!E12,","),1), "")} -> 10 | I12: =IF(track_deg_dec!E12 <> "", _xlfn.CONCAT("0,", _xlfn.CHOOSECOLS(_xlfn.TEXTSPLIT(track_deg_dec!E12,","),2))*60, "") -> 39.03 | J12: {=IF(track_deg_dec!F12 <> "", _xlfn.CHOOSECOLS(_xlfn.TEXTSPLIT(track_deg_dec!F12,","),1), "")} | K12: =IF(track_deg_dec!F12 <> "", _xlfn.CONCAT("0,", _xlfn.CHOOSECOLS(_xlfn.TEXTSPLIT(track_deg_dec!F12,","),2))*60, "") | L12: {=IF(track_deg_dec!G12 <> "", _xlfn.CHOOSECOLS(_xlfn.TEXTSPLIT(track_deg_dec!G12,","),1), "")} | M12: =IF(track_deg_dec!G12 <> "", _xlfn.CONCAT("0,", _xlfn.CHOOSECOLS(_xlfn.TEXTSPLIT(track_deg_dec!G12,","),2))*60, "") | N12: {=IF(track_deg_dec!H12 <> "", _xlfn.CHOOSECOLS(_xlfn.TEXTSPLIT(track_deg_dec!H12,","),1), "")} | O12: =IF(track_deg_dec!H12 <> "", _xlfn.CONCAT("0,", _xlfn.CHOOSECOLS(_xlfn.TEXTSPLIT(track_deg_dec!H12,","),2))*60, "") | P12: {=IF(track_deg_dec!I12 <> "", _xlfn.CHOOSECOLS(_xlfn.TEXTSPLIT(track_deg_dec!I12,","),1), "")} | Q12: =IF(track_deg_dec!I12 <> "", _xlfn.CONCAT("0,", _xlfn.CHOOSECOLS(_xlfn.TEXTSPLIT(track_deg_dec!I12,","),2))*60, "") | R12: {=IF(track_deg_dec!J12 <> "", _xlfn.CHOOSECOLS(_xlfn.TEXTSPLIT(track_deg_dec!J12,","),1), "")} | S12: =IF(track_deg_dec!J12 <> "", _xlfn.CONCAT("0,", _xlfn.CHOOSECOLS(_xlfn.TEXTSPLIT(track_deg_dec!J12,","),2))*60, "") | T12: {=IF(track_deg_dec!K12 <> "", _xlfn.CHOOSECOLS(_xlfn.TEXTSPLIT(track_deg_dec!K12,","),1), "")} | U12: =IF(track_deg_dec!K12 <> "", _xlfn.CONCAT("0,", _xlfn.CHOOSECOLS(_xlfn.TEXTSPLIT(track_deg_dec!K12,","),2))*60, "") | V12: {=IF(track_deg_dec!L12 <> "", _xlfn.CHOOSECOLS(_xlfn.TEXTSPLIT(track_deg_dec!L12,","),1), "")} | W12: =IF(track_deg_dec!L12 <> "", _xlfn.CONCAT("0,", _xlfn.CHOOSECOLS(_xlfn.TEXTSPLIT(track_deg_dec!L12,","),2))*60, "") | X12: {=IF(track_deg_dec!M12 <> "", _xlfn.CHOOSECOLS(_xlfn.TEXTSPLIT(track_deg_dec!M12,","),1), "")} | Y12: =IF(track_deg_dec!M12 <> "", _xlfn.CONCAT("0,", _xlfn.CHOOSECOLS(_xlfn.TEXTSPLIT(track_deg_dec!M12,","),2))*60, "") | Z12: {=IF(track_deg_dec!N12 <> "", _xlfn.CHOOSECOLS(_xlfn.TEXTSPLIT(track_deg_dec!N12,","),1), "")} | AA12: =IF(track_deg_dec!N12 <> "", _xlfn.CONCAT("0,", _xlfn.CHOOSECOLS(_xlfn.TEXTSPLIT(track_deg_dec!N12,","),2))*60, "") | AB12: {=IF(track_deg_dec!O12 <> "", _xlfn.CHOOSECOLS(_xlfn.TEXTSPLIT(track_deg_dec!O12,","),1), "")} | AC12: =IF(track_deg_dec!O12 <> "", _xlfn.CONCAT("0,", _xlfn.CHOOSECOLS(_xlfn.TEXTSPLIT(track_deg_dec!O12,","),2))*60, "") | AD12: {=IF(track_deg_dec!P12 <> "", _xlfn.CHOOSECOLS(_xlfn.TEXTSPLIT(track_deg_dec!P12,","),1), "")} | AE12: =IF(track_deg_dec!P12 <> "", _xlfn.CONCAT("0,", _xlfn.CHOOSECOLS(_xlfn.TEXTSPLIT(track_deg_dec!P12,","),2))*60, "") | AF12: {=IF(track_deg_dec!Q12 <> "", _xlfn.CHOOSECOLS(_xlfn.TEXTSPLIT(track_deg_dec!Q12,","),1), "")} | AG12: =IF(track_deg_dec!Q12 <> "", _xlfn.CONCAT("0,", _xlfn.CHOOSECOLS(_xlfn.TEXTSPLIT(track_deg_dec!Q12,","),2))*60, "") | AH12: {=IF(track_deg_dec!R12 <> "", _xlfn.CHOOSECOLS(_xlfn.TEXTSPLIT(track_deg_dec!R12,","),1), "")} | AI12: =IF(track_deg_dec!R12 <> "", _xlfn.CONCAT("0,", _xlfn.CHOOSECOLS(_xlfn.TEXTSPLIT(track_deg_dec!R12,","),2))*60, "") | AJ12: {=IF(track_deg_dec!S12 <> "", _xlfn.CHOOSECOLS(_xlfn.TEXTSPLIT(track_deg_dec!S12,","),1), "")} | AK12: =IF(track_deg_dec!S12 <> "", _xlfn.CONCAT("0,", _xlfn.CHOOSECOLS(_xlfn.TEXTSPLIT(track_deg_dec!S12,","),2))*60, "") | AL12: {=IF(track_deg_dec!T12 <> "", _xlfn.CHOOSECOLS(_xlfn.TEXTSPLIT(track_deg_dec!T12,","),1), "")} | AM12: =IF(track_deg_dec!T12 <> "", _xlfn.CONCAT("0,", _xlfn.CHOOSECOLS(_xlfn.TEXTSPLIT(track_deg_dec!T12,","),2))*60, "") | AN12: {=IF(track_deg_dec!U12 <> "", _xlfn.CHOOSECOLS(_xlfn.TEXTSPLIT(track_deg_dec!U12,","),1), "")} | AO12: =IF(track_deg_dec!U12 <> "", _xlfn.CONCAT("0,", _xlfn.CHOOSECOLS(_xlfn.TEXTSPLIT(track_deg_dec!U12,","),2))*60, "")
A13: =IF(track_deg_dec!A13 <> "", track_deg_dec!A13, "") -> 22016 | B13: {=IF(track_deg_dec!B13 <> "", _xlfn.CHOOSECOLS(_xlfn.TEXTSPLIT(track_deg_dec!B13,","),1), "")} -> 55 | C13: =IF(track_deg_dec!B13 <> "", _xlfn.CONCAT("0,", _xlfn.CHOOSECOLS(_xlfn.TEXTSPLIT(track_deg_dec!B13,","),2))*60, "") -> 5.9 | D13: {=IF(track_deg_dec!C13 <> "", _xlfn.CHOOSECOLS(_xlfn.TEXTSPLIT(track_deg_dec!C13,","),1), "")} -> 10 | E13: =IF(track_deg_dec!C13 <> "", _xlfn.CONCAT("0,", _xlfn.CHOOSECOLS(_xlfn.TEXTSPLIT(track_deg_dec!C13,","),2))*60, "") -> 48.7 | F13: {=IF(track_deg_dec!D13 <> "", _xlfn.CHOOSECOLS(_xlfn.TEXTSPLIT(track_deg_dec!D13,","),1), "")} -> 55 | G13: =IF(track_deg_dec!D13 <> "", _xlfn.CONCAT("0,", _xlfn.CHOOSECOLS(_xlfn.TEXTSPLIT(track_deg_dec!D13,","),2))*60, "") -> 3.7 | H13: {=IF(track_deg_dec!E13 <> "", _xlfn.CHOOSECOLS(_xlfn.TEXTSPLIT(track_deg_dec!E13,","),1), "")} -> 10 | I13: =IF(track_deg_dec!E13 <> "", _xlfn.CONCAT("0,", _xlfn.CHOOSECOLS(_xlfn.TEXTSPLIT(track_deg_dec!E13,","),2))*60, "") -> 46.7 | J13: {=IF(track_deg_dec!F13 <> "", _xlfn.CHOOSECOLS(_xlfn.TEXTSPLIT(track_deg_dec!F13,","),1), "")} | K13: =IF(track_deg_dec!F13 <> "", _xlfn.CONCAT("0,", _xlfn.CHOOSECOLS(_xlfn.TEXTSPLIT(track_deg_dec!F13,","),2))*60, "") | L13: {=IF(track_deg_dec!G13 <> "", _xlfn.CHOOSECOLS(_xlfn.TEXTSPLIT(track_deg_dec!G13,","),1), "")} | M13: =IF(track_deg_dec!G13 <> "", _xlfn.CONCAT("0,", _xlfn.CHOOSECOLS(_xlfn.TEXTSPLIT(track_deg_dec!G13,","),2))*60, "") | N13: {=IF(track_deg_dec!H13 <> "", _xlfn.CHOOSECOLS(_xlfn.TEXTSPLIT(track_deg_dec!H13,","),1), "")} | O13: =IF(track_deg_dec!H13 <> "", _xlfn.CONCAT("0,", _xlfn.CHOOSECOLS(_xlfn.TEXTSPLIT(track_deg_dec!H13,","),2))*60, "") | P13: {=IF(track_deg_dec!I13 <> "", _xlfn.CHOOSECOLS(_xlfn.TEXTSPLIT(track_deg_dec!I13,","),1), "")} | Q13: =IF(track_deg_dec!I13 <> "", _xlfn.CONCAT("0,", _xlfn.CHOOSECOLS(_xlfn.TEXTSPLIT(track_deg_dec!I13,","),2))*60, "") | R13: {=IF(track_deg_dec!J13 <> "", _xlfn.CHOOSECOLS(_xlfn.TEXTSPLIT(track_deg_dec!J13,","),1), "")} | S13: =IF(track_deg_dec!J13 <> "", _xlfn.CONCAT("0,", _xlfn.CHOOSECOLS(_xlfn.TEXTSPLIT(track_deg_dec!J13,","),2))*60, "") | T13: {=IF(track_deg_dec!K13 <> "", _xlfn.CHOOSECOLS(_xlfn.TEXTSPLIT(track_deg_dec!K13,","),1), "")} | U13: =IF(track_deg_dec!K13 <> "", _xlfn.CONCAT("0,", _xlfn.CHOOSECOLS(_xlfn.TEXTSPLIT(track_deg_dec!K13,","),2))*60, "") | V13: {=IF(track_deg_dec!L13 <> "", _xlfn.CHOOSECOLS(_xlfn.TEXTSPLIT(track_deg_dec!L13,","),1), "")} | W13: =IF(track_deg_dec!L13 <> "", _xlfn.CONCAT("0,", _xlfn.CHOOSECOLS(_xlfn.TEXTSPLIT(track_deg_dec!L13,","),2))*60, "") | X13: {=IF(track_deg_dec!M13 <> "", _xlfn.CHOOSECOLS(_xlfn.TEXTSPLIT(track_deg_dec!M13,","),1), "")} | Y13: =IF(track_deg_dec!M13 <> "", _xlfn.CONCAT("0,", _xlfn.CHOOSECOLS(_xlfn.TEXTSPLIT(track_deg_dec!M13,","),2))*60, "") | Z13: {=IF(track_deg_dec!N13 <> "", _xlfn.CHOOSECOLS(_xlfn.TEXTSPLIT(track_deg_dec!N13,","),1), "")} | AA13: =IF(track_deg_dec!N13 <> "", _xlfn.CONCAT("0,", _xlfn.CHOOSECOLS(_xlfn.TEXTSPLIT(track_deg_dec!N13,","),2))*60, "") | AB13: {=IF(track_deg_dec!O13 <> "", _xlfn.CHOOSECOLS(_xlfn.TEXTSPLIT(track_deg_dec!O13,","),1), "")} | AC13: =IF(track_deg_dec!O13 <> "", _xlfn.CONCAT("0,", _xlfn.CHOOSECOLS(_xlfn.TEXTSPLIT(track_deg_dec!O13,","),2))*60, "") | AD13: {=IF(track_deg_dec!P13 <> "", _xlfn.CHOOSECOLS(_xlfn.TEXTSPLIT(track_deg_dec!P13,","),1), "")} | AE13: =IF(track_deg_dec!P13 <> "", _xlfn.CONCAT("0,", _xlfn.CHOOSECOLS(_xlfn.TEXTSPLIT(track_deg_dec!P13,","),2))*60, "") | AF13: {=IF(track_deg_dec!Q13 <> "", _xlfn.CHOOSECOLS(_xlfn.TEXTSPLIT(track_deg_dec!Q13,","),1), "")} | AG13: =IF(track_deg_dec!Q13 <> "", _xlfn.CONCAT("0,", _xlfn.CHOOSECOLS(_xlfn.TEXTSPLIT(track_deg_dec!Q13,","),2))*60, "") | AH13: {=IF(track_deg_dec!R13 <> "", _xlfn.CHOOSECOLS(_xlfn.TEXTSPLIT(track_deg_dec!R13,","),1), "")} | AI13: =IF(track_deg_dec!R13 <> "", _xlfn.CONCAT("0,", _xlfn.CHOOSECOLS(_xlfn.TEXTSPLIT(track_deg_dec!R13,","),2))*60, "") | AJ13: {=IF(track_deg_dec!S13 <> "", _xlfn.CHOOSECOLS(_xlfn.TEXTSPLIT(track_deg_dec!S13,","),1), "")} | AK13: =IF(track_deg_dec!S13 <> "", _xlfn.CONCAT("0,", _xlfn.CHOOSECOLS(_xlfn.TEXTSPLIT(track_deg_dec!S13,","),2))*60, "") | AL13: {=IF(track_deg_dec!T13 <> "", _xlfn.CHOOSECOLS(_xlfn.TEXTSPLIT(track_deg_dec!T13,","),1), "")} | AM13: =IF(track_deg_dec!T13 <> "", _xlfn.CONCAT("0,", _xlfn.CHOOSECOLS(_xlfn.TEXTSPLIT(track_deg_dec!T13,","),2))*60, "") | AN13: {=IF(track_deg_dec!U13 <> "", _xlfn.CHOOSECOLS(_xlfn.TEXTSPLIT(track_deg_dec!U13,","),1), "")} | AO13: =IF(track_deg_dec!U13 <> "", _xlfn.CONCAT("0,", _xlfn.CHOOSECOLS(_xlfn.TEXTSPLIT(track_deg_dec!U13,","),2))*60, "")
... A1953: =IF(track_deg_dec!A1953 <> "", track_deg_dec!A1953, "") | B1953: {=IF(track_deg_dec!B1953 <> "", _xlfn.CHOOSECOLS(_xlfn.TEXTSPLIT(track_deg_dec!B1953,","),1), "")} | C1953: =IF(track_deg_dec!B1953 <> "", _xlfn.CONCAT("0,", _xlfn.CHOOSECOLS(_xlfn.TEXTSPLIT(track_deg_dec!B1953,","),2))*60, "") | D1953: {=IF(track_deg_dec!C1953 <> "", _xlfn.CHOOSECOLS(_xlfn.TEXTSPLIT(track_deg_dec!C1953,","),1), "")} | E1953: =IF(track_deg_dec!C1953 <> "", _xlfn.CONCAT("0,", _xlfn.CHOOSECOLS(_xlfn.TEXTSPLIT(track_deg_dec!C1953,","),2))*60, "") | F1953: {=IF(track_deg_dec!D1953 <> "", _xlfn.CHOOSECOLS(_xlfn.TEXTSPLIT(track_deg_dec!D1953,","),1), "")} | G1953: =IF(track_deg_dec!D1953 <> "", _xlfn.CONCAT("0,", _xlfn.CHOOSECOLS(_xlfn.TEXTSPLIT(track_deg_dec!D1953,","),2))*60, "") | H1953: {=IF(track_deg_dec!E1953 <> "", _xlfn.CHOOSECOLS(_xlfn.TEXTSPLIT(track_deg_dec!E1953,","),1), "")} | I1953: =IF(track_deg_dec!E1953 <> "", _xlfn.CONCAT("0,", _xlfn.CHOOSECOLS(_xlfn.TEXTSPLIT(track_deg_dec!E1953,","),2))*60, "") | J1953: {=IF(track_deg_dec!F1953 <> "", _xlfn.CHOOSECOLS(_xlfn.TEXTSPLIT(track_deg_dec!F1953,","),1), "")} | K1953: =IF(track_deg_dec!F1953 <> "", _xlfn.CONCAT("0,", _xlfn.CHOOSECOLS(_xlfn.TEXTSPLIT(track_deg_dec!F1953,","),2))*60, "") | L1953: {=IF(track_deg_dec!G1953 <> "", _xlfn.CHOOSECOLS(_xlfn.TEXTSPLIT(track_deg_dec!G1953,","),1), "")} | M1953: =IF(track_deg_dec!G1953 <> "", _xlfn.CONCAT("0,", _xlfn.CHOOSECOLS(_xlfn.TEXTSPLIT(track_deg_dec!G1953,","),2))*60, "") | N1953: {=IF(track_deg_dec!H1953 <> "", _xlfn.CHOOSECOLS(_xlfn.TEXTSPLIT(track_deg_dec!H1953,","),1), "")} | O1953: =IF(track_deg_dec!H1953 <> "", _xlfn.CONCAT("0,", _xlfn.CHOOSECOLS(_xlfn.TEXTSPLIT(track_deg_dec!H1953,","),2))*60, "") | P1953: {=IF(track_deg_dec!I1953 <> "", _xlfn.CHOOSECOLS(_xlfn.TEXTSPLIT(track_deg_dec!I1953,","),1), "")} | Q1953: =IF(track_deg_dec!I1953 <> "", _xlfn.CONCAT("0,", _xlfn.CHOOSECOLS(_xlfn.TEXTSPLIT(track_deg_dec!I1953,","),2))*60, "") | R1953: {=IF(track_deg_dec!J1953 <> "", _xlfn.CHOOSECOLS(_xlfn.TEXTSPLIT(track_deg_dec!J1953,","),1), "")} | S1953: =IF(track_deg_dec!J1953 <> "", _xlfn.CONCAT("0,", _xlfn.CHOOSECOLS(_xlfn.TEXTSPLIT(track_deg_dec!J1953,","),2))*60, "") | T1953: {=IF(track_deg_dec!K1953 <> "", _xlfn.CHOOSECOLS(_xlfn.TEXTSPLIT(track_deg_dec!K1953,","),1), "")} | U1953: =IF(track_deg_dec!K1953 <> "", _xlfn.CONCAT("0,", _xlfn.CHOOSECOLS(_xlfn.TEXTSPLIT(track_deg_dec!K1953,","),2))*60, "") | V1953: {=IF(track_deg_dec!L1953 <> "", _xlfn.CHOOSECOLS(_xlfn.TEXTSPLIT(track_deg_dec!L1953,","),1), "")} | W1953: =IF(track_deg_dec!L1953 <> "", _xlfn.CONCAT("0,", _xlfn.CHOOSECOLS(_xlfn.TEXTSPLIT(track_deg_dec!L1953,","),2))*60, "") | X1953: {=IF(track_deg_dec!M1953 <> "", _xlfn.CHOOSECOLS(_xlfn.TEXTSPLIT(track_deg_dec!M1953,","),1), "")} | Y1953: =IF(track_deg_dec!M1953 <> "", _xlfn.CONCAT("0,", _xlfn.CHOOSECOLS(_xlfn.TEXTSPLIT(track_deg_dec!M1953,","),2))*60, "") | Z1953: {=IF(track_deg_dec!N1953 <> "", _xlfn.CHOOSECOLS(_xlfn.TEXTSPLIT(track_deg_dec!N1953,","),1), "")} | AA1953: =IF(track_deg_dec!N1953 <> "", _xlfn.CONCAT("0,", _xlfn.CHOOSECOLS(_xlfn.TEXTSPLIT(track_deg_dec!N1953,","),2))*60, "") | AB1953: {=IF(track_deg_dec!O1953 <> "", _xlfn.CHOOSECOLS(_xlfn.TEXTSPLIT(track_deg_dec!O1953,","),1), "")} | AC1953: =IF(track_deg_dec!O1953 <> "", _xlfn.CONCAT("0,", _xlfn.CHOOSECOLS(_xlfn.TEXTSPLIT(track_deg_dec!O1953,","),2))*60, "") | AD1953: {=IF(track_deg_dec!P1953 <> "", _xlfn.CHOOSECOLS(_xlfn.TEXTSPLIT(track_deg_dec!P1953,","),1), "")} | AE1953: =IF(track_deg_dec!P1953 <> "", _xlfn.CONCAT("0,", _xlfn.CHOOSECOLS(_xlfn.TEXTSPLIT(track_deg_dec!P1953,","),2))*60, "") | AF1953: {=IF(track_deg_dec!Q1953 <> "", _xlfn.CHOOSECOLS(_xlfn.TEXTSPLIT(track_deg_dec!Q1953,","),1), "")} | AG1953: =IF(track_deg_dec!Q1953 <> "", _xlfn.CONCAT("0,", _xlfn.CHOOSECOLS(_xlfn.TEXTSPLIT(track_deg_dec!Q1953,","),2))*60, "") | AH1953: {=IF(track_deg_dec!R1953 <> "", _xlfn.CHOOSECOLS(_xlfn.TEXTSPLIT(track_deg_dec!R1953,","),1), "")} | AI1953: =IF(track_deg_dec!R1953 <> "", _xlfn.CONCAT("0,", _xlfn.CHOOSECOLS(_xlfn.TEXTSPLIT(track_deg_dec!R1953,","),2))*60, "") | AJ1953: {=IF(track_deg_dec!S1953 <> "", _xlfn.CHOOSECOLS(_xlfn.TEXTSPLIT(track_deg_dec!S1953,","),1), "")} | AK1953: =IF(track_deg_dec!S1953 <> "", _xlfn.CONCAT("0,", _xlfn.CHOOSECOLS(_xlfn.TEXTSPLIT(track_deg_dec!S1953,","),2))*60, "") | AL1953: {=IF(track_deg_dec!T1953 <> "", _xlfn.CHOOSECOLS(_xlfn.TEXTSPLIT(track_deg_dec!T1953,","),1), "")} | AM1953: =IF(track_deg_dec!T1953 <> "", _xlfn.CONCAT("0,", _xlfn.CHOOSECOLS(_xlfn.TEXTSPLIT(track_deg_dec!T1953,","),2))*60, "") | AN1953: {=IF(track_deg_dec!U1953 <> "", _xlfn.CHOOSECOLS(_xlfn.TEXTSPLIT(track_deg_dec!U1953,","),1), "")} | AO1953: =IF(track_deg_dec!U1953 <> "", _xlfn.CONCAT("0,", _xlfn.CHOOSECOLS(_xlfn.TEXTSPLIT(track_deg_dec!U1953,","),2))*60, "")
A1954: =IF(track_deg_dec!A1954 <> "", track_deg_dec!A1954, "") | C1954: =IF(track_deg_dec!B1954 <> "", _xlfn.CONCAT("0,", _xlfn.CHOOSECOLS(_xlfn.TEXTSPLIT(track_deg_dec!B1954,","),2))*60, "") | D1954: {=IF(track_deg_dec!C1954 <> "", _xlfn.CHOOSECOLS(_xlfn.TEXTSPLIT(track_deg_dec!C1954,","),1), "")} | E1954: =IF(track_deg_dec!C1954 <> "", _xlfn.CONCAT("0,", _xlfn.CHOOSECOLS(_xlfn.TEXTSPLIT(track_deg_dec!C1954,","),2))*60, "") | F1954: {=IF(track_deg_dec!D1954 <> "", _xlfn.CHOOSECOLS(_xlfn.TEXTSPLIT(track_deg_dec!D1954,","),1), "")} | G1954: =IF(track_deg_dec!D1954 <> "", _xlfn.CONCAT("0,", _xlfn.CHOOSECOLS(_xlfn.TEXTSPLIT(track_deg_dec!D1954,","),2))*60, "") | H1954: {=IF(track_deg_dec!E1954 <> "", _xlfn.CHOOSECOLS(_xlfn.TEXTSPLIT(track_deg_dec!E1954,","),1), "")} | I1954: =IF(track_deg_dec!E1954 <> "", _xlfn.CONCAT("0,", _xlfn.CHOOSECOLS(_xlfn.TEXTSPLIT(track_deg_dec!E1954,","),2))*60, "") | J1954: {=IF(track_deg_dec!F1954 <> "", _xlfn.CHOOSECOLS(_xlfn.TEXTSPLIT(track_deg_dec!F1954,","),1), "")} | K1954: =IF(track_deg_dec!F1954 <> "", _xlfn.CONCAT("0,", _xlfn.CHOOSECOLS(_xlfn.TEXTSPLIT(track_deg_dec!F1954,","),2))*60, "") | L1954: {=IF(track_deg_dec!G1954 <> "", _xlfn.CHOOSECOLS(_xlfn.TEXTSPLIT(track_deg_dec!G1954,","),1), "")} | M1954: =IF(track_deg_dec!G1954 <> "", _xlfn.CONCAT("0,", _xlfn.CHOOSECOLS(_xlfn.TEXTSPLIT(track_deg_dec!G1954,","),2))*60, "") | N1954: {=IF(track_deg_dec!H1954 <> "", _xlfn.CHOOSECOLS(_xlfn.TEXTSPLIT(track_deg_dec!H1954,","),1), "")} | O1954: =IF(track_deg_dec!H1954 <> "", _xlfn.CONCAT("0,", _xlfn.CHOOSECOLS(_xlfn.TEXTSPLIT(track_deg_dec!H1954,","),2))*60, "") | P1954: {=IF(track_deg_dec!I1954 <> "", _xlfn.CHOOSECOLS(_xlfn.TEXTSPLIT(track_deg_dec!I1954,","),1), "")} | Q1954: =IF(track_deg_dec!I1954 <> "", _xlfn.CONCAT("0,", _xlfn.CHOOSECOLS(_xlfn.TEXTSPLIT(track_deg_dec!I1954,","),2))*60, "") | R1954: {=IF(track_deg_dec!J1954 <> "", _xlfn.CHOOSECOLS(_xlfn.TEXTSPLIT(track_deg_dec!J1954,","),1), "")} | S1954: =IF(track_deg_dec!J1954 <> "", _xlfn.CONCAT("0,", _xlfn.CHOOSECOLS(_xlfn.TEXTSPLIT(track_deg_dec!J1954,","),2))*60, "") | T1954: {=IF(track_deg_dec!K1954 <> "", _xlfn.CHOOSECOLS(_xlfn.TEXTSPLIT(track_deg_dec!K1954,","),1), "")} | U1954: =IF(track_deg_dec!K1954 <> "", _xlfn.CONCAT("0,", _xlfn.CHOOSECOLS(_xlfn.TEXTSPLIT(track_deg_dec!K1954,","),2))*60, "") | V1954: {=IF(track_deg_dec!L1954 <> "", _xlfn.CHOOSECOLS(_xlfn.TEXTSPLIT(track_deg_dec!L1954,","),1), "")} | W1954: =IF(track_deg_dec!L1954 <> "", _xlfn.CONCAT("0,", _xlfn.CHOOSECOLS(_xlfn.TEXTSPLIT(track_deg_dec!L1954,","),2))*60, "") | X1954: {=IF(track_deg_dec!M1954 <> "", _xlfn.CHOOSECOLS(_xlfn.TEXTSPLIT(track_deg_dec!M1954,","),1), "")} | Y1954: =IF(track_deg_dec!M1954 <> "", _xlfn.CONCAT("0,", _xlfn.CHOOSECOLS(_xlfn.TEXTSPLIT(track_deg_dec!M1954,","),2))*60, "") | Z1954: {=IF(track_deg_dec!N1954 <> "", _xlfn.CHOOSECOLS(_xlfn.TEXTSPLIT(track_deg_dec!N1954,","),1), "")} | AA1954: =IF(track_deg_dec!N1954 <> "", _xlfn.CONCAT("0,", _xlfn.CHOOSECOLS(_xlfn.TEXTSPLIT(track_deg_dec!N1954,","),2))*60, "") | AB1954: {=IF(track_deg_dec!O1954 <> "", _xlfn.CHOOSECOLS(_xlfn.TEXTSPLIT(track_deg_dec!O1954,","),1), "")} | AC1954: =IF(track_deg_dec!O1954 <> "", _xlfn.CONCAT("0,", _xlfn.CHOOSECOLS(_xlfn.TEXTSPLIT(track_deg_dec!O1954,","),2))*60, "") | AD1954: {=IF(track_deg_dec!P1954 <> "", _xlfn.CHOOSECOLS(_xlfn.TEXTSPLIT(track_deg_dec!P1954,","),1), "")} | AE1954: =IF(track_deg_dec!P1954 <> "", _xlfn.CONCAT("0,", _xlfn.CHOOSECOLS(_xlfn.TEXTSPLIT(track_deg_dec!P1954,","),2))*60, "") | AF1954: {=IF(track_deg_dec!Q1954 <> "", _xlfn.CHOOSECOLS(_xlfn.TEXTSPLIT(track_deg_dec!Q1954,","),1), "")} | AG1954: =IF(track_deg_dec!Q1954 <> "", _xlfn.CONCAT("0,", _xlfn.CHOOSECOLS(_xlfn.TEXTSPLIT(track_deg_dec!Q1954,","),2))*60, "") | AH1954: {=IF(track_deg_dec!R1954 <> "", _xlfn.CHOOSECOLS(_xlfn.TEXTSPLIT(track_deg_dec!R1954,","),1), "")} | AI1954: =IF(track_deg_dec!R1954 <> "", _xlfn.CONCAT("0,", _xlfn.CHOOSECOLS(_xlfn.TEXTSPLIT(track_deg_dec!R1954,","),2))*60, "") | AJ1954: {=IF(track_deg_dec!S1954 <> "", _xlfn.CHOOSECOLS(_xlfn.TEXTSPLIT(track_deg_dec!S1954,","),1), "")} | AK1954: =IF(track_deg_dec!S1954 <> "", _xlfn.CONCAT("0,", _xlfn.CHOOSECOLS(_xlfn.TEXTSPLIT(track_deg_dec!S1954,","),2))*60, "") | AL1954: {=IF(track_deg_dec!T1954 <> "", _xlfn.CHOOSECOLS(_xlfn.TEXTSPLIT(track_deg_dec!T1954,","),1), "")} | AM1954: =IF(track_deg_dec!T1954 <> "", _xlfn.CONCAT("0,", _xlfn.CHOOSECOLS(_xlfn.TEXTSPLIT(track_deg_dec!T1954,","),2))*60, "") | AN1954: {=IF(track_deg_dec!U1954 <> "", _xlfn.CHOOSECOLS(_xlfn.TEXTSPLIT(track_deg_dec!U1954,","),1), "")} | AO1954: =IF(track_deg_dec!U1954 <> "", _xlfn.CONCAT("0,", _xlfn.CHOOSECOLS(_xlfn.TEXTSPLIT(track_deg_dec!U1954,","),2))*60, "")
A1955: =IF(track_deg_dec!A1955 <> "", track_deg_dec!A1955, "") | C1955: =IF(track_deg_dec!B1955 <> "", _xlfn.CONCAT("0,", _xlfn.CHOOSECOLS(_xlfn.TEXTSPLIT(track_deg_dec!B1955,","),2))*60, "") | D1955: {=IF(track_deg_dec!C1955 <> "", _xlfn.CHOOSECOLS(_xlfn.TEXTSPLIT(track_deg_dec!C1955,","),1), "")} | E1955: =IF(track_deg_dec!C1955 <> "", _xlfn.CONCAT("0,", _xlfn.CHOOSECOLS(_xlfn.TEXTSPLIT(track_deg_dec!C1955,","),2))*60, "") | F1955: {=IF(track_deg_dec!D1955 <> "", _xlfn.CHOOSECOLS(_xlfn.TEXTSPLIT(track_deg_dec!D1955,","),1), "")} | G1955: =IF(track_deg_dec!D1955 <> "", _xlfn.CONCAT("0,", _xlfn.CHOOSECOLS(_xlfn.TEXTSPLIT(track_deg_dec!D1955,","),2))*60, "") | H1955: {=IF(track_deg_dec!E1955 <> "", _xlfn.CHOOSECOLS(_xlfn.TEXTSPLIT(track_deg_dec!E1955,","),1), "")} | I1955: =IF(track_deg_dec!E1955 <> "", _xlfn.CONCAT("0,", _xlfn.CHOOSECOLS(_xlfn.TEXTSPLIT(track_deg_dec!E1955,","),2))*60, "") | J1955: {=IF(track_deg_dec!F1955 <> "", _xlfn.CHOOSECOLS(_xlfn.TEXTSPLIT(track_deg_dec!F1955,","),1), "")} | K1955: =IF(track_deg_dec!F1955 <> "", _xlfn.CONCAT("0,", _xlfn.CHOOSECOLS(_xlfn.TEXTSPLIT(track_deg_dec!F1955,","),2))*60, "") | L1955: {=IF(track_deg_dec!G1955 <> "", _xlfn.CHOOSECOLS(_xlfn.TEXTSPLIT(track_deg_dec!G1955,","),1), "")} | M1955: =IF(track_deg_dec!G1955 <> "", _xlfn.CONCAT("0,", _xlfn.CHOOSECOLS(_xlfn.TEXTSPLIT(track_deg_dec!G1955,","),2))*60, "") | N1955: {=IF(track_deg_dec!H1955 <> "", _xlfn.CHOOSECOLS(_xlfn.TEXTSPLIT(track_deg_dec!H1955,","),1), "")} | O1955: =IF(track_deg_dec!H1955 <> "", _xlfn.CONCAT("0,", _xlfn.CHOOSECOLS(_xlfn.TEXTSPLIT(track_deg_dec!H1955,","),2))*60, "") | P1955: {=IF(track_deg_dec!I1955 <> "", _xlfn.CHOOSECOLS(_xlfn.TEXTSPLIT(track_deg_dec!I1955,","),1), "")} | Q1955: =IF(track_deg_dec!I1955 <> "", _xlfn.CONCAT("0,", _xlfn.CHOOSECOLS(_xlfn.TEXTSPLIT(track_deg_dec!I1955,","),2))*60, "") | R1955: {=IF(track_deg_dec!J1955 <> "", _xlfn.CHOOSECOLS(_xlfn.TEXTSPLIT(track_deg_dec!J1955,","),1), "")} | S1955: =IF(track_deg_dec!J1955 <> "", _xlfn.CONCAT("0,", _xlfn.CHOOSECOLS(_xlfn.TEXTSPLIT(track_deg_dec!J1955,","),2))*60, "") | T1955: {=IF(track_deg_dec!K1955 <> "", _xlfn.CHOOSECOLS(_xlfn.TEXTSPLIT(track_deg_dec!K1955,","),1), "")} | U1955: =IF(track_deg_dec!K1955 <> "", _xlfn.CONCAT("0,", _xlfn.CHOOSECOLS(_xlfn.TEXTSPLIT(track_deg_dec!K1955,","),2))*60, "") | V1955: {=IF(track_deg_dec!L1955 <> "", _xlfn.CHOOSECOLS(_xlfn.TEXTSPLIT(track_deg_dec!L1955,","),1), "")} | W1955: =IF(track_deg_dec!L1955 <> "", _xlfn.CONCAT("0,", _xlfn.CHOOSECOLS(_xlfn.TEXTSPLIT(track_deg_dec!L1955,","),2))*60, "") | X1955: {=IF(track_deg_dec!M1955 <> "", _xlfn.CHOOSECOLS(_xlfn.TEXTSPLIT(track_deg_dec!M1955,","),1), "")} | Y1955: =IF(track_deg_dec!M1955 <> "", _xlfn.CONCAT("0,", _xlfn.CHOOSECOLS(_xlfn.TEXTSPLIT(track_deg_dec!M1955,","),2))*60, "") | Z1955: {=IF(track_deg_dec!N1955 <> "", _xlfn.CHOOSECOLS(_xlfn.TEXTSPLIT(track_deg_dec!N1955,","),1), "")} | AA1955: =IF(track_deg_dec!N1955 <> "", _xlfn.CONCAT("0,", _xlfn.CHOOSECOLS(_xlfn.TEXTSPLIT(track_deg_dec!N1955,","),2))*60, "") | AB1955: {=IF(track_deg_dec!O1955 <> "", _xlfn.CHOOSECOLS(_xlfn.TEXTSPLIT(track_deg_dec!O1955,","),1), "")} | AC1955: =IF(track_deg_dec!O1955 <> "", _xlfn.CONCAT("0,", _xlfn.CHOOSECOLS(_xlfn.TEXTSPLIT(track_deg_dec!O1955,","),2))*60, "") | AD1955: {=IF(track_deg_dec!P1955 <> "", _xlfn.CHOOSECOLS(_xlfn.TEXTSPLIT(track_deg_dec!P1955,","),1), "")} | AE1955: =IF(track_deg_dec!P1955 <> "", _xlfn.CONCAT("0,", _xlfn.CHOOSECOLS(_xlfn.TEXTSPLIT(track_deg_dec!P1955,","),2))*60, "") | AF1955: {=IF(track_deg_dec!Q1955 <> "", _xlfn.CHOOSECOLS(_xlfn.TEXTSPLIT(track_deg_dec!Q1955,","),1), "")} | AG1955: =IF(track_deg_dec!Q1955 <> "", _xlfn.CONCAT("0,", _xlfn.CHOOSECOLS(_xlfn.TEXTSPLIT(track_deg_dec!Q1955,","),2))*60, "") | AH1955: {=IF(track_deg_dec!R1955 <> "", _xlfn.CHOOSECOLS(_xlfn.TEXTSPLIT(track_deg_dec!R1955,","),1), "")} | AI1955: =IF(track_deg_dec!R1955 <> "", _xlfn.CONCAT("0,", _xlfn.CHOOSECOLS(_xlfn.TEXTSPLIT(track_deg_dec!R1955,","),2))*60, "") | AJ1955: {=IF(track_deg_dec!S1955 <> "", _xlfn.CHOOSECOLS(_xlfn.TEXTSPLIT(track_deg_dec!S1955,","),1), "")} | AK1955: =IF(track_deg_dec!S1955 <> "", _xlfn.CONCAT("0,", _xlfn.CHOOSECOLS(_xlfn.TEXTSPLIT(track_deg_dec!S1955,","),2))*60, "") | AL1955: {=IF(track_deg_dec!T1955 <> "", _xlfn.CHOOSECOLS(_xlfn.TEXTSPLIT(track_deg_dec!T1955,","),1), "")} | AM1955: =IF(track_deg_dec!T1955 <> "", _xlfn.CONCAT("0,", _xlfn.CHOOSECOLS(_xlfn.TEXTSPLIT(track_deg_dec!T1955,","),2))*60, "") | AN1955: {=IF(track_deg_dec!U1955 <> "", _xlfn.CHOOSECOLS(_xlfn.TEXTSPLIT(track_deg_dec!U1955,","),1), "")} | AO1955: =IF(track_deg_dec!U1955 <> "", _xlfn.CONCAT("0,", _xlfn.CHOOSECOLS(_xlfn.TEXTSPLIT(track_deg_dec!U1955,","),2))*60, "")
A1956: =IF(track_deg_dec!A1956 <> "", track_deg_dec!A1956, "") | C1956: =IF(track_deg_dec!B1956 <> "", _xlfn.CONCAT("0,", _xlfn.CHOOSECOLS(_xlfn.TEXTSPLIT(track_deg_dec!B1956,","),2))*60, "") | D1956: {=IF(track_deg_dec!C1956 <> "", _xlfn.CHOOSECOLS(_xlfn.TEXTSPLIT(track_deg_dec!C1956,","),1), "")} | E1956: =IF(track_deg_dec!C1956 <> "", _xlfn.CONCAT("0,", _xlfn.CHOOSECOLS(_xlfn.TEXTSPLIT(track_deg_dec!C1956,","),2))*60, "") | F1956: {=IF(track_deg_dec!D1956 <> "", _xlfn.CHOOSECOLS(_xlfn.TEXTSPLIT(track_deg_dec!D1956,","),1), "")} | G1956: =IF(track_deg_dec!D1956 <> "", _xlfn.CONCAT("0,", _xlfn.CHOOSECOLS(_xlfn.TEXTSPLIT(track_deg_dec!D1956,","),2))*60, "") | H1956: {=IF(track_deg_dec!E1956 <> "", _xlfn.CHOOSECOLS(_xlfn.TEXTSPLIT(track_deg_dec!E1956,","),1), "")} | I1956: =IF(track_deg_dec!E1956 <> "", _xlfn.CONCAT("0,", _xlfn.CHOOSECOLS(_xlfn.TEXTSPLIT(track_deg_dec!E1956,","),2))*60, "") | J1956: {=IF(track_deg_dec!F1956 <> "", _xlfn.CHOOSECOLS(_xlfn.TEXTSPLIT(track_deg_dec!F1956,","),1), "")} | K1956: =IF(track_deg_dec!F1956 <> "", _xlfn.CONCAT("0,", _xlfn.CHOOSECOLS(_xlfn.TEXTSPLIT(track_deg_dec!F1956,","),2))*60, "") | L1956: {=IF(track_deg_dec!G1956 <> "", _xlfn.CHOOSECOLS(_xlfn.TEXTSPLIT(track_deg_dec!G1956,","),1), "")} | M1956: =IF(track_deg_dec!G1956 <> "", _xlfn.CONCAT("0,", _xlfn.CHOOSECOLS(_xlfn.TEXTSPLIT(track_deg_dec!G1956,","),2))*60, "") | N1956: {=IF(track_deg_dec!H1956 <> "", _xlfn.CHOOSECOLS(_xlfn.TEXTSPLIT(track_deg_dec!H1956,","),1), "")} | O1956: =IF(track_deg_dec!H1956 <> "", _xlfn.CONCAT("0,", _xlfn.CHOOSECOLS(_xlfn.TEXTSPLIT(track_deg_dec!H1956,","),2))*60, "") | P1956: {=IF(track_deg_dec!I1956 <> "", _xlfn.CHOOSECOLS(_xlfn.TEXTSPLIT(track_deg_dec!I1956,","),1), "")} | Q1956: =IF(track_deg_dec!I1956 <> "", _xlfn.CONCAT("0,", _xlfn.CHOOSECOLS(_xlfn.TEXTSPLIT(track_deg_dec!I1956,","),2))*60, "") | R1956: {=IF(track_deg_dec!J1956 <> "", _xlfn.CHOOSECOLS(_xlfn.TEXTSPLIT(track_deg_dec!J1956,","),1), "")} | S1956: =IF(track_deg_dec!J1956 <> "", _xlfn.CONCAT("0,", _xlfn.CHOOSECOLS(_xlfn.TEXTSPLIT(track_deg_dec!J1956,","),2))*60, "") | T1956: {=IF(track_deg_dec!K1956 <> "", _xlfn.CHOOSECOLS(_xlfn.TEXTSPLIT(track_deg_dec!K1956,","),1), "")} | U1956: =IF(track_deg_dec!K1956 <> "", _xlfn.CONCAT("0,", _xlfn.CHOOSECOLS(_xlfn.TEXTSPLIT(track_deg_dec!K1956,","),2))*60, "") | V1956: {=IF(track_deg_dec!L1956 <> "", _xlfn.CHOOSECOLS(_xlfn.TEXTSPLIT(track_deg_dec!L1956,","),1), "")} | W1956: =IF(track_deg_dec!L1956 <> "", _xlfn.CONCAT("0,", _xlfn.CHOOSECOLS(_xlfn.TEXTSPLIT(track_deg_dec!L1956,","),2))*60, "") | X1956: {=IF(track_deg_dec!M1956 <> "", _xlfn.CHOOSECOLS(_xlfn.TEXTSPLIT(track_deg_dec!M1956,","),1), "")} | Y1956: =IF(track_deg_dec!M1956 <> "", _xlfn.CONCAT("0,", _xlfn.CHOOSECOLS(_xlfn.TEXTSPLIT(track_deg_dec!M1956,","),2))*60, "") | Z1956: {=IF(track_deg_dec!N1956 <> "", _xlfn.CHOOSECOLS(_xlfn.TEXTSPLIT(track_deg_dec!N1956,","),1), "")} | AA1956: =IF(track_deg_dec!N1956 <> "", _xlfn.CONCAT("0,", _xlfn.CHOOSECOLS(_xlfn.TEXTSPLIT(track_deg_dec!N1956,","),2))*60, "") | AB1956: {=IF(track_deg_dec!O1956 <> "", _xlfn.CHOOSECOLS(_xlfn.TEXTSPLIT(track_deg_dec!O1956,","),1), "")} | AC1956: =IF(track_deg_dec!O1956 <> "", _xlfn.CONCAT("0,", _xlfn.CHOOSECOLS(_xlfn.TEXTSPLIT(track_deg_dec!O1956,","),2))*60, "") | AD1956: {=IF(track_deg_dec!P1956 <> "", _xlfn.CHOOSECOLS(_xlfn.TEXTSPLIT(track_deg_dec!P1956,","),1), "")} | AE1956: =IF(track_deg_dec!P1956 <> "", _xlfn.CONCAT("0,", _xlfn.CHOOSECOLS(_xlfn.TEXTSPLIT(track_deg_dec!P1956,","),2))*60, "") | AF1956: {=IF(track_deg_dec!Q1956 <> "", _xlfn.CHOOSECOLS(_xlfn.TEXTSPLIT(track_deg_dec!Q1956,","),1), "")} | AG1956: =IF(track_deg_dec!Q1956 <> "", _xlfn.CONCAT("0,", _xlfn.CHOOSECOLS(_xlfn.TEXTSPLIT(track_deg_dec!Q1956,","),2))*60, "") | AH1956: {=IF(track_deg_dec!R1956 <> "", _xlfn.CHOOSECOLS(_xlfn.TEXTSPLIT(track_deg_dec!R1956,","),1), "")} | AI1956: =IF(track_deg_dec!R1956 <> "", _xlfn.CONCAT("0,", _xlfn.CHOOSECOLS(_xlfn.TEXTSPLIT(track_deg_dec!R1956,","),2))*60, "") | AJ1956: {=IF(track_deg_dec!S1956 <> "", _xlfn.CHOOSECOLS(_xlfn.TEXTSPLIT(track_deg_dec!S1956,","),1), "")} | AK1956: =IF(track_deg_dec!S1956 <> "", _xlfn.CONCAT("0,", _xlfn.CHOOSECOLS(_xlfn.TEXTSPLIT(track_deg_dec!S1956,","),2))*60, "") | AL1956: {=IF(track_deg_dec!T1956 <> "", _xlfn.CHOOSECOLS(_xlfn.TEXTSPLIT(track_deg_dec!T1956,","),1), "")} | AM1956: =IF(track_deg_dec!T1956 <> "", _xlfn.CONCAT("0,", _xlfn.CHOOSECOLS(_xlfn.TEXTSPLIT(track_deg_dec!T1956,","),2))*60, "") | AN1956: {=IF(track_deg_dec!U1956 <> "", _xlfn.CHOOSECOLS(_xlfn.TEXTSPLIT(track_deg_dec!U1956,","),1), "")} | AO1956: =IF(track_deg_dec!U1956 <> "", _xlfn.CONCAT("0,", _xlfn.CHOOSECOLS(_xlfn.TEXTSPLIT(track_deg_dec!U1956,","),2))*60, "")
A1957: =IF(track_deg_dec!A1957 <> "", track_deg_dec!A1957, "") | C1957: =IF(track_deg_dec!B1957 <> "", _xlfn.CONCAT("0,", _xlfn.CHOOSECOLS(_xlfn.TEXTSPLIT(track_deg_dec!B1957,","),2))*60, "") | D1957: {=IF(track_deg_dec!C1957 <> "", _xlfn.CHOOSECOLS(_xlfn.TEXTSPLIT(track_deg_dec!C1957,","),1), "")} | E1957: =IF(track_deg_dec!C1957 <> "", _xlfn.CONCAT("0,", _xlfn.CHOOSECOLS(_xlfn.TEXTSPLIT(track_deg_dec!C1957,","),2))*60, "") | F1957: {=IF(track_deg_dec!D1957 <> "", _xlfn.CHOOSECOLS(_xlfn.TEXTSPLIT(track_deg_dec!D1957,","),1), "")} | G1957: =IF(track_deg_dec!D1957 <> "", _xlfn.CONCAT("0,", _xlfn.CHOOSECOLS(_xlfn.TEXTSPLIT(track_deg_dec!D1957,","),2))*60, "") | H1957: {=IF(track_deg_dec!E1957 <> "", _xlfn.CHOOSECOLS(_xlfn.TEXTSPLIT(track_deg_dec!E1957,","),1), "")} | I1957: =IF(track_deg_dec!E1957 <> "", _xlfn.CONCAT("0,", _xlfn.CHOOSECOLS(_xlfn.TEXTSPLIT(track_deg_dec!E1957,","),2))*60, "") | J1957: {=IF(track_deg_dec!F1957 <> "", _xlfn.CHOOSECOLS(_xlfn.TEXTSPLIT(track_deg_dec!F1957,","),1), "")} | K1957: =IF(track_deg_dec!F1957 <> "", _xlfn.CONCAT("0,", _xlfn.CHOOSECOLS(_xlfn.TEXTSPLIT(track_deg_dec!F1957,","),2))*60, "") | L1957: {=IF(track_deg_dec!G1957 <> "", _xlfn.CHOOSECOLS(_xlfn.TEXTSPLIT(track_deg_dec!G1957,","),1), "")} | M1957: =IF(track_deg_dec!G1957 <> "", _xlfn.CONCAT("0,", _xlfn.CHOOSECOLS(_xlfn.TEXTSPLIT(track_deg_dec!G1957,","),2))*60, "") | N1957: {=IF(track_deg_dec!H1957 <> "", _xlfn.CHOOSECOLS(_xlfn.TEXTSPLIT(track_deg_dec!H1957,","),1), "")} | O1957: =IF(track_deg_dec!H1957 <> "", _xlfn.CONCAT("0,", _xlfn.CHOOSECOLS(_xlfn.TEXTSPLIT(track_deg_dec!H1957,","),2))*60, "") | P1957: {=IF(track_deg_dec!I1957 <> "", _xlfn.CHOOSECOLS(_xlfn.TEXTSPLIT(track_deg_dec!I1957,","),1), "")} | Q1957: =IF(track_deg_dec!I1957 <> "", _xlfn.CONCAT("0,", _xlfn.CHOOSECOLS(_xlfn.TEXTSPLIT(track_deg_dec!I1957,","),2))*60, "") | R1957: {=IF(track_deg_dec!J1957 <> "", _xlfn.CHOOSECOLS(_xlfn.TEXTSPLIT(track_deg_dec!J1957,","),1), "")} | S1957: =IF(track_deg_dec!J1957 <> "", _xlfn.CONCAT("0,", _xlfn.CHOOSECOLS(_xlfn.TEXTSPLIT(track_deg_dec!J1957,","),2))*60, "") | T1957: {=IF(track_deg_dec!K1957 <> "", _xlfn.CHOOSECOLS(_xlfn.TEXTSPLIT(track_deg_dec!K1957,","),1), "")} | U1957: =IF(track_deg_dec!K1957 <> "", _xlfn.CONCAT("0,", _xlfn.CHOOSECOLS(_xlfn.TEXTSPLIT(track_deg_dec!K1957,","),2))*60, "") | V1957: {=IF(track_deg_dec!L1957 <> "", _xlfn.CHOOSECOLS(_xlfn.TEXTSPLIT(track_deg_dec!L1957,","),1), "")} | W1957: =IF(track_deg_dec!L1957 <> "", _xlfn.CONCAT("0,", _xlfn.CHOOSECOLS(_xlfn.TEXTSPLIT(track_deg_dec!L1957,","),2))*60, "") | X1957: {=IF(track_deg_dec!M1957 <> "", _xlfn.CHOOSECOLS(_xlfn.TEXTSPLIT(track_deg_dec!M1957,","),1), "")} | Y1957: =IF(track_deg_dec!M1957 <> "", _xlfn.CONCAT("0,", _xlfn.CHOOSECOLS(_xlfn.TEXTSPLIT(track_deg_dec!M1957,","),2))*60, "") | Z1957: {=IF(track_deg_dec!N1957 <> "", _xlfn.CHOOSECOLS(_xlfn.TEXTSPLIT(track_deg_dec!N1957,","),1), "")} | AA1957: =IF(track_deg_dec!N1957 <> "", _xlfn.CONCAT("0,", _xlfn.CHOOSECOLS(_xlfn.TEXTSPLIT(track_deg_dec!N1957,","),2))*60, "") | AB1957: {=IF(track_deg_dec!O1957 <> "", _xlfn.CHOOSECOLS(_xlfn.TEXTSPLIT(track_deg_dec!O1957,","),1), "")} | AC1957: =IF(track_deg_dec!O1957 <> "", _xlfn.CONCAT("0,", _xlfn.CHOOSECOLS(_xlfn.TEXTSPLIT(track_deg_dec!O1957,","),2))*60, "") | AD1957: {=IF(track_deg_dec!P1957 <> "", _xlfn.CHOOSECOLS(_xlfn.TEXTSPLIT(track_deg_dec!P1957,","),1), "")} | AE1957: =IF(track_deg_dec!P1957 <> "", _xlfn.CONCAT("0,", _xlfn.CHOOSECOLS(_xlfn.TEXTSPLIT(track_deg_dec!P1957,","),2))*60, "") | AF1957: {=IF(track_deg_dec!Q1957 <> "", _xlfn.CHOOSECOLS(_xlfn.TEXTSPLIT(track_deg_dec!Q1957,","),1), "")} | AG1957: =IF(track_deg_dec!Q1957 <> "", _xlfn.CONCAT("0,", _xlfn.CHOOSECOLS(_xlfn.TEXTSPLIT(track_deg_dec!Q1957,","),2))*60, "") | AH1957: {=IF(track_deg_dec!R1957 <> "", _xlfn.CHOOSECOLS(_xlfn.TEXTSPLIT(track_deg_dec!R1957,","),1), "")} | AI1957: =IF(track_deg_dec!R1957 <> "", _xlfn.CONCAT("0,", _xlfn.CHOOSECOLS(_xlfn.TEXTSPLIT(track_deg_dec!R1957,","),2))*60, "") | AJ1957: {=IF(track_deg_dec!S1957 <> "", _xlfn.CHOOSECOLS(_xlfn.TEXTSPLIT(track_deg_dec!S1957,","),1), "")} | AK1957: =IF(track_deg_dec!S1957 <> "", _xlfn.CONCAT("0,", _xlfn.CHOOSECOLS(_xlfn.TEXTSPLIT(track_deg_dec!S1957,","),2))*60, "") | AL1957: {=IF(track_deg_dec!T1957 <> "", _xlfn.CHOOSECOLS(_xlfn.TEXTSPLIT(track_deg_dec!T1957,","),1), "")} | AM1957: =IF(track_deg_dec!T1957 <> "", _xlfn.CONCAT("0,", _xlfn.CHOOSECOLS(_xlfn.TEXTSPLIT(track_deg_dec!T1957,","),2))*60, "") | AN1957: {=IF(track_deg_dec!U1957 <> "", _xlfn.CHOOSECOLS(_xlfn.TEXTSPLIT(track_deg_dec!U1957,","),1), "")} | AO1957: =IF(track_deg_dec!U1957 <> "", _xlfn.CONCAT("0,", _xlfn.CHOOSECOLS(_xlfn.TEXTSPLIT(track_deg_dec!U1957,","),2))*60, "")
A1958: =IF(track_deg_dec!A1958 <> "", track_deg_dec!A1958, "") | C1958: =IF(track_deg_dec!B1958 <> "", _xlfn.CONCAT("0,", _xlfn.CHOOSECOLS(_xlfn.TEXTSPLIT(track_deg_dec!B1958,","),2))*60, "") | D1958: {=IF(track_deg_dec!C1958 <> "", _xlfn.CHOOSECOLS(_xlfn.TEXTSPLIT(track_deg_dec!C1958,","),1), "")} | E1958: =IF(track_deg_dec!C1958 <> "", _xlfn.CONCAT("0,", _xlfn.CHOOSECOLS(_xlfn.TEXTSPLIT(track_deg_dec!C1958,","),2))*60, "") | F1958: {=IF(track_deg_dec!D1958 <> "", _xlfn.CHOOSECOLS(_xlfn.TEXTSPLIT(track_deg_dec!D1958,","),1), "")} | G1958: =IF(track_deg_dec!D1958 <> "", _xlfn.CONCAT("0,", _xlfn.CHOOSECOLS(_xlfn.TEXTSPLIT(track_deg_dec!D1958,","),2))*60, "") | H1958: {=IF(track_deg_dec!E1958 <> "", _xlfn.CHOOSECOLS(_xlfn.TEXTSPLIT(track_deg_dec!E1958,","),1), "")} | I1958: =IF(track_deg_dec!E1958 <> "", _xlfn.CONCAT("0,", _xlfn.CHOOSECOLS(_xlfn.TEXTSPLIT(track_deg_dec!E1958,","),2))*60, "") | J1958: {=IF(track_deg_dec!F1958 <> "", _xlfn.CHOOSECOLS(_xlfn.TEXTSPLIT(track_deg_dec!F1958,","),1), "")} | K1958: =IF(track_deg_dec!F1958 <> "", _xlfn.CONCAT("0,", _xlfn.CHOOSECOLS(_xlfn.TEXTSPLIT(track_deg_dec!F1958,","),2))*60, "") | L1958: {=IF(track_deg_dec!G1958 <> "", _xlfn.CHOOSECOLS(_xlfn.TEXTSPLIT(track_deg_dec!G1958,","),1), "")} | M1958: =IF(track_deg_dec!G1958 <> "", _xlfn.CONCAT("0,", _xlfn.CHOOSECOLS(_xlfn.TEXTSPLIT(track_deg_dec!G1958,","),2))*60, "") | N1958: {=IF(track_deg_dec!H1958 <> "", _xlfn.CHOOSECOLS(_xlfn.TEXTSPLIT(track_deg_dec!H1958,","),1), "")} | O1958: =IF(track_deg_dec!H1958 <> "", _xlfn.CONCAT("0,", _xlfn.CHOOSECOLS(_xlfn.TEXTSPLIT(track_deg_dec!H1958,","),2))*60, "") | P1958: {=IF(track_deg_dec!I1958 <> "", _xlfn.CHOOSECOLS(_xlfn.TEXTSPLIT(track_deg_dec!I1958,","),1), "")} | Q1958: =IF(track_deg_dec!I1958 <> "", _xlfn.CONCAT("0,", _xlfn.CHOOSECOLS(_xlfn.TEXTSPLIT(track_deg_dec!I1958,","),2))*60, "") | R1958: {=IF(track_deg_dec!J1958 <> "", _xlfn.CHOOSECOLS(_xlfn.TEXTSPLIT(track_deg_dec!J1958,","),1), "")} | S1958: =IF(track_deg_dec!J1958 <> "", _xlfn.CONCAT("0,", _xlfn.CHOOSECOLS(_xlfn.TEXTSPLIT(track_deg_dec!J1958,","),2))*60, "") | T1958: {=IF(track_deg_dec!K1958 <> "", _xlfn.CHOOSECOLS(_xlfn.TEXTSPLIT(track_deg_dec!K1958,","),1), "")} | U1958: =IF(track_deg_dec!K1958 <> "", _xlfn.CONCAT("0,", _xlfn.CHOOSECOLS(_xlfn.TEXTSPLIT(track_deg_dec!K1958,","),2))*60, "") | V1958: {=IF(track_deg_dec!L1958 <> "", _xlfn.CHOOSECOLS(_xlfn.TEXTSPLIT(track_deg_dec!L1958,","),1), "")} | W1958: =IF(track_deg_dec!L1958 <> "", _xlfn.CONCAT("0,", _xlfn.CHOOSECOLS(_xlfn.TEXTSPLIT(track_deg_dec!L1958,","),2))*60, "") | X1958: {=IF(track_deg_dec!M1958 <> "", _xlfn.CHOOSECOLS(_xlfn.TEXTSPLIT(track_deg_dec!M1958,","),1), "")} | Y1958: =IF(track_deg_dec!M1958 <> "", _xlfn.CONCAT("0,", _xlfn.CHOOSECOLS(_xlfn.TEXTSPLIT(track_deg_dec!M1958,","),2))*60, "") | Z1958: {=IF(track_deg_dec!N1958 <> "", _xlfn.CHOOSECOLS(_xlfn.TEXTSPLIT(track_deg_dec!N1958,","),1), "")} | AA1958: =IF(track_deg_dec!N1958 <> "", _xlfn.CONCAT("0,", _xlfn.CHOOSECOLS(_xlfn.TEXTSPLIT(track_deg_dec!N1958,","),2))*60, "") | AB1958: {=IF(track_deg_dec!O1958 <> "", _xlfn.CHOOSECOLS(_xlfn.TEXTSPLIT(track_deg_dec!O1958,","),1), "")} | AC1958: =IF(track_deg_dec!O1958 <> "", _xlfn.CONCAT("0,", _xlfn.CHOOSECOLS(_xlfn.TEXTSPLIT(track_deg_dec!O1958,","),2))*60, "") | AD1958: {=IF(track_deg_dec!P1958 <> "", _xlfn.CHOOSECOLS(_xlfn.TEXTSPLIT(track_deg_dec!P1958,","),1), "")} | AE1958: =IF(track_deg_dec!P1958 <> "", _xlfn.CONCAT("0,", _xlfn.CHOOSECOLS(_xlfn.TEXTSPLIT(track_deg_dec!P1958,","),2))*60, "") | AF1958: {=IF(track_deg_dec!Q1958 <> "", _xlfn.CHOOSECOLS(_xlfn.TEXTSPLIT(track_deg_dec!Q1958,","),1), "")} | AG1958: =IF(track_deg_dec!Q1958 <> "", _xlfn.CONCAT("0,", _xlfn.CHOOSECOLS(_xlfn.TEXTSPLIT(track_deg_dec!Q1958,","),2))*60, "") | AH1958: {=IF(track_deg_dec!R1958 <> "", _xlfn.CHOOSECOLS(_xlfn.TEXTSPLIT(track_deg_dec!R1958,","),1), "")} | AI1958: =IF(track_deg_dec!R1958 <> "", _xlfn.CONCAT("0,", _xlfn.CHOOSECOLS(_xlfn.TEXTSPLIT(track_deg_dec!R1958,","),2))*60, "") | AJ1958: {=IF(track_deg_dec!S1958 <> "", _xlfn.CHOOSECOLS(_xlfn.TEXTSPLIT(track_deg_dec!S1958,","),1), "")} | AK1958: =IF(track_deg_dec!S1958 <> "", _xlfn.CONCAT("0,", _xlfn.CHOOSECOLS(_xlfn.TEXTSPLIT(track_deg_dec!S1958,","),2))*60, "") | AL1958: {=IF(track_deg_dec!T1958 <> "", _xlfn.CHOOSECOLS(_xlfn.TEXTSPLIT(track_deg_dec!T1958,","),1), "")} | AM1958: =IF(track_deg_dec!T1958 <> "", _xlfn.CONCAT("0,", _xlfn.CHOOSECOLS(_xlfn.TEXTSPLIT(track_deg_dec!T1958,","),2))*60, "") | AN1958: {=IF(track_deg_dec!U1958 <> "", _xlfn.CHOOSECOLS(_xlfn.TEXTSPLIT(track_deg_dec!U1958,","),1), "")} | AO1958: =IF(track_deg_dec!U1958 <> "", _xlfn.CONCAT("0,", _xlfn.CHOOSECOLS(_xlfn.TEXTSPLIT(track_deg_dec!U1958,","),2))*60, "")
A1959: =IF(track_deg_dec!A1959 <> "", track_deg_dec!A1959, "") | C1959: =IF(track_deg_dec!B1959 <> "", _xlfn.CONCAT("0,", _xlfn.CHOOSECOLS(_xlfn.TEXTSPLIT(track_deg_dec!B1959,","),2))*60, "") | D1959: {=IF(track_deg_dec!C1959 <> "", _xlfn.CHOOSECOLS(_xlfn.TEXTSPLIT(track_deg_dec!C1959,","),1), "")} | E1959: =IF(track_deg_dec!C1959 <> "", _xlfn.CONCAT("0,", _xlfn.CHOOSECOLS(_xlfn.TEXTSPLIT(track_deg_dec!C1959,","),2))*60, "") | F1959: {=IF(track_deg_dec!D1959 <> "", _xlfn.CHOOSECOLS(_xlfn.TEXTSPLIT(track_deg_dec!D1959,","),1), "")} | G1959: =IF(track_deg_dec!D1959 <> "", _xlfn.CONCAT("0,", _xlfn.CHOOSECOLS(_xlfn.TEXTSPLIT(track_deg_dec!D1959,","),2))*60, "") | H1959: {=IF(track_deg_dec!E1959 <> "", _xlfn.CHOOSECOLS(_xlfn.TEXTSPLIT(track_deg_dec!E1959,","),1), "")} | I1959: =IF(track_deg_dec!E1959 <> "", _xlfn.CONCAT("0,", _xlfn.CHOOSECOLS(_xlfn.TEXTSPLIT(track_deg_dec!E1959,","),2))*60, "") | J1959: {=IF(track_deg_dec!F1959 <> "", _xlfn.CHOOSECOLS(_xlfn.TEXTSPLIT(track_deg_dec!F1959,","),1), "")} | K1959: =IF(track_deg_dec!F1959 <> "", _xlfn.CONCAT("0,", _xlfn.CHOOSECOLS(_xlfn.TEXTSPLIT(track_deg_dec!F1959,","),2))*60, "") | L1959: {=IF(track_deg_dec!G1959 <> "", _xlfn.CHOOSECOLS(_xlfn.TEXTSPLIT(track_deg_dec!G1959,","),1), "")} | M1959: =IF(track_deg_dec!G1959 <> "", _xlfn.CONCAT("0,", _xlfn.CHOOSECOLS(_xlfn.TEXTSPLIT(track_deg_dec!G1959,","),2))*60, "") | N1959: {=IF(track_deg_dec!H1959 <> "", _xlfn.CHOOSECOLS(_xlfn.TEXTSPLIT(track_deg_dec!H1959,","),1), "")} | O1959: =IF(track_deg_dec!H1959 <> "", _xlfn.CONCAT("0,", _xlfn.CHOOSECOLS(_xlfn.TEXTSPLIT(track_deg_dec!H1959,","),2))*60, "") | P1959: {=IF(track_deg_dec!I1959 <> "", _xlfn.CHOOSECOLS(_xlfn.TEXTSPLIT(track_deg_dec!I1959,","),1), "")} | Q1959: =IF(track_deg_dec!I1959 <> "", _xlfn.CONCAT("0,", _xlfn.CHOOSECOLS(_xlfn.TEXTSPLIT(track_deg_dec!I1959,","),2))*60, "") | R1959: {=IF(track_deg_dec!J1959 <> "", _xlfn.CHOOSECOLS(_xlfn.TEXTSPLIT(track_deg_dec!J1959,","),1), "")} | S1959: =IF(track_deg_dec!J1959 <> "", _xlfn.CONCAT("0,", _xlfn.CHOOSECOLS(_xlfn.TEXTSPLIT(track_deg_dec!J1959,","),2))*60, "") | T1959: {=IF(track_deg_dec!K1959 <> "", _xlfn.CHOOSECOLS(_xlfn.TEXTSPLIT(track_deg_dec!K1959,","),1), "")} | U1959: =IF(track_deg_dec!K1959 <> "", _xlfn.CONCAT("0,", _xlfn.CHOOSECOLS(_xlfn.TEXTSPLIT(track_deg_dec!K1959,","),2))*60, "") | V1959: {=IF(track_deg_dec!L1959 <> "", _xlfn.CHOOSECOLS(_xlfn.TEXTSPLIT(track_deg_dec!L1959,","),1), "")} | W1959: =IF(track_deg_dec!L1959 <> "", _xlfn.CONCAT("0,", _xlfn.CHOOSECOLS(_xlfn.TEXTSPLIT(track_deg_dec!L1959,","),2))*60, "") | X1959: {=IF(track_deg_dec!M1959 <> "", _xlfn.CHOOSECOLS(_xlfn.TEXTSPLIT(track_deg_dec!M1959,","),1), "")} | Y1959: =IF(track_deg_dec!M1959 <> "", _xlfn.CONCAT("0,", _xlfn.CHOOSECOLS(_xlfn.TEXTSPLIT(track_deg_dec!M1959,","),2))*60, "") | Z1959: {=IF(track_deg_dec!N1959 <> "", _xlfn.CHOOSECOLS(_xlfn.TEXTSPLIT(track_deg_dec!N1959,","),1), "")} | AA1959: =IF(track_deg_dec!N1959 <> "", _xlfn.CONCAT("0,", _xlfn.CHOOSECOLS(_xlfn.TEXTSPLIT(track_deg_dec!N1959,","),2))*60, "") | AB1959: {=IF(track_deg_dec!O1959 <> "", _xlfn.CHOOSECOLS(_xlfn.TEXTSPLIT(track_deg_dec!O1959,","),1), "")} | AC1959: =IF(track_deg_dec!O1959 <> "", _xlfn.CONCAT("0,", _xlfn.CHOOSECOLS(_xlfn.TEXTSPLIT(track_deg_dec!O1959,","),2))*60, "") | AD1959: {=IF(track_deg_dec!P1959 <> "", _xlfn.CHOOSECOLS(_xlfn.TEXTSPLIT(track_deg_dec!P1959,","),1), "")} | AE1959: =IF(track_deg_dec!P1959 <> "", _xlfn.CONCAT("0,", _xlfn.CHOOSECOLS(_xlfn.TEXTSPLIT(track_deg_dec!P1959,","),2))*60, "") | AF1959: {=IF(track_deg_dec!Q1959 <> "", _xlfn.CHOOSECOLS(_xlfn.TEXTSPLIT(track_deg_dec!Q1959,","),1), "")} | AG1959: =IF(track_deg_dec!Q1959 <> "", _xlfn.CONCAT("0,", _xlfn.CHOOSECOLS(_xlfn.TEXTSPLIT(track_deg_dec!Q1959,","),2))*60, "") | AH1959: {=IF(track_deg_dec!R1959 <> "", _xlfn.CHOOSECOLS(_xlfn.TEXTSPLIT(track_deg_dec!R1959,","),1), "")} | AI1959: =IF(track_deg_dec!R1959 <> "", _xlfn.CONCAT("0,", _xlfn.CHOOSECOLS(_xlfn.TEXTSPLIT(track_deg_dec!R1959,","),2))*60, "") | AJ1959: {=IF(track_deg_dec!S1959 <> "", _xlfn.CHOOSECOLS(_xlfn.TEXTSPLIT(track_deg_dec!S1959,","),1), "")} | AK1959: =IF(track_deg_dec!S1959 <> "", _xlfn.CONCAT("0,", _xlfn.CHOOSECOLS(_xlfn.TEXTSPLIT(track_deg_dec!S1959,","),2))*60, "") | AL1959: {=IF(track_deg_dec!T1959 <> "", _xlfn.CHOOSECOLS(_xlfn.TEXTSPLIT(track_deg_dec!T1959,","),1), "")} | AM1959: =IF(track_deg_dec!T1959 <> "", _xlfn.CONCAT("0,", _xlfn.CHOOSECOLS(_xlfn.TEXTSPLIT(track_deg_dec!T1959,","),2))*60, "") | AN1959: {=IF(track_deg_dec!U1959 <> "", _xlfn.CHOOSECOLS(_xlfn.TEXTSPLIT(track_deg_dec!U1959,","),1), "")} | AO1959: =IF(track_deg_dec!U1959 <> "", _xlfn.CONCAT("0,", _xlfn.CHOOSECOLS(_xlfn.TEXTSPLIT(track_deg_dec!U1959,","),2))*60, "")
A1960: =IF(track_deg_dec!A1960 <> "", track_deg_dec!A1960, "") | C1960: =IF(track_deg_dec!B1960 <> "", _xlfn.CONCAT("0,", _xlfn.CHOOSECOLS(_xlfn.TEXTSPLIT(track_deg_dec!B1960,","),2))*60, "") | D1960: {=IF(track_deg_dec!C1960 <> "", _xlfn.CHOOSECOLS(_xlfn.TEXTSPLIT(track_deg_dec!C1960,","),1), "")} | E1960: =IF(track_deg_dec!C1960 <> "", _xlfn.CONCAT("0,", _xlfn.CHOOSECOLS(_xlfn.TEXTSPLIT(track_deg_dec!C1960,","),2))*60, "") | F1960: {=IF(track_deg_dec!D1960 <> "", _xlfn.CHOOSECOLS(_xlfn.TEXTSPLIT(track_deg_dec!D1960,","),1), "")} | G1960: =IF(track_deg_dec!D1960 <> "", _xlfn.CONCAT("0,", _xlfn.CHOOSECOLS(_xlfn.TEXTSPLIT(track_deg_dec!D1960,","),2))*60, "") | H1960: {=IF(track_deg_dec!E1960 <> "", _xlfn.CHOOSECOLS(_xlfn.TEXTSPLIT(track_deg_dec!E1960,","),1), "")} | I1960: =IF(track_deg_dec!E1960 <> "", _xlfn.CONCAT("0,", _xlfn.CHOOSECOLS(_xlfn.TEXTSPLIT(track_deg_dec!E1960,","),2))*60, "") | J1960: {=IF(track_deg_dec!F1960 <> "", _xlfn.CHOOSECOLS(_xlfn.TEXTSPLIT(track_deg_dec!F1960,","),1), "")} | K1960: =IF(track_deg_dec!F1960 <> "", _xlfn.CONCAT("0,", _xlfn.CHOOSECOLS(_xlfn.TEXTSPLIT(track_deg_dec!F1960,","),2))*60, "") | L1960: {=IF(track_deg_dec!G1960 <> "", _xlfn.CHOOSECOLS(_xlfn.TEXTSPLIT(track_deg_dec!G1960,","),1), "")} | M1960: =IF(track_deg_dec!G1960 <> "", _xlfn.CONCAT("0,", _xlfn.CHOOSECOLS(_xlfn.TEXTSPLIT(track_deg_dec!G1960,","),2))*60, "") | N1960: {=IF(track_deg_dec!H1960 <> "", _xlfn.CHOOSECOLS(_xlfn.TEXTSPLIT(track_deg_dec!H1960,","),1), "")} | O1960: =IF(track_deg_dec!H1960 <> "", _xlfn.CONCAT("0,", _xlfn.CHOOSECOLS(_xlfn.TEXTSPLIT(track_deg_dec!H1960,","),2))*60, "") | P1960: {=IF(track_deg_dec!I1960 <> "", _xlfn.CHOOSECOLS(_xlfn.TEXTSPLIT(track_deg_dec!I1960,","),1), "")} | Q1960: =IF(track_deg_dec!I1960 <> "", _xlfn.CONCAT("0,", _xlfn.CHOOSECOLS(_xlfn.TEXTSPLIT(track_deg_dec!I1960,","),2))*60, "") | R1960: {=IF(track_deg_dec!J1960 <> "", _xlfn.CHOOSECOLS(_xlfn.TEXTSPLIT(track_deg_dec!J1960,","),1), "")} | S1960: =IF(track_deg_dec!J1960 <> "", _xlfn.CONCAT("0,", _xlfn.CHOOSECOLS(_xlfn.TEXTSPLIT(track_deg_dec!J1960,","),2))*60, "") | T1960: {=IF(track_deg_dec!K1960 <> "", _xlfn.CHOOSECOLS(_xlfn.TEXTSPLIT(track_deg_dec!K1960,","),1), "")} | U1960: =IF(track_deg_dec!K1960 <> "", _xlfn.CONCAT("0,", _xlfn.CHOOSECOLS(_xlfn.TEXTSPLIT(track_deg_dec!K1960,","),2))*60, "") | V1960: {=IF(track_deg_dec!L1960 <> "", _xlfn.CHOOSECOLS(_xlfn.TEXTSPLIT(track_deg_dec!L1960,","),1), "")} | W1960: =IF(track_deg_dec!L1960 <> "", _xlfn.CONCAT("0,", _xlfn.CHOOSECOLS(_xlfn.TEXTSPLIT(track_deg_dec!L1960,","),2))*60, "") | X1960: {=IF(track_deg_dec!M1960 <> "", _xlfn.CHOOSECOLS(_xlfn.TEXTSPLIT(track_deg_dec!M1960,","),1), "")} | Y1960: =IF(track_deg_dec!M1960 <> "", _xlfn.CONCAT("0,", _xlfn.CHOOSECOLS(_xlfn.TEXTSPLIT(track_deg_dec!M1960,","),2))*60, "") | Z1960: {=IF(track_deg_dec!N1960 <> "", _xlfn.CHOOSECOLS(_xlfn.TEXTSPLIT(track_deg_dec!N1960,","),1), "")} | AA1960: =IF(track_deg_dec!N1960 <> "", _xlfn.CONCAT("0,", _xlfn.CHOOSECOLS(_xlfn.TEXTSPLIT(track_deg_dec!N1960,","),2))*60, "") | AB1960: {=IF(track_deg_dec!O1960 <> "", _xlfn.CHOOSECOLS(_xlfn.TEXTSPLIT(track_deg_dec!O1960,","),1), "")} | AC1960: =IF(track_deg_dec!O1960 <> "", _xlfn.CONCAT("0,", _xlfn.CHOOSECOLS(_xlfn.TEXTSPLIT(track_deg_dec!O1960,","),2))*60, "") | AD1960: {=IF(track_deg_dec!P1960 <> "", _xlfn.CHOOSECOLS(_xlfn.TEXTSPLIT(track_deg_dec!P1960,","),1), "")} | AE1960: =IF(track_deg_dec!P1960 <> "", _xlfn.CONCAT("0,", _xlfn.CHOOSECOLS(_xlfn.TEXTSPLIT(track_deg_dec!P1960,","),2))*60, "") | AF1960: {=IF(track_deg_dec!Q1960 <> "", _xlfn.CHOOSECOLS(_xlfn.TEXTSPLIT(track_deg_dec!Q1960,","),1), "")} | AG1960: =IF(track_deg_dec!Q1960 <> "", _xlfn.CONCAT("0,", _xlfn.CHOOSECOLS(_xlfn.TEXTSPLIT(track_deg_dec!Q1960,","),2))*60, "") | AH1960: {=IF(track_deg_dec!R1960 <> "", _xlfn.CHOOSECOLS(_xlfn.TEXTSPLIT(track_deg_dec!R1960,","),1), "")} | AI1960: =IF(track_deg_dec!R1960 <> "", _xlfn.CONCAT("0,", _xlfn.CHOOSECOLS(_xlfn.TEXTSPLIT(track_deg_dec!R1960,","),2))*60, "") | AJ1960: {=IF(track_deg_dec!S1960 <> "", _xlfn.CHOOSECOLS(_xlfn.TEXTSPLIT(track_deg_dec!S1960,","),1), "")} | AK1960: =IF(track_deg_dec!S1960 <> "", _xlfn.CONCAT("0,", _xlfn.CHOOSECOLS(_xlfn.TEXTSPLIT(track_deg_dec!S1960,","),2))*60, "") | AL1960: {=IF(track_deg_dec!T1960 <> "", _xlfn.CHOOSECOLS(_xlfn.TEXTSPLIT(track_deg_dec!T1960,","),1), "")} | AM1960: =IF(track_deg_dec!T1960 <> "", _xlfn.CONCAT("0,", _xlfn.CHOOSECOLS(_xlfn.TEXTSPLIT(track_deg_dec!T1960,","),2))*60, "") | AN1960: {=IF(track_deg_dec!U1960 <> "", _xlfn.CHOOSECOLS(_xlfn.TEXTSPLIT(track_deg_dec!U1960,","),1), "")} | AO1960: =IF(track_deg_dec!U1960 <> "", _xlfn.CONCAT("0,", _xlfn.CHOOSECOLS(_xlfn.TEXTSPLIT(track_deg_dec!U1960,","),2))*60, "")
A1961: =IF(track_deg_dec!A1961 <> "", track_deg_dec!A1961, "") | C1961: =IF(track_deg_dec!B1961 <> "", _xlfn.CONCAT("0,", _xlfn.CHOOSECOLS(_xlfn.TEXTSPLIT(track_deg_dec!B1961,","),2))*60, "") | D1961: {=IF(track_deg_dec!C1961 <> "", _xlfn.CHOOSECOLS(_xlfn.TEXTSPLIT(track_deg_dec!C1961,","),1), "")} | E1961: =IF(track_deg_dec!C1961 <> "", _xlfn.CONCAT("0,", _xlfn.CHOOSECOLS(_xlfn.TEXTSPLIT(track_deg_dec!C1961,","),2))*60, "") | F1961: {=IF(track_deg_dec!D1961 <> "", _xlfn.CHOOSECOLS(_xlfn.TEXTSPLIT(track_deg_dec!D1961,","),1), "")} | G1961: =IF(track_deg_dec!D1961 <> "", _xlfn.CONCAT("0,", _xlfn.CHOOSECOLS(_xlfn.TEXTSPLIT(track_deg_dec!D1961,","),2))*60, "") | H1961: {=IF(track_deg_dec!E1961 <> "", _xlfn.CHOOSECOLS(_xlfn.TEXTSPLIT(track_deg_dec!E1961,","),1), "")} | I1961: =IF(track_deg_dec!E1961 <> "", _xlfn.CONCAT("0,", _xlfn.CHOOSECOLS(_xlfn.TEXTSPLIT(track_deg_dec!E1961,","),2))*60, "") | J1961: {=IF(track_deg_dec!F1961 <> "", _xlfn.CHOOSECOLS(_xlfn.TEXTSPLIT(track_deg_dec!F1961,","),1), "")} | K1961: =IF(track_deg_dec!F1961 <> "", _xlfn.CONCAT("0,", _xlfn.CHOOSECOLS(_xlfn.TEXTSPLIT(track_deg_dec!F1961,","),2))*60, "") | L1961: {=IF(track_deg_dec!G1961 <> "", _xlfn.CHOOSECOLS(_xlfn.TEXTSPLIT(track_deg_dec!G1961,","),1), "")} | M1961: =IF(track_deg_dec!G1961 <> "", _xlfn.CONCAT("0,", _xlfn.CHOOSECOLS(_xlfn.TEXTSPLIT(track_deg_dec!G1961,","),2))*60, "") | N1961: {=IF(track_deg_dec!H1961 <> "", _xlfn.CHOOSECOLS(_xlfn.TEXTSPLIT(track_deg_dec!H1961,","),1), "")} | O1961: =IF(track_deg_dec!H1961 <> "", _xlfn.CONCAT("0,", _xlfn.CHOOSECOLS(_xlfn.TEXTSPLIT(track_deg_dec!H1961,","),2))*60, "") | P1961: {=IF(track_deg_dec!I1961 <> "", _xlfn.CHOOSECOLS(_xlfn.TEXTSPLIT(track_deg_dec!I1961,","),1), "")} | Q1961: =IF(track_deg_dec!I1961 <> "", _xlfn.CONCAT("0,", _xlfn.CHOOSECOLS(_xlfn.TEXTSPLIT(track_deg_dec!I1961,","),2))*60, "") | R1961: {=IF(track_deg_dec!J1961 <> "", _xlfn.CHOOSECOLS(_xlfn.TEXTSPLIT(track_deg_dec!J1961,","),1), "")} | S1961: =IF(track_deg_dec!J1961 <> "", _xlfn.CONCAT("0,", _xlfn.CHOOSECOLS(_xlfn.TEXTSPLIT(track_deg_dec!J1961,","),2))*60, "") | T1961: {=IF(track_deg_dec!K1961 <> "", _xlfn.CHOOSECOLS(_xlfn.TEXTSPLIT(track_deg_dec!K1961,","),1), "")} | U1961: =IF(track_deg_dec!K1961 <> "", _xlfn.CONCAT("0,", _xlfn.CHOOSECOLS(_xlfn.TEXTSPLIT(track_deg_dec!K1961,","),2))*60, "") | V1961: {=IF(track_deg_dec!L1961 <> "", _xlfn.CHOOSECOLS(_xlfn.TEXTSPLIT(track_deg_dec!L1961,","),1), "")} | W1961: =IF(track_deg_dec!L1961 <> "", _xlfn.CONCAT("0,", _xlfn.CHOOSECOLS(_xlfn.TEXTSPLIT(track_deg_dec!L1961,","),2))*60, "") | X1961: {=IF(track_deg_dec!M1961 <> "", _xlfn.CHOOSECOLS(_xlfn.TEXTSPLIT(track_deg_dec!M1961,","),1), "")} | Y1961: =IF(track_deg_dec!M1961 <> "", _xlfn.CONCAT("0,", _xlfn.CHOOSECOLS(_xlfn.TEXTSPLIT(track_deg_dec!M1961,","),2))*60, "") | Z1961: {=IF(track_deg_dec!N1961 <> "", _xlfn.CHOOSECOLS(_xlfn.TEXTSPLIT(track_deg_dec!N1961,","),1), "")} | AA1961: =IF(track_deg_dec!N1961 <> "", _xlfn.CONCAT("0,", _xlfn.CHOOSECOLS(_xlfn.TEXTSPLIT(track_deg_dec!N1961,","),2))*60, "") | AB1961: {=IF(track_deg_dec!O1961 <> "", _xlfn.CHOOSECOLS(_xlfn.TEXTSPLIT(track_deg_dec!O1961,","),1), "")} | AC1961: =IF(track_deg_dec!O1961 <> "", _xlfn.CONCAT("0,", _xlfn.CHOOSECOLS(_xlfn.TEXTSPLIT(track_deg_dec!O1961,","),2))*60, "") | AD1961: {=IF(track_deg_dec!P1961 <> "", _xlfn.CHOOSECOLS(_xlfn.TEXTSPLIT(track_deg_dec!P1961,","),1), "")} | AE1961: =IF(track_deg_dec!P1961 <> "", _xlfn.CONCAT("0,", _xlfn.CHOOSECOLS(_xlfn.TEXTSPLIT(track_deg_dec!P1961,","),2))*60, "") | AF1961: {=IF(track_deg_dec!Q1961 <> "", _xlfn.CHOOSECOLS(_xlfn.TEXTSPLIT(track_deg_dec!Q1961,","),1), "")} | AG1961: =IF(track_deg_dec!Q1961 <> "", _xlfn.CONCAT("0,", _xlfn.CHOOSECOLS(_xlfn.TEXTSPLIT(track_deg_dec!Q1961,","),2))*60, "") | AH1961: {=IF(track_deg_dec!R1961 <> "", _xlfn.CHOOSECOLS(_xlfn.TEXTSPLIT(track_deg_dec!R1961,","),1), "")} | AI1961: =IF(track_deg_dec!R1961 <> "", _xlfn.CONCAT("0,", _xlfn.CHOOSECOLS(_xlfn.TEXTSPLIT(track_deg_dec!R1961,","),2))*60, "") | AJ1961: {=IF(track_deg_dec!S1961 <> "", _xlfn.CHOOSECOLS(_xlfn.TEXTSPLIT(track_deg_dec!S1961,","),1), "")} | AK1961: =IF(track_deg_dec!S1961 <> "", _xlfn.CONCAT("0,", _xlfn.CHOOSECOLS(_xlfn.TEXTSPLIT(track_deg_dec!S1961,","),2))*60, "") | AL1961: {=IF(track_deg_dec!T1961 <> "", _xlfn.CHOOSECOLS(_xlfn.TEXTSPLIT(track_deg_dec!T1961,","),1), "")} | AM1961: =IF(track_deg_dec!T1961 <> "", _xlfn.CONCAT("0,", _xlfn.CHOOSECOLS(_xlfn.TEXTSPLIT(track_deg_dec!T1961,","),2))*60, "") | AN1961: {=IF(track_deg_dec!U1961 <> "", _xlfn.CHOOSECOLS(_xlfn.TEXTSPLIT(track_deg_dec!U1961,","),1), "")} | AO1961: =IF(track_deg_dec!U1961 <> "", _xlfn.CONCAT("0,", _xlfn.CHOOSECOLS(_xlfn.TEXTSPLIT(track_deg_dec!U1961,","),2))*60, "")
A1962: =IF(track_deg_dec!A1962 <> "", track_deg_dec!A1962, "") | C1962: =IF(track_deg_dec!B1962 <> "", _xlfn.CONCAT("0,", _xlfn.CHOOSECOLS(_xlfn.TEXTSPLIT(track_deg_dec!B1962,","),2))*60, "") | D1962: {=IF(track_deg_dec!C1962 <> "", _xlfn.CHOOSECOLS(_xlfn.TEXTSPLIT(track_deg_dec!C1962,","),1), "")} | E1962: =IF(track_deg_dec!C1962 <> "", _xlfn.CONCAT("0,", _xlfn.CHOOSECOLS(_xlfn.TEXTSPLIT(track_deg_dec!C1962,","),2))*60, "") | F1962: {=IF(track_deg_dec!D1962 <> "", _xlfn.CHOOSECOLS(_xlfn.TEXTSPLIT(track_deg_dec!D1962,","),1), "")} | G1962: =IF(track_deg_dec!D1962 <> "", _xlfn.CONCAT("0,", _xlfn.CHOOSECOLS(_xlfn.TEXTSPLIT(track_deg_dec!D1962,","),2))*60, "") | H1962: {=IF(track_deg_dec!E1962 <> "", _xlfn.CHOOSECOLS(_xlfn.TEXTSPLIT(track_deg_dec!E1962,","),1), "")} | I1962: =IF(track_deg_dec!E1962 <> "", _xlfn.CONCAT("0,", _xlfn.CHOOSECOLS(_xlfn.TEXTSPLIT(track_deg_dec!E1962,","),2))*60, "") | J1962: {=IF(track_deg_dec!F1962 <> "", _xlfn.CHOOSECOLS(_xlfn.TEXTSPLIT(track_deg_dec!F1962,","),1), "")} | K1962: =IF(track_deg_dec!F1962 <> "", _xlfn.CONCAT("0,", _xlfn.CHOOSECOLS(_xlfn.TEXTSPLIT(track_deg_dec!F1962,","),2))*60, "") | L1962: {=IF(track_deg_dec!G1962 <> "", _xlfn.CHOOSECOLS(_xlfn.TEXTSPLIT(track_deg_dec!G1962,","),1), "")} | M1962: =IF(track_deg_dec!G1962 <> "", _xlfn.CONCAT("0,", _xlfn.CHOOSECOLS(_xlfn.TEXTSPLIT(track_deg_dec!G1962,","),2))*60, "") | N1962: {=IF(track_deg_dec!H1962 <> "", _xlfn.CHOOSECOLS(_xlfn.TEXTSPLIT(track_deg_dec!H1962,","),1), "")} | O1962: =IF(track_deg_dec!H1962 <> "", _xlfn.CONCAT("0,", _xlfn.CHOOSECOLS(_xlfn.TEXTSPLIT(track_deg_dec!H1962,","),2))*60, "") | P1962: {=IF(track_deg_dec!I1962 <> "", _xlfn.CHOOSECOLS(_xlfn.TEXTSPLIT(track_deg_dec!I1962,","),1), "")} | Q1962: =IF(track_deg_dec!I1962 <> "", _xlfn.CONCAT("0,", _xlfn.CHOOSECOLS(_xlfn.TEXTSPLIT(track_deg_dec!I1962,","),2))*60, "") | R1962: {=IF(track_deg_dec!J1962 <> "", _xlfn.CHOOSECOLS(_xlfn.TEXTSPLIT(track_deg_dec!J1962,","),1), "")} | S1962: =IF(track_deg_dec!J1962 <> "", _xlfn.CONCAT("0,", _xlfn.CHOOSECOLS(_xlfn.TEXTSPLIT(track_deg_dec!J1962,","),2))*60, "") | T1962: {=IF(track_deg_dec!K1962 <> "", _xlfn.CHOOSECOLS(_xlfn.TEXTSPLIT(track_deg_dec!K1962,","),1), "")} | U1962: =IF(track_deg_dec!K1962 <> "", _xlfn.CONCAT("0,", _xlfn.CHOOSECOLS(_xlfn.TEXTSPLIT(track_deg_dec!K1962,","),2))*60, "") | V1962: {=IF(track_deg_dec!L1962 <> "", _xlfn.CHOOSECOLS(_xlfn.TEXTSPLIT(track_deg_dec!L1962,","),1), "")} | W1962: =IF(track_deg_dec!L1962 <> "", _xlfn.CONCAT("0,", _xlfn.CHOOSECOLS(_xlfn.TEXTSPLIT(track_deg_dec!L1962,","),2))*60, "") | X1962: {=IF(track_deg_dec!M1962 <> "", _xlfn.CHOOSECOLS(_xlfn.TEXTSPLIT(track_deg_dec!M1962,","),1), "")} | Y1962: =IF(track_deg_dec!M1962 <> "", _xlfn.CONCAT("0,", _xlfn.CHOOSECOLS(_xlfn.TEXTSPLIT(track_deg_dec!M1962,","),2))*60, "") | Z1962: {=IF(track_deg_dec!N1962 <> "", _xlfn.CHOOSECOLS(_xlfn.TEXTSPLIT(track_deg_dec!N1962,","),1), "")} | AA1962: =IF(track_deg_dec!N1962 <> "", _xlfn.CONCAT("0,", _xlfn.CHOOSECOLS(_xlfn.TEXTSPLIT(track_deg_dec!N1962,","),2))*60, "") | AB1962: {=IF(track_deg_dec!O1962 <> "", _xlfn.CHOOSECOLS(_xlfn.TEXTSPLIT(track_deg_dec!O1962,","),1), "")} | AC1962: =IF(track_deg_dec!O1962 <> "", _xlfn.CONCAT("0,", _xlfn.CHOOSECOLS(_xlfn.TEXTSPLIT(track_deg_dec!O1962,","),2))*60, "") | AD1962: {=IF(track_deg_dec!P1962 <> "", _xlfn.CHOOSECOLS(_xlfn.TEXTSPLIT(track_deg_dec!P1962,","),1), "")} | AE1962: =IF(track_deg_dec!P1962 <> "", _xlfn.CONCAT("0,", _xlfn.CHOOSECOLS(_xlfn.TEXTSPLIT(track_deg_dec!P1962,","),2))*60, "") | AF1962: {=IF(track_deg_dec!Q1962 <> "", _xlfn.CHOOSECOLS(_xlfn.TEXTSPLIT(track_deg_dec!Q1962,","),1), "")} | AG1962: =IF(track_deg_dec!Q1962 <> "", _xlfn.CONCAT("0,", _xlfn.CHOOSECOLS(_xlfn.TEXTSPLIT(track_deg_dec!Q1962,","),2))*60, "") | AH1962: {=IF(track_deg_dec!R1962 <> "", _xlfn.CHOOSECOLS(_xlfn.TEXTSPLIT(track_deg_dec!R1962,","),1), "")} | AI1962: =IF(track_deg_dec!R1962 <> "", _xlfn.CONCAT("0,", _xlfn.CHOOSECOLS(_xlfn.TEXTSPLIT(track_deg_dec!R1962,","),2))*60, "") | AJ1962: {=IF(track_deg_dec!S1962 <> "", _xlfn.CHOOSECOLS(_xlfn.TEXTSPLIT(track_deg_dec!S1962,","),1), "")} | AK1962: =IF(track_deg_dec!S1962 <> "", _xlfn.CONCAT("0,", _xlfn.CHOOSECOLS(_xlfn.TEXTSPLIT(track_deg_dec!S1962,","),2))*60, "") | AL1962: {=IF(track_deg_dec!T1962 <> "", _xlfn.CHOOSECOLS(_xlfn.TEXTSPLIT(track_deg_dec!T1962,","),1), "")} | AM1962: =IF(track_deg_dec!T1962 <> "", _xlfn.CONCAT("0,", _xlfn.CHOOSECOLS(_xlfn.TEXTSPLIT(track_deg_dec!T1962,","),2))*60, "") | AN1962: {=IF(track_deg_dec!U1962 <> "", _xlfn.CHOOSECOLS(_xlfn.TEXTSPLIT(track_deg_dec!U1962,","),1), "")} | AO1962: =IF(track_deg_dec!U1962 <> "", _xlfn.CONCAT("0,", _xlfn.CHOOSECOLS(_xlfn.TEXTSPLIT(track_deg_dec!U1962,","),2))*60, "")
A1963: =IF(track_deg_dec!A1963 <> "", track_deg_dec!A1963, "") | C1963: =IF(track_deg_dec!B1963 <> "", _xlfn.CONCAT("0,", _xlfn.CHOOSECOLS(_xlfn.TEXTSPLIT(track_deg_dec!B1963,","),2))*60, "") | D1963: {=IF(track_deg_dec!C1963 <> "", _xlfn.CHOOSECOLS(_xlfn.TEXTSPLIT(track_deg_dec!C1963,","),1), "")} | E1963: =IF(track_deg_dec!C1963 <> "", _xlfn.CONCAT("0,", _xlfn.CHOOSECOLS(_xlfn.TEXTSPLIT(track_deg_dec!C1963,","),2))*60, "") | F1963: {=IF(track_deg_dec!D1963 <> "", _xlfn.CHOOSECOLS(_xlfn.TEXTSPLIT(track_deg_dec!D1963,","),1), "")} | G1963: =IF(track_deg_dec!D1963 <> "", _xlfn.CONCAT("0,", _xlfn.CHOOSECOLS(_xlfn.TEXTSPLIT(track_deg_dec!D1963,","),2))*60, "") | H1963: {=IF(track_deg_dec!E1963 <> "", _xlfn.CHOOSECOLS(_xlfn.TEXTSPLIT(track_deg_dec!E1963,","),1), "")} | I1963: =IF(track_deg_dec!E1963 <> "", _xlfn.CONCAT("0,", _xlfn.CHOOSECOLS(_xlfn.TEXTSPLIT(track_deg_dec!E1963,","),2))*60, "") | J1963: {=IF(track_deg_dec!F1963 <> "", _xlfn.CHOOSECOLS(_xlfn.TEXTSPLIT(track_deg_dec!F1963,","),1), "")} | K1963: =IF(track_deg_dec!F1963 <> "", _xlfn.CONCAT("0,", _xlfn.CHOOSECOLS(_xlfn.TEXTSPLIT(track_deg_dec!F1963,","),2))*60, "") | L1963: {=IF(track_deg_dec!G1963 <> "", _xlfn.CHOOSECOLS(_xlfn.TEXTSPLIT(track_deg_dec!G1963,","),1), "")} | M1963: =IF(track_deg_dec!G1963 <> "", _xlfn.CONCAT("0,", _xlfn.CHOOSECOLS(_xlfn.TEXTSPLIT(track_deg_dec!G1963,","),2))*60, "") | N1963: {=IF(track_deg_dec!H1963 <> "", _xlfn.CHOOSECOLS(_xlfn.TEXTSPLIT(track_deg_dec!H1963,","),1), "")} | O1963: =IF(track_deg_dec!H1963 <> "", _xlfn.CONCAT("0,", _xlfn.CHOOSECOLS(_xlfn.TEXTSPLIT(track_deg_dec!H1963,","),2))*60, "") | P1963: {=IF(track_deg_dec!I1963 <> "", _xlfn.CHOOSECOLS(_xlfn.TEXTSPLIT(track_deg_dec!I1963,","),1), "")} | Q1963: =IF(track_deg_dec!I1963 <> "", _xlfn.CONCAT("0,", _xlfn.CHOOSECOLS(_xlfn.TEXTSPLIT(track_deg_dec!I1963,","),2))*60, "") | R1963: {=IF(track_deg_dec!J1963 <> "", _xlfn.CHOOSECOLS(_xlfn.TEXTSPLIT(track_deg_dec!J1963,","),1), "")} | S1963: =IF(track_deg_dec!J1963 <> "", _xlfn.CONCAT("0,", _xlfn.CHOOSECOLS(_xlfn.TEXTSPLIT(track_deg_dec!J1963,","),2))*60, "") | T1963: {=IF(track_deg_dec!K1963 <> "", _xlfn.CHOOSECOLS(_xlfn.TEXTSPLIT(track_deg_dec!K1963,","),1), "")} | U1963: =IF(track_deg_dec!K1963 <> "", _xlfn.CONCAT("0,", _xlfn.CHOOSECOLS(_xlfn.TEXTSPLIT(track_deg_dec!K1963,","),2))*60, "") | V1963: {=IF(track_deg_dec!L1963 <> "", _xlfn.CHOOSECOLS(_xlfn.TEXTSPLIT(track_deg_dec!L1963,","),1), "")} | W1963: =IF(track_deg_dec!L1963 <> "", _xlfn.CONCAT("0,", _xlfn.CHOOSECOLS(_xlfn.TEXTSPLIT(track_deg_dec!L1963,","),2))*60, "") | X1963: {=IF(track_deg_dec!M1963 <> "", _xlfn.CHOOSECOLS(_xlfn.TEXTSPLIT(track_deg_dec!M1963,","),1), "")} | Y1963: =IF(track_deg_dec!M1963 <> "", _xlfn.CONCAT("0,", _xlfn.CHOOSECOLS(_xlfn.TEXTSPLIT(track_deg_dec!M1963,","),2))*60, "") | Z1963: {=IF(track_deg_dec!N1963 <> "", _xlfn.CHOOSECOLS(_xlfn.TEXTSPLIT(track_deg_dec!N1963,","),1), "")} | AA1963: =IF(track_deg_dec!N1963 <> "", _xlfn.CONCAT("0,", _xlfn.CHOOSECOLS(_xlfn.TEXTSPLIT(track_deg_dec!N1963,","),2))*60, "") | AB1963: {=IF(track_deg_dec!O1963 <> "", _xlfn.CHOOSECOLS(_xlfn.TEXTSPLIT(track_deg_dec!O1963,","),1), "")} | AC1963: =IF(track_deg_dec!O1963 <> "", _xlfn.CONCAT("0,", _xlfn.CHOOSECOLS(_xlfn.TEXTSPLIT(track_deg_dec!O1963,","),2))*60, "") | AD1963: {=IF(track_deg_dec!P1963 <> "", _xlfn.CHOOSECOLS(_xlfn.TEXTSPLIT(track_deg_dec!P1963,","),1), "")} | AE1963: =IF(track_deg_dec!P1963 <> "", _xlfn.CONCAT("0,", _xlfn.CHOOSECOLS(_xlfn.TEXTSPLIT(track_deg_dec!P1963,","),2))*60, "") | AF1963: {=IF(track_deg_dec!Q1963 <> "", _xlfn.CHOOSECOLS(_xlfn.TEXTSPLIT(track_deg_dec!Q1963,","),1), "")} | AG1963: =IF(track_deg_dec!Q1963 <> "", _xlfn.CONCAT("0,", _xlfn.CHOOSECOLS(_xlfn.TEXTSPLIT(track_deg_dec!Q1963,","),2))*60, "") | AH1963: {=IF(track_deg_dec!R1963 <> "", _xlfn.CHOOSECOLS(_xlfn.TEXTSPLIT(track_deg_dec!R1963,","),1), "")} | AI1963: =IF(track_deg_dec!R1963 <> "", _xlfn.CONCAT("0,", _xlfn.CHOOSECOLS(_xlfn.TEXTSPLIT(track_deg_dec!R1963,","),2))*60, "") | AJ1963: {=IF(track_deg_dec!S1963 <> "", _xlfn.CHOOSECOLS(_xlfn.TEXTSPLIT(track_deg_dec!S1963,","),1), "")} | AK1963: =IF(track_deg_dec!S1963 <> "", _xlfn.CONCAT("0,", _xlfn.CHOOSECOLS(_xlfn.TEXTSPLIT(track_deg_dec!S1963,","),2))*60, "") | AL1963: {=IF(track_deg_dec!T1963 <> "", _xlfn.CHOOSECOLS(_xlfn.TEXTSPLIT(track_deg_dec!T1963,","),1), "")} | AM1963: =IF(track_deg_dec!T1963 <> "", _xlfn.CONCAT("0,", _xlfn.CHOOSECOLS(_xlfn.TEXTSPLIT(track_deg_dec!T1963,","),2))*60, "") | AN1963: {=IF(track_deg_dec!U1963 <> "", _xlfn.CHOOSECOLS(_xlfn.TEXTSPLIT(track_deg_dec!U1963,","),1), "")} | AO1963: =IF(track_deg_dec!U1963 <> "", _xlfn.CONCAT("0,", _xlfn.CHOOSECOLS(_xlfn.TEXTSPLIT(track_deg_dec!U1963,","),2))*60, "")
A1964: =IF(track_deg_dec!A1964 <> "", track_deg_dec!A1964, "") | C1964: =IF(track_deg_dec!B1964 <> "", _xlfn.CONCAT("0,", _xlfn.CHOOSECOLS(_xlfn.TEXTSPLIT(track_deg_dec!B1964,","),2))*60, "") | D1964: {=IF(track_deg_dec!C1964 <> "", _xlfn.CHOOSECOLS(_xlfn.TEXTSPLIT(track_deg_dec!C1964,","),1), "")} | E1964: =IF(track_deg_dec!C1964 <> "", _xlfn.CONCAT("0,", _xlfn.CHOOSECOLS(_xlfn.TEXTSPLIT(track_deg_dec!C1964,","),2))*60, "") | F1964: {=IF(track_deg_dec!D1964 <> "", _xlfn.CHOOSECOLS(_xlfn.TEXTSPLIT(track_deg_dec!D1964,","),1), "")} | G1964: =IF(track_deg_dec!D1964 <> "", _xlfn.CONCAT("0,", _xlfn.CHOOSECOLS(_xlfn.TEXTSPLIT(track_deg_dec!D1964,","),2))*60, "") | H1964: {=IF(track_deg_dec!E1964 <> "", _xlfn.CHOOSECOLS(_xlfn.TEXTSPLIT(track_deg_dec!E1964,","),1), "")} | I1964: =IF(track_deg_dec!E1964 <> "", _xlfn.CONCAT("0,", _xlfn.CHOOSECOLS(_xlfn.TEXTSPLIT(track_deg_dec!E1964,","),2))*60, "") | J1964: {=IF(track_deg_dec!F1964 <> "", _xlfn.CHOOSECOLS(_xlfn.TEXTSPLIT(track_deg_dec!F1964,","),1), "")} | K1964: =IF(track_deg_dec!F1964 <> "", _xlfn.CONCAT("0,", _xlfn.CHOOSECOLS(_xlfn.TEXTSPLIT(track_deg_dec!F1964,","),2))*60, "") | L1964: {=IF(track_deg_dec!G1964 <> "", _xlfn.CHOOSECOLS(_xlfn.TEXTSPLIT(track_deg_dec!G1964,","),1), "")} | M1964: =IF(track_deg_dec!G1964 <> "", _xlfn.CONCAT("0,", _xlfn.CHOOSECOLS(_xlfn.TEXTSPLIT(track_deg_dec!G1964,","),2))*60, "") | N1964: {=IF(track_deg_dec!H1964 <> "", _xlfn.CHOOSECOLS(_xlfn.TEXTSPLIT(track_deg_dec!H1964,","),1), "")} | O1964: =IF(track_deg_dec!H1964 <> "", _xlfn.CONCAT("0,", _xlfn.CHOOSECOLS(_xlfn.TEXTSPLIT(track_deg_dec!H1964,","),2))*60, "") | P1964: {=IF(track_deg_dec!I1964 <> "", _xlfn.CHOOSECOLS(_xlfn.TEXTSPLIT(track_deg_dec!I1964,","),1), "")} | Q1964: =IF(track_deg_dec!I1964 <> "", _xlfn.CONCAT("0,", _xlfn.CHOOSECOLS(_xlfn.TEXTSPLIT(track_deg_dec!I1964,","),2))*60, "") | R1964: {=IF(track_deg_dec!J1964 <> "", _xlfn.CHOOSECOLS(_xlfn.TEXTSPLIT(track_deg_dec!J1964,","),1), "")} | S1964: =IF(track_deg_dec!J1964 <> "", _xlfn.CONCAT("0,", _xlfn.CHOOSECOLS(_xlfn.TEXTSPLIT(track_deg_dec!J1964,","),2))*60, "") | T1964: {=IF(track_deg_dec!K1964 <> "", _xlfn.CHOOSECOLS(_xlfn.TEXTSPLIT(track_deg_dec!K1964,","),1), "")} | U1964: =IF(track_deg_dec!K1964 <> "", _xlfn.CONCAT("0,", _xlfn.CHOOSECOLS(_xlfn.TEXTSPLIT(track_deg_dec!K1964,","),2))*60, "") | V1964: {=IF(track_deg_dec!L1964 <> "", _xlfn.CHOOSECOLS(_xlfn.TEXTSPLIT(track_deg_dec!L1964,","),1), "")} | W1964: =IF(track_deg_dec!L1964 <> "", _xlfn.CONCAT("0,", _xlfn.CHOOSECOLS(_xlfn.TEXTSPLIT(track_deg_dec!L1964,","),2))*60, "") | X1964: {=IF(track_deg_dec!M1964 <> "", _xlfn.CHOOSECOLS(_xlfn.TEXTSPLIT(track_deg_dec!M1964,","),1), "")} | Y1964: =IF(track_deg_dec!M1964 <> "", _xlfn.CONCAT("0,", _xlfn.CHOOSECOLS(_xlfn.TEXTSPLIT(track_deg_dec!M1964,","),2))*60, "") | Z1964: {=IF(track_deg_dec!N1964 <> "", _xlfn.CHOOSECOLS(_xlfn.TEXTSPLIT(track_deg_dec!N1964,","),1), "")} | AA1964: =IF(track_deg_dec!N1964 <> "", _xlfn.CONCAT("0,", _xlfn.CHOOSECOLS(_xlfn.TEXTSPLIT(track_deg_dec!N1964,","),2))*60, "") | AB1964: {=IF(track_deg_dec!O1964 <> "", _xlfn.CHOOSECOLS(_xlfn.TEXTSPLIT(track_deg_dec!O1964,","),1), "")} | AC1964: =IF(track_deg_dec!O1964 <> "", _xlfn.CONCAT("0,", _xlfn.CHOOSECOLS(_xlfn.TEXTSPLIT(track_deg_dec!O1964,","),2))*60, "") | AD1964: {=IF(track_deg_dec!P1964 <> "", _xlfn.CHOOSECOLS(_xlfn.TEXTSPLIT(track_deg_dec!P1964,","),1), "")} | AE1964: =IF(track_deg_dec!P1964 <> "", _xlfn.CONCAT("0,", _xlfn.CHOOSECOLS(_xlfn.TEXTSPLIT(track_deg_dec!P1964,","),2))*60, "") | AF1964: {=IF(track_deg_dec!Q1964 <> "", _xlfn.CHOOSECOLS(_xlfn.TEXTSPLIT(track_deg_dec!Q1964,","),1), "")} | AG1964: =IF(track_deg_dec!Q1964 <> "", _xlfn.CONCAT("0,", _xlfn.CHOOSECOLS(_xlfn.TEXTSPLIT(track_deg_dec!Q1964,","),2))*60, "") | AH1964: {=IF(track_deg_dec!R1964 <> "", _xlfn.CHOOSECOLS(_xlfn.TEXTSPLIT(track_deg_dec!R1964,","),1), "")} | AI1964: =IF(track_deg_dec!R1964 <> "", _xlfn.CONCAT("0,", _xlfn.CHOOSECOLS(_xlfn.TEXTSPLIT(track_deg_dec!R1964,","),2))*60, "") | AJ1964: {=IF(track_deg_dec!S1964 <> "", _xlfn.CHOOSECOLS(_xlfn.TEXTSPLIT(track_deg_dec!S1964,","),1), "")} | AK1964: =IF(track_deg_dec!S1964 <> "", _xlfn.CONCAT("0,", _xlfn.CHOOSECOLS(_xlfn.TEXTSPLIT(track_deg_dec!S1964,","),2))*60, "") | AL1964: {=IF(track_deg_dec!T1964 <> "", _xlfn.CHOOSECOLS(_xlfn.TEXTSPLIT(track_deg_dec!T1964,","),1), "")} | AM1964: =IF(track_deg_dec!T1964 <> "", _xlfn.CONCAT("0,", _xlfn.CHOOSECOLS(_xlfn.TEXTSPLIT(track_deg_dec!T1964,","),2))*60, "") | AN1964: {=IF(track_deg_dec!U1964 <> "", _xlfn.CHOOSECOLS(_xlfn.TEXTSPLIT(track_deg_dec!U1964,","),1), "")} | AO1964: =IF(track_deg_dec!U1964 <> "", _xlfn.CONCAT("0,", _xlfn.CHOOSECOLS(_xlfn.TEXTSPLIT(track_deg_dec!U1964,","),2))*60, "")
A1965: =IF(track_deg_dec!A1965 <> "", track_deg_dec!A1965, "") | C1965: =IF(track_deg_dec!B1965 <> "", _xlfn.CONCAT("0,", _xlfn.CHOOSECOLS(_xlfn.TEXTSPLIT(track_deg_dec!B1965,","),2))*60, "") | D1965: {=IF(track_deg_dec!C1965 <> "", _xlfn.CHOOSECOLS(_xlfn.TEXTSPLIT(track_deg_dec!C1965,","),1), "")} | E1965: =IF(track_deg_dec!C1965 <> "", _xlfn.CONCAT("0,", _xlfn.CHOOSECOLS(_xlfn.TEXTSPLIT(track_deg_dec!C1965,","),2))*60, "") | F1965: {=IF(track_deg_dec!D1965 <> "", _xlfn.CHOOSECOLS(_xlfn.TEXTSPLIT(track_deg_dec!D1965,","),1), "")} | G1965: =IF(track_deg_dec!D1965 <> "", _xlfn.CONCAT("0,", _xlfn.CHOOSECOLS(_xlfn.TEXTSPLIT(track_deg_dec!D1965,","),2))*60, "") | H1965: {=IF(track_deg_dec!E1965 <> "", _xlfn.CHOOSECOLS(_xlfn.TEXTSPLIT(track_deg_dec!E1965,","),1), "")} | I1965: =IF(track_deg_dec!E1965 <> "", _xlfn.CONCAT("0,", _xlfn.CHOOSECOLS(_xlfn.TEXTSPLIT(track_deg_dec!E1965,","),2))*60, "") | J1965: {=IF(track_deg_dec!F1965 <> "", _xlfn.CHOOSECOLS(_xlfn.TEXTSPLIT(track_deg_dec!F1965,","),1), "")} | K1965: =IF(track_deg_dec!F1965 <> "", _xlfn.CONCAT("0,", _xlfn.CHOOSECOLS(_xlfn.TEXTSPLIT(track_deg_dec!F1965,","),2))*60, "") | L1965: {=IF(track_deg_dec!G1965 <> "", _xlfn.CHOOSECOLS(_xlfn.TEXTSPLIT(track_deg_dec!G1965,","),1), "")} | M1965: =IF(track_deg_dec!G1965 <> "", _xlfn.CONCAT("0,", _xlfn.CHOOSECOLS(_xlfn.TEXTSPLIT(track_deg_dec!G1965,","),2))*60, "") | N1965: {=IF(track_deg_dec!H1965 <> "", _xlfn.CHOOSECOLS(_xlfn.TEXTSPLIT(track_deg_dec!H1965,","),1), "")} | O1965: =IF(track_deg_dec!H1965 <> "", _xlfn.CONCAT("0,", _xlfn.CHOOSECOLS(_xlfn.TEXTSPLIT(track_deg_dec!H1965,","),2))*60, "") | P1965: {=IF(track_deg_dec!I1965 <> "", _xlfn.CHOOSECOLS(_xlfn.TEXTSPLIT(track_deg_dec!I1965,","),1), "")} | Q1965: =IF(track_deg_dec!I1965 <> "", _xlfn.CONCAT("0,", _xlfn.CHOOSECOLS(_xlfn.TEXTSPLIT(track_deg_dec!I1965,","),2))*60, "") | R1965: {=IF(track_deg_dec!J1965 <> "", _xlfn.CHOOSECOLS(_xlfn.TEXTSPLIT(track_deg_dec!J1965,","),1), "")} | S1965: =IF(track_deg_dec!J1965 <> "", _xlfn.CONCAT("0,", _xlfn.CHOOSECOLS(_xlfn.TEXTSPLIT(track_deg_dec!J1965,","),2))*60, "") | T1965: {=IF(track_deg_dec!K1965 <> "", _xlfn.CHOOSECOLS(_xlfn.TEXTSPLIT(track_deg_dec!K1965,","),1), "")} | U1965: =IF(track_deg_dec!K1965 <> "", _xlfn.CONCAT("0,", _xlfn.CHOOSECOLS(_xlfn.TEXTSPLIT(track_deg_dec!K1965,","),2))*60, "") | V1965: {=IF(track_deg_dec!L1965 <> "", _xlfn.CHOOSECOLS(_xlfn.TEXTSPLIT(track_deg_dec!L1965,","),1), "")} | W1965: =IF(track_deg_dec!L1965 <> "", _xlfn.CONCAT("0,", _xlfn.CHOOSECOLS(_xlfn.TEXTSPLIT(track_deg_dec!L1965,","),2))*60, "") | X1965: {=IF(track_deg_dec!M1965 <> "", _xlfn.CHOOSECOLS(_xlfn.TEXTSPLIT(track_deg_dec!M1965,","),1), "")} | Y1965: =IF(track_deg_dec!M1965 <> "", _xlfn.CONCAT("0,", _xlfn.CHOOSECOLS(_xlfn.TEXTSPLIT(track_deg_dec!M1965,","),2))*60, "") | Z1965: {=IF(track_deg_dec!N1965 <> "", _xlfn.CHOOSECOLS(_xlfn.TEXTSPLIT(track_deg_dec!N1965,","),1), "")} | AA1965: =IF(track_deg_dec!N1965 <> "", _xlfn.CONCAT("0,", _xlfn.CHOOSECOLS(_xlfn.TEXTSPLIT(track_deg_dec!N1965,","),2))*60, "") | AB1965: {=IF(track_deg_dec!O1965 <> "", _xlfn.CHOOSECOLS(_xlfn.TEXTSPLIT(track_deg_dec!O1965,","),1), "")} | AC1965: =IF(track_deg_dec!O1965 <> "", _xlfn.CONCAT("0,", _xlfn.CHOOSECOLS(_xlfn.TEXTSPLIT(track_deg_dec!O1965,","),2))*60, "") | AD1965: {=IF(track_deg_dec!P1965 <> "", _xlfn.CHOOSECOLS(_xlfn.TEXTSPLIT(track_deg_dec!P1965,","),1), "")} | AE1965: =IF(track_deg_dec!P1965 <> "", _xlfn.CONCAT("0,", _xlfn.CHOOSECOLS(_xlfn.TEXTSPLIT(track_deg_dec!P1965,","),2))*60, "") | AF1965: {=IF(track_deg_dec!Q1965 <> "", _xlfn.CHOOSECOLS(_xlfn.TEXTSPLIT(track_deg_dec!Q1965,","),1), "")} | AG1965: =IF(track_deg_dec!Q1965 <> "", _xlfn.CONCAT("0,", _xlfn.CHOOSECOLS(_xlfn.TEXTSPLIT(track_deg_dec!Q1965,","),2))*60, "") | AH1965: {=IF(track_deg_dec!R1965 <> "", _xlfn.CHOOSECOLS(_xlfn.TEXTSPLIT(track_deg_dec!R1965,","),1), "")} | AI1965: =IF(track_deg_dec!R1965 <> "", _xlfn.CONCAT("0,", _xlfn.CHOOSECOLS(_xlfn.TEXTSPLIT(track_deg_dec!R1965,","),2))*60, "") | AJ1965: {=IF(track_deg_dec!S1965 <> "", _xlfn.CHOOSECOLS(_xlfn.TEXTSPLIT(track_deg_dec!S1965,","),1), "")} | AK1965: =IF(track_deg_dec!S1965 <> "", _xlfn.CONCAT("0,", _xlfn.CHOOSECOLS(_xlfn.TEXTSPLIT(track_deg_dec!S1965,","),2))*60, "") | AL1965: {=IF(track_deg_dec!T1965 <> "", _xlfn.CHOOSECOLS(_xlfn.TEXTSPLIT(track_deg_dec!T1965,","),1), "")} | AM1965: =IF(track_deg_dec!T1965 <> "", _xlfn.CONCAT("0,", _xlfn.CHOOSECOLS(_xlfn.TEXTSPLIT(track_deg_dec!T1965,","),2))*60, "") | AN1965: {=IF(track_deg_dec!U1965 <> "", _xlfn.CHOOSECOLS(_xlfn.TEXTSPLIT(track_deg_dec!U1965,","),1), "")} | AO1965: =IF(track_deg_dec!U1965 <> "", _xlfn.CONCAT("0,", _xlfn.CHOOSECOLS(_xlfn.TEXTSPLIT(track_deg_dec!U1965,","),2))*60, "")
... A2000: =IF(track_deg_dec!A2000 <> "", track_deg_dec!A2000, "") | C2000: =IF(track_deg_dec!B2000 <> "", _xlfn.CONCAT("0,", _xlfn.CHOOSECOLS(_xlfn.TEXTSPLIT(track_deg_dec!B2000,","),2))*60, "") | D2000: {=IF(track_deg_dec!C2000 <> "", _xlfn.CHOOSECOLS(_xlfn.TEXTSPLIT(track_deg_dec!C2000,","),1), "")} | E2000: =IF(track_deg_dec!C2000 <> "", _xlfn.CONCAT("0,", _xlfn.CHOOSECOLS(_xlfn.TEXTSPLIT(track_deg_dec!C2000,","),2))*60, "") | F2000: {=IF(track_deg_dec!D2000 <> "", _xlfn.CHOOSECOLS(_xlfn.TEXTSPLIT(track_deg_dec!D2000,","),1), "")} | G2000: =IF(track_deg_dec!D2000 <> "", _xlfn.CONCAT("0,", _xlfn.CHOOSECOLS(_xlfn.TEXTSPLIT(track_deg_dec!D2000,","),2))*60, "") | H2000: {=IF(track_deg_dec!E2000 <> "", _xlfn.CHOOSECOLS(_xlfn.TEXTSPLIT(track_deg_dec!E2000,","),1), "")} | I2000: =IF(track_deg_dec!E2000 <> "", _xlfn.CONCAT("0,", _xlfn.CHOOSECOLS(_xlfn.TEXTSPLIT(track_deg_dec!E2000,","),2))*60, "") | J2000: {=IF(track_deg_dec!F2000 <> "", _xlfn.CHOOSECOLS(_xlfn.TEXTSPLIT(track_deg_dec!F2000,","),1), "")} | K2000: =IF(track_deg_dec!F2000 <> "", _xlfn.CONCAT("0,", _xlfn.CHOOSECOLS(_xlfn.TEXTSPLIT(track_deg_dec!F2000,","),2))*60, "") | L2000: {=IF(track_deg_dec!G2000 <> "", _xlfn.CHOOSECOLS(_xlfn.TEXTSPLIT(track_deg_dec!G2000,","),1), "")} | M2000: =IF(track_deg_dec!G2000 <> "", _xlfn.CONCAT("0,", _xlfn.CHOOSECOLS(_xlfn.TEXTSPLIT(track_deg_dec!G2000,","),2))*60, "") | N2000: {=IF(track_deg_dec!H2000 <> "", _xlfn.CHOOSECOLS(_xlfn.TEXTSPLIT(track_deg_dec!H2000,","),1), "")} | O2000: =IF(track_deg_dec!H2000 <> "", _xlfn.CONCAT("0,", _xlfn.CHOOSECOLS(_xlfn.TEXTSPLIT(track_deg_dec!H2000,","),2))*60, "") | P2000: {=IF(track_deg_dec!I2000 <> "", _xlfn.CHOOSECOLS(_xlfn.TEXTSPLIT(track_deg_dec!I2000,","),1), "")} | Q2000: =IF(track_deg_dec!I2000 <> "", _xlfn.CONCAT("0,", _xlfn.CHOOSECOLS(_xlfn.TEXTSPLIT(track_deg_dec!I2000,","),2))*60, "") | R2000: {=IF(track_deg_dec!J2000 <> "", _xlfn.CHOOSECOLS(_xlfn.TEXTSPLIT(track_deg_dec!J2000,","),1), "")} | S2000: =IF(track_deg_dec!J2000 <> "", _xlfn.CONCAT("0,", _xlfn.CHOOSECOLS(_xlfn.TEXTSPLIT(track_deg_dec!J2000,","),2))*60, "") | T2000: {=IF(track_deg_dec!K2000 <> "", _xlfn.CHOOSECOLS(_xlfn.TEXTSPLIT(track_deg_dec!K2000,","),1), "")} | U2000: =IF(track_deg_dec!K2000 <> "", _xlfn.CONCAT("0,", _xlfn.CHOOSECOLS(_xlfn.TEXTSPLIT(track_deg_dec!K2000,","),2))*60, "") | V2000: {=IF(track_deg_dec!L2000 <> "", _xlfn.CHOOSECOLS(_xlfn.TEXTSPLIT(track_deg_dec!L2000,","),1), "")} | W2000: =IF(track_deg_dec!L2000 <> "", _xlfn.CONCAT("0,", _xlfn.CHOOSECOLS(_xlfn.TEXTSPLIT(track_deg_dec!L2000,","),2))*60, "") | X2000: {=IF(track_deg_dec!M2000 <> "", _xlfn.CHOOSECOLS(_xlfn.TEXTSPLIT(track_deg_dec!M2000,","),1), "")} | Y2000: =IF(track_deg_dec!M2000 <> "", _xlfn.CONCAT("0,", _xlfn.CHOOSECOLS(_xlfn.TEXTSPLIT(track_deg_dec!M2000,","),2))*60, "") | Z2000: {=IF(track_deg_dec!N2000 <> "", _xlfn.CHOOSECOLS(_xlfn.TEXTSPLIT(track_deg_dec!N2000,","),1), "")} | AA2000: =IF(track_deg_dec!N2000 <> "", _xlfn.CONCAT("0,", _xlfn.CHOOSECOLS(_xlfn.TEXTSPLIT(track_deg_dec!N2000,","),2))*60, "") | AB2000: {=IF(track_deg_dec!O2000 <> "", _xlfn.CHOOSECOLS(_xlfn.TEXTSPLIT(track_deg_dec!O2000,","),1), "")} | AC2000: =IF(track_deg_dec!O2000 <> "", _xlfn.CONCAT("0,", _xlfn.CHOOSECOLS(_xlfn.TEXTSPLIT(track_deg_dec!O2000,","),2))*60, "") | AD2000: {=IF(track_deg_dec!P2000 <> "", _xlfn.CHOOSECOLS(_xlfn.TEXTSPLIT(track_deg_dec!P2000,","),1), "")} | AE2000: =IF(track_deg_dec!P2000 <> "", _xlfn.CONCAT("0,", _xlfn.CHOOSECOLS(_xlfn.TEXTSPLIT(track_deg_dec!P2000,","),2))*60, "") | AF2000: {=IF(track_deg_dec!Q2000 <> "", _xlfn.CHOOSECOLS(_xlfn.TEXTSPLIT(track_deg_dec!Q2000,","),1), "")} | AG2000: =IF(track_deg_dec!Q2000 <> "", _xlfn.CONCAT("0,", _xlfn.CHOOSECOLS(_xlfn.TEXTSPLIT(track_deg_dec!Q2000,","),2))*60, "") | AH2000: {=IF(track_deg_dec!R2000 <> "", _xlfn.CHOOSECOLS(_xlfn.TEXTSPLIT(track_deg_dec!R2000,","),1), "")} | AI2000: =IF(track_deg_dec!R2000 <> "", _xlfn.CONCAT("0,", _xlfn.CHOOSECOLS(_xlfn.TEXTSPLIT(track_deg_dec!R2000,","),2))*60, "") | AJ2000: {=IF(track_deg_dec!S2000 <> "", _xlfn.CHOOSECOLS(_xlfn.TEXTSPLIT(track_deg_dec!S2000,","),1), "")} | AK2000: =IF(track_deg_dec!S2000 <> "", _xlfn.CONCAT("0,", _xlfn.CHOOSECOLS(_xlfn.TEXTSPLIT(track_deg_dec!S2000,","),2))*60, "") | AL2000: {=IF(track_deg_dec!T2000 <> "", _xlfn.CHOOSECOLS(_xlfn.TEXTSPLIT(track_deg_dec!T2000,","),1), "")} | AM2000: =IF(track_deg_dec!T2000 <> "", _xlfn.CONCAT("0,", _xlfn.CHOOSECOLS(_xlfn.TEXTSPLIT(track_deg_dec!T2000,","),2))*60, "") | AN2000: {=IF(track_deg_dec!U2000 <> "", _xlfn.CHOOSECOLS(_xlfn.TEXTSPLIT(track_deg_dec!U2000,","),1), "")} | AO2000: =IF(track_deg_dec!U2000 <> "", _xlfn.CONCAT("0,", _xlfn.CHOOSECOLS(_xlfn.TEXTSPLIT(track_deg_dec!U2000,","),2))*60, "")
