Workbook

Sheet Cover sheet
A2: Year | B2: 2022
A3: Quarter | B3: 1

Sheet PlannedStations
A1: ID | C1: Country | D1: Vessel | E1: Quarter | F1: AreaSection | G1: Year | H1: PlannedNumberOfHauls
A2: =CONCATENATE(C2,B2,E2) -> Germany (SD 21-24)1 | B2: =IF(F2=2224," (SD 21-24)"," (SD 25-32)") -> (SD 21-24) | C2: Germany | D2: Solea | E2: 1 | F2: 2224 | G2: 2022 | H2: 60
A3: =CONCATENATE(C3,B3,E3) -> Denmark (SD 21-24)1 | B3: =IF(F3=2224," (SD 21-24)"," (SD 25-32)") -> (SD 21-24) | C3: Denmark | D3: Havfisken | E3: 1 | F3: 2224 | G3: 2022 | H3: 30
A4: =CONCATENATE(C4,B4,E4) -> Poland (SD 21-24)1 | B4: =IF(F4=2224," (SD 21-24)"," (SD 25-32)") -> (SD 21-24) | C4: Poland | D4: Baltica | E4: 1 | F4: 2224 | G4: 2022 | H4: 0
A5: =CONCATENATE(C5,B5,E5) -> Denmark (SD 25-32)1 | B5: =IF(F5=2224," (SD 21-24)"," (SD 25-32)") -> (SD 25-32) | C5: Denmark | D5: Dana | E5: 1 | F5: 2528 | G5: 2022 | H5: 55
A6: =CONCATENATE(C6,B6,E6) -> Estonia (SD 25-32)1 | B6: =IF(F6=2224," (SD 21-24)"," (SD 25-32)") -> (SD 25-32) | C6: Estonia | D6: Commercial vessel | E6: 1 | F6: 2528 | G6: 2022 | H6: 0
A7: =CONCATENATE(C7,B7,E7) -> Latvia (SD 25-32)1 | B7: =IF(F7=2224," (SD 21-24)"," (SD 25-32)") -> (SD 25-32) | C7: Latvia | D7: Chartered vessel | E7: 1 | F7: 2528 | G7: 2022 | H7: 25
A8: =CONCATENATE(C8,B8,E8) -> Lithuania (SD 25-32)1 | B8: =IF(F8=2224," (SD 21-24)"," (SD 25-32)") -> (SD 25-32) | C8: Lithuania | D8: Chartered vessel | E8: 1 | F8: 2528 | G8: 2022 | H8: 6
A9: =CONCATENATE(C9,B9,E9) -> Poland (SD 25-32)1 | B9: =IF(F9=2224," (SD 21-24)"," (SD 25-32)") -> (SD 25-32) | C9: Poland | D9: Baltica | E9: 1 | F9: 2528 | G9: 2022 | H9: 70
A10: =CONCATENATE(C10,B10,E10) -> Russia (SD 25-32)1 | B10: =IF(F10=2224," (SD 21-24)"," (SD 25-32)") -> (SD 25-32) | C10: Russia | D10: Atlantniro/Atlantida | E10: 1 | F10: 2528 | G10: 2022 | H10: 0
A11: =CONCATENATE(C11,B11,E11) -> Sweden (SD 25-32)1 | B11: =IF(F11=2224," (SD 21-24)"," (SD 25-32)") -> (SD 25-32) | C11: Sweden | D11: Svea | E11: 1 | F11: 2528 | G11: 2022 | H11: 50
A12: =CONCATENATE(C12,B12,E12) -> (SD 25-32) | B12: =IF(F12=2224," (SD 21-24)"," (SD 25-32)") -> (SD 25-32)
A13: =CONCATENATE(C13,B13,E13) -> (SD 25-32) | B13: =IF(F13=2224," (SD 21-24)"," (SD 25-32)") -> (SD 25-32)
A14: =CONCATENATE(C14,B14,E14) -> (SD 25-32) | B14: =IF(F14=2224," (SD 21-24)"," (SD 25-32)") -> (SD 25-32)
A15: =CONCATENATE(C15,B15,E15) -> (SD 25-32) | B15: =IF(F15=2224," (SD 21-24)"," (SD 25-32)") -> (SD 25-32)
A16: =CONCATENATE(C16,B16,E16) -> (SD 25-32) | B16: =IF(F16=2224," (SD 21-24)"," (SD 25-32)") -> (SD 25-32)
A17: =CONCATENATE(C17,B17,E17) -> (SD 25-32) | B17: =IF(F17=2224," (SD 21-24)"," (SD 25-32)") -> (SD 25-32)
A18: =CONCATENATE(C18,B18,E18) -> (SD 25-32) | B18: =IF(F18=2224," (SD 21-24)"," (SD 25-32)") -> (SD 25-32)
A19: =CONCATENATE(C19,B19,E19) -> (SD 25-32) | B19: =IF(F19=2224," (SD 21-24)"," (SD 25-32)") -> (SD 25-32)
A20: =CONCATENATE(C20,B20,E20) -> (SD 25-32) | B20: =IF(F20=2224," (SD 21-24)"," (SD 25-32)") -> (SD 25-32)
A21: =CONCATENATE(C21,B21,E21) -> (SD 25-32) | B21: =IF(F21=2224," (SD 21-24)"," (SD 25-32)") -> (SD 25-32)
A22: =CONCATENATE(C22,B22,E22) -> (SD 25-32) | B22: =IF(F22=2224," (SD 21-24)"," (SD 25-32)") -> (SD 25-32)
A23: =CONCATENATE(C23,B23,E23) -> (SD 25-32) | B23: =IF(F23=2224," (SD 21-24)"," (SD 25-32)") -> (SD 25-32)

Sheet Final list of total hauls pros
A1: NrHaul | B1: RectangleAlpha | C1: ICES.SD | D1: Latitude1_deg | E1: Latitude1_dec_min | F1: Longitude1_deg | G1: Longitude1_dec_min | H1: Layer | I1: EEZ | J1: Latitude1_deg_dec | K1: Longitude1_deg_dec | L1: codstock | M1: country
A2: 22002 | B2: 37G1 | C2: 22 | D2: 54 | E2: 11.27 | F2: 11 | G2: 55.26 | H2: 2 | I2: GFR | J2: 54.187833 | K2: 11.921 | L2: 21-24 | M2: GFR (SD 21-24)
A3: 22008 | B3: 37G1 | C3: 22 | D3: 54 | E3: 20.8 | F3: 11 | G3: 55.3 | H3: 2 | I3: GFR | J3: 54.346667 | K3: 11.921667 | L3: 21-24 | M3: GFR (SD 21-24)
A4: 22018 | B4: 39G1 | C4: 22 | D4: 55 | E4: 4.2 | F4: 11 | G4: 4.1 | H4: 2 | I4: DEN | J4: 55.07 | K4: 11.068333 | L4: 21-24 | M4: DEN (SD 21-24)
A5: 22020 | B5: 39G0 | C5: 22 | D5: 55 | E5: 12.7 | F5: 10 | G5: 56.3 | H5: 2 | I5: DEN | J5: 55.211667 | K5: 10.938333 | L5: 21-24 | M5: DEN (SD 21-24)
A6: 22023 | B6: 39G1 | C6: 22 | D6: 55 | E6: 18.47 | F6: 11 | G6: 1.28 | H6: 2 | I6: DEN | J6: 55.307833 | K6: 11.021333 | L6: 21-24 | M6: DEN (SD 21-24)
A7: 22024 | B7: 39F9 | C7: 22 | D7: 55 | E7: 21.9 | F7: 9 | G7: 45.16 | H7: 2 | I7: DEN | J7: 55.365 | K7: 9.7526667 | L7: 21-24 | M7: DEN (SD 21-24)
A8: 22025 | B8: 39G0 | C8: 22 | D8: 55 | E8: 23.14 | F8: 10 | G8: 50.56 | H8: 2 | I8: DEN | J8: 55.385667 | K8: 10.842667 | L8: 21-24 | M8: DEN (SD 21-24)
A9: 22026 | B9: 39G0 | C9: 22 | D9: 55 | E9: 25.4 | F9: 10 | G9: 46 | H9: 2 | I9: DEN | J9: 55.423333 | K9: 10.766667 | L9: 21-24 | M9: DEN (SD 21-24)
A10: 22027 | B10: 40G0 | C10: 22 | D10: 55 | E10: 38.1 | F10: 10 | G10: 0.4 | H10: 2 | I10: DEN | J10: 55.635 | K10: 10.006667 | L10: 21-24 | M10: DEN (SD 21-24)
A11: 22032 | B11: 40G0 | C11: 22 | D11: 55 | E11: 46.7 | F11: 10 | G11: 40.8 | H11: 2 | I11: DEN | J11: 55.778333 | K11: 10.68 | L11: 21-24 | M11: DEN (SD 21-24)
A12: 22034 | B12: 40G0 | C12: 22 | D12: 55 | E12: 59.6 | F12: 10 | G12: 38.4 | H12: 2 | I12: DEN | J12: 55.993333 | K12: 10.64 | L12: 21-24 | M12: DEN (SD 21-24)
A13: 22036 | B13: 40G1 | C13: 22 | D13: 55 | E13: 55.3 | F13: 11 | G13: 13.6 | H13: 2 | I13: DEN | J13: 55.921667 | K13: 11.226667 | L13: 21-24 | M13: DEN (SD 21-24)
... A296: 28173 | B296: 42H0 | C296: 28 | D296: 56 | E296: 38.85 | F296: 20 | G296: 36.28 | H296: 3 | I296: LAT | J296: 56.6475 | K296: 20.604667 | L296: 25-32 | M296: LAT (SD 25-32)

Sheet Processing
C1: Quarter | D1: ='Cover sheet'!B3 -> 1
K2: DEN (SD 21-24) | M2: DEN (SD 25-32) | O2: SWE (SD 25-32) | Q2: POL (SD 21-24) | S2: POL (SD 25-32) | U2: LAT (SD 25-32) | W2: EST (SD 25-32) | Y2: GFR (SD 21-24) | AA2: LTU (SD 25-32) | AC2: RUS (SD 25-32)
K3: Denmark (SD 21-24) | M3: Denmark (SD 25-32) | O3: Sweden (SD 25-32) | Q3: Poland (SD 21-24) | S3: Poland (SD 25-32) | U3: Latvia (SD 25-32) | W3: Estonia (SD 25-32) | Y3: Germany (SD 21-24) | AA3: Lithuania (SD 25-32) | AC3: Russia (SD 25-32)
A4: Allocation method | B4: ='Final list of total hauls pros'!M1 -> country | D4: ='Final list of total hauls pros'!A1 -> NrHaul | E4: Rect. | F4: ='Final list of total hauls pros'!B1 -> RectangleAlpha | G4: ='Final list of total hauls pros'!I1 -> EEZ | H4: ='Final list of total hauls pros'!L1 -> codstock | I4: Country (final) | K4: Allo | L4: Adj.(-/+) | M4: Allo | N4: Adj.(-/+) | O4: Allo | P4: Adj.(-/+) | Q4: Allo | R4: Adj.(-/+) | S4: Allo | T4: Adj.(-/+) | U4: Allo | V4: Adj.(-/+) | W4: Allo | X4: Adj.(-/+) | Y4: Allo | Z4: Adj.(-/+) | AA4: Allo | AB4: Adj.(-/+) | AC4: Allo | AD4: Adj.(-/+) | AG4: Check | AK4: Denmark (SD 21-24) | AL4: Denmark (SD 25-32) | AM4: Sweden (SD 25-32) | AN4: Poland (SD 21-24) | AO4: Poland (SD 25-32) | AP4: Latvia (SD 25-32) | AQ4: Estonia (SD 25-32) | AR4: Germany (SD 21-24) | AS4: Lithuania (SD 25-32) | AT4: Russia (SD 25-32)
A5: Standard | B5: ='Final list of total hauls pros'!M2 -> GFR (SD 21-24) | C5: 1 | D5: ='Final list of total hauls pros'!A2 -> 22002 | E5: =IF(D5<>"",LEFT(D5,2),"") -> 22 | F5: ='Final list of total hauls pros'!B2 -> 37G1 | G5: ='Final list of total hauls pros'!I2 -> GFR | H5: ='Final list of total hauls pros'!L2 -> 21-24 | I5: =IF(L5="+",$K$2,IF(N5="+",$M$2,IF(P5="+",$O$2,IF(R5="+",$Q$2,IF(T5="+",$S$2,IF(V5="+",$U$2,IF(X5="+",$W$2,IF(Z5="+",$Y$2,IF(AB5="+",$AA$2,IF(AD5="+",$AC$2,B5)))))))))) -> GFR (SD 21-24) | K5: =IF(L5="+",1,IF(L5="-","",IF(L5="",AK5))) | M5: =IF(N5="+",1,IF(N5="-","",IF(N5="",AL5))) | O5: =IF(P5="+",1,IF(P5="-","",IF(P5="",AM5))) | Q5: =IF(R5="+",1,IF(R5="-","",IF(R5="",AN5))) | S5: =IF(T5="+",1,IF(T5="-","",IF(T5="",AO5))) | U5: =IF(V5="+",1,IF(V5="-","",IF(V5="",AP5))) | W5: =IF(X5="+",1,IF(X5="-","",IF(X5="",AQ5))) | Y5: =IF(Z5="+",1,IF(Z5="-","",IF(Z5="",AR5))) -> 1 | AA5: =IF(AB5="+",1,IF(AB5="-","",IF(AB5="",AS5))) | AC5: =IF(AD5="+",1,IF(AD5="-","",IF(AD5="",AT5))) | AG5: =IF(SUM(K5:AC5)<>1,"FEJL","") | AK5: =IF(B5="DEN (SD 21-24)",1,"") | AL5: =IF(B5="DEN (SD 25-32)",1,"") | AM5: =IF(B5="SWE (SD 25-32)",1,"") | AN5: =IF(B5="POL (SD 21-24)",1,"") | AO5: =IF(B5="POL (SD 25-32)",1,"") | AP5: =IF(B5="LAT (SD 25-32)",1,"") | AQ5: =IF(B5="EST (SD 25-32)",1,"") | AR5: =IF(B5="GFR (SD 21-24)",1,"") -> 1 | AS5: =IF(B5="LTU (SD 25-32)",1,"") | AT5: =IF(B5="RUS (SD 25-32)",1,"")
A6: Standard | B6: ='Final list of total hauls pros'!M3 -> GFR (SD 21-24) | C6: 2 | D6: ='Final list of total hauls pros'!A3 -> 22008 | E6: =IF(D6<>"",LEFT(D6,2),"") -> 22 | F6: ='Final list of total hauls pros'!B3 -> 37G1 | G6: ='Final list of total hauls pros'!I3 -> GFR | H6: ='Final list of total hauls pros'!L3 -> 21-24 | I6: =IF(L6="+",$K$2,IF(N6="+",$M$2,IF(P6="+",$O$2,IF(R6="+",$Q$2,IF(T6="+",$S$2,IF(V6="+",$U$2,IF(X6="+",$W$2,IF(Z6="+",$Y$2,IF(AB6="+",$AA$2,IF(AD6="+",$AC$2,B6)))))))))) -> GFR (SD 21-24) | K6: =IF(L6="+",1,IF(L6="-","",IF(L6="",AK6))) | M6: =IF(N6="+",1,IF(N6="-","",IF(N6="",AL6))) | O6: =IF(P6="+",1,IF(P6="-","",IF(P6="",AM6))) | Q6: =IF(R6="+",1,IF(R6="-","",IF(R6="",AN6))) | S6: =IF(T6="+",1,IF(T6="-","",IF(T6="",AO6))) | U6: =IF(V6="+",1,IF(V6="-","",IF(V6="",AP6))) | W6: =IF(X6="+",1,IF(X6="-","",IF(X6="",AQ6))) | Y6: =IF(Z6="+",1,IF(Z6="-","",IF(Z6="",AR6))) -> 1 | AA6: =IF(AB6="+",1,IF(AB6="-","",IF(AB6="",AS6))) | AC6: =IF(AD6="+",1,IF(AD6="-","",IF(AD6="",AT6))) | AG6: =IF(SUM(K6:AC6)<>1,"FEJL","") | AK6: =IF(B6="DEN (SD 21-24)",1,"") | AL6: =IF(B6="DEN (SD 25-32)",1,"") | AM6: =IF(B6="SWE (SD 25-32)",1,"") | AN6: =IF(B6="POL (SD 21-24)",1,"") | AO6: =IF(B6="POL (SD 25-32)",1,"") | AP6: =IF(B6="LAT (SD 25-32)",1,"") | AQ6: =IF(B6="EST (SD 25-32)",1,"") | AR6: =IF(B6="GFR (SD 21-24)",1,"") -> 1 | AS6: =IF(B6="LTU (SD 25-32)",1,"") | AT6: =IF(B6="RUS (SD 25-32)",1,"")
A7: Standard | B7: ='Final list of total hauls pros'!M4 -> DEN (SD 21-24) | C7: 3 | D7: ='Final list of total hauls pros'!A4 -> 22018 | E7: =IF(D7<>"",LEFT(D7,2),"") -> 22 | F7: ='Final list of total hauls pros'!B4 -> 39G1 | G7: ='Final list of total hauls pros'!I4 -> DEN | H7: ='Final list of total hauls pros'!L4 -> 21-24 | I7: =IF(L7="+",$K$2,IF(N7="+",$M$2,IF(P7="+",$O$2,IF(R7="+",$Q$2,IF(T7="+",$S$2,IF(V7="+",$U$2,IF(X7="+",$W$2,IF(Z7="+",$Y$2,IF(AB7="+",$AA$2,IF(AD7="+",$AC$2,B7)))))))))) -> DEN (SD 21-24) | K7: =IF(L7="+",1,IF(L7="-","",IF(L7="",AK7))) -> 1 | M7: =IF(N7="+",1,IF(N7="-","",IF(N7="",AL7))) | O7: =IF(P7="+",1,IF(P7="-","",IF(P7="",AM7))) | Q7: =IF(R7="+",1,IF(R7="-","",IF(R7="",AN7))) | S7: =IF(T7="+",1,IF(T7="-","",IF(T7="",AO7))) | U7: =IF(V7="+",1,IF(V7="-","",IF(V7="",AP7))) | W7: =IF(X7="+",1,IF(X7="-","",IF(X7="",AQ7))) | Y7: =IF(Z7="+",1,IF(Z7="-","",IF(Z7="",AR7))) | AA7: =IF(AB7="+",1,IF(AB7="-","",IF(AB7="",AS7))) | AC7: =IF(AD7="+",1,IF(AD7="-","",IF(AD7="",AT7))) | AG7: =IF(SUM(K7:AC7)<>1,"FEJL","") | AK7: =IF(B7="DEN (SD 21-24)",1,"") -> 1 | AL7: =IF(B7="DEN (SD 25-32)",1,"") | AM7: =IF(B7="SWE (SD 25-32)",1,"") | AN7: =IF(B7="POL (SD 21-24)",1,"") | AO7: =IF(B7="POL (SD 25-32)",1,"") | AP7: =IF(B7="LAT (SD 25-32)",1,"") | AQ7: =IF(B7="EST (SD 25-32)",1,"") | AR7: =IF(B7="GFR (SD 21-24)",1,"") | AS7: =IF(B7="LTU (SD 25-32)",1,"") | AT7: =IF(B7="RUS (SD 25-32)",1,"")
A8: Standard | B8: ='Final list of total hauls pros'!M5 -> DEN (SD 21-24) | C8: 4 | D8: ='Final list of total hauls pros'!A5 -> 22020 | E8: =IF(D8<>"",LEFT(D8,2),"") -> 22 | F8: ='Final list of total hauls pros'!B5 -> 39G0 | G8: ='Final list of total hauls pros'!I5 -> DEN | H8: ='Final list of total hauls pros'!L5 -> 21-24 | I8: =IF(L8="+",$K$2,IF(N8="+",$M$2,IF(P8="+",$O$2,IF(R8="+",$Q$2,IF(T8="+",$S$2,IF(V8="+",$U$2,IF(X8="+",$W$2,IF(Z8="+",$Y$2,IF(AB8="+",$AA$2,IF(AD8="+",$AC$2,B8)))))))))) -> DEN (SD 21-24) | K8: =IF(L8="+",1,IF(L8="-","",IF(L8="",AK8))) -> 1 | M8: =IF(N8="+",1,IF(N8="-","",IF(N8="",AL8))) | O8: =IF(P8="+",1,IF(P8="-","",IF(P8="",AM8))) | Q8: =IF(R8="+",1,IF(R8="-","",IF(R8="",AN8))) | S8: =IF(T8="+",1,IF(T8="-","",IF(T8="",AO8))) | U8: =IF(V8="+",1,IF(V8="-","",IF(V8="",AP8))) | W8: =IF(X8="+",1,IF(X8="-","",IF(X8="",AQ8))) | Y8: =IF(Z8="+",1,IF(Z8="-","",IF(Z8="",AR8))) | AA8: =IF(AB8="+",1,IF(AB8="-","",IF(AB8="",AS8))) | AC8: =IF(AD8="+",1,IF(AD8="-","",IF(AD8="",AT8))) | AG8: =IF(SUM(K8:AC8)<>1,"FEJL","") | AK8: =IF(B8="DEN (SD 21-24)",1,"") -> 1 | AL8: =IF(B8="DEN (SD 25-32)",1,"") | AM8: =IF(B8="SWE (SD 25-32)",1,"") | AN8: =IF(B8="POL (SD 21-24)",1,"") | AO8: =IF(B8="POL (SD 25-32)",1,"") | AP8: =IF(B8="LAT (SD 25-32)",1,"") | AQ8: =IF(B8="EST (SD 25-32)",1,"") | AR8: =IF(B8="GFR (SD 21-24)",1,"") | AS8: =IF(B8="LTU (SD 25-32)",1,"") | AT8: =IF(B8="RUS (SD 25-32)",1,"")
A9: Standard | B9: ='Final list of total hauls pros'!M6 -> DEN (SD 21-24) | C9: 5 | D9: ='Final list of total hauls pros'!A6 -> 22023 | E9: =IF(D9<>"",LEFT(D9,2),"") -> 22 | F9: ='Final list of total hauls pros'!B6 -> 39G1 | G9: ='Final list of total hauls pros'!I6 -> DEN | H9: ='Final list of total hauls pros'!L6 -> 21-24 | I9: =IF(L9="+",$K$2,IF(N9="+",$M$2,IF(P9="+",$O$2,IF(R9="+",$Q$2,IF(T9="+",$S$2,IF(V9="+",$U$2,IF(X9="+",$W$2,IF(Z9="+",$Y$2,IF(AB9="+",$AA$2,IF(AD9="+",$AC$2,B9)))))))))) -> DEN (SD 21-24) | K9: =IF(L9="+",1,IF(L9="-","",IF(L9="",AK9))) -> 1 | M9: =IF(N9="+",1,IF(N9="-","",IF(N9="",AL9))) | O9: =IF(P9="+",1,IF(P9="-","",IF(P9="",AM9))) | Q9: =IF(R9="+",1,IF(R9="-","",IF(R9="",AN9))) | S9: =IF(T9="+",1,IF(T9="-","",IF(T9="",AO9))) | U9: =IF(V9="+",1,IF(V9="-","",IF(V9="",AP9))) | W9: =IF(X9="+",1,IF(X9="-","",IF(X9="",AQ9))) | Y9: =IF(Z9="+",1,IF(Z9="-","",IF(Z9="",AR9))) | AA9: =IF(AB9="+",1,IF(AB9="-","",IF(AB9="",AS9))) | AC9: =IF(AD9="+",1,IF(AD9="-","",IF(AD9="",AT9))) | AG9: =IF(SUM(K9:AC9)<>1,"FEJL","") | AK9: =IF(B9="DEN (SD 21-24)",1,"") -> 1 | AL9: =IF(B9="DEN (SD 25-32)",1,"") | AM9: =IF(B9="SWE (SD 25-32)",1,"") | AN9: =IF(B9="POL (SD 21-24)",1,"") | AO9: =IF(B9="POL (SD 25-32)",1,"") | AP9: =IF(B9="LAT (SD 25-32)",1,"") | AQ9: =IF(B9="EST (SD 25-32)",1,"") | AR9: =IF(B9="GFR (SD 21-24)",1,"") | AS9: =IF(B9="LTU (SD 25-32)",1,"") | AT9: =IF(B9="RUS (SD 25-32)",1,"")
A10: Standard | B10: ='Final list of total hauls pros'!M7 -> DEN (SD 21-24) | C10: 6 | D10: ='Final list of total hauls pros'!A7 -> 22024 | E10: =IF(D10<>"",LEFT(D10,2),"") -> 22 | F10: ='Final list of total hauls pros'!B7 -> 39F9 | G10: ='Final list of total hauls pros'!I7 -> DEN | H10: ='Final list of total hauls pros'!L7 -> 21-24 | I10: =IF(L10="+",$K$2,IF(N10="+",$M$2,IF(P10="+",$O$2,IF(R10="+",$Q$2,IF(T10="+",$S$2,IF(V10="+",$U$2,IF(X10="+",$W$2,IF(Z10="+",$Y$2,IF(AB10="+",$AA$2,IF(AD10="+",$AC$2,B10)))))))))) -> DEN (SD 21-24) | K10: =IF(L10="+",1,IF(L10="-","",IF(L10="",AK10))) -> 1 | M10: =IF(N10="+",1,IF(N10="-","",IF(N10="",AL10))) | O10: =IF(P10="+",1,IF(P10="-","",IF(P10="",AM10))) | Q10: =IF(R10="+",1,IF(R10="-","",IF(R10="",AN10))) | S10: =IF(T10="+",1,IF(T10="-","",IF(T10="",AO10))) | U10: =IF(V10="+",1,IF(V10="-","",IF(V10="",AP10))) | W10: =IF(X10="+",1,IF(X10="-","",IF(X10="",AQ10))) | Y10: =IF(Z10="+",1,IF(Z10="-","",IF(Z10="",AR10))) | AA10: =IF(AB10="+",1,IF(AB10="-","",IF(AB10="",AS10))) | AC10: =IF(AD10="+",1,IF(AD10="-","",IF(AD10="",AT10))) | AG10: =IF(SUM(K10:AC10)<>1,"FEJL","") | AK10: =IF(B10="DEN (SD 21-24)",1,"") -> 1 | AL10: =IF(B10="DEN (SD 25-32)",1,"") | AM10: =IF(B10="SWE (SD 25-32)",1,"") | AN10: =IF(B10="POL (SD 21-24)",1,"") | AO10: =IF(B10="POL (SD 25-32)",1,"") | AP10: =IF(B10="LAT (SD 25-32)",1,"") | AQ10: =IF(B10="EST (SD 25-32)",1,"") | AR10: =IF(B10="GFR (SD 21-24)",1,"") | AS10: =IF(B10="LTU (SD 25-32)",1,"") | AT10: =IF(B10="RUS (SD 25-32)",1,"")
A11: Standard | B11: ='Final list of total hauls pros'!M8 -> DEN (SD 21-24) | C11: 7 | D11: ='Final list of total hauls pros'!A8 -> 22025 | E11: =IF(D11<>"",LEFT(D11,2),"") -> 22 | F11: ='Final list of total hauls pros'!B8 -> 39G0 | G11: ='Final list of total hauls pros'!I8 -> DEN | H11: ='Final list of total hauls pros'!L8 -> 21-24 | I11: =IF(L11="+",$K$2,IF(N11="+",$M$2,IF(P11="+",$O$2,IF(R11="+",$Q$2,IF(T11="+",$S$2,IF(V11="+",$U$2,IF(X11="+",$W$2,IF(Z11="+",$Y$2,IF(AB11="+",$AA$2,IF(AD11="+",$AC$2,B11)))))))))) -> DEN (SD 21-24) | K11: =IF(L11="+",1,IF(L11="-","",IF(L11="",AK11))) -> 1 | M11: =IF(N11="+",1,IF(N11="-","",IF(N11="",AL11))) | O11: =IF(P11="+",1,IF(P11="-","",IF(P11="",AM11))) | Q11: =IF(R11="+",1,IF(R11="-","",IF(R11="",AN11))) | S11: =IF(T11="+",1,IF(T11="-","",IF(T11="",AO11))) | U11: =IF(V11="+",1,IF(V11="-","",IF(V11="",AP11))) | W11: =IF(X11="+",1,IF(X11="-","",IF(X11="",AQ11))) | Y11: =IF(Z11="+",1,IF(Z11="-","",IF(Z11="",AR11))) | AA11: =IF(AB11="+",1,IF(AB11="-","",IF(AB11="",AS11))) | AC11: =IF(AD11="+",1,IF(AD11="-","",IF(AD11="",AT11))) | AG11: =IF(SUM(K11:AC11)<>1,"FEJL","") | AK11: =IF(B11="DEN (SD 21-24)",1,"") -> 1 | AL11: =IF(B11="DEN (SD 25-32)",1,"") | AM11: =IF(B11="SWE (SD 25-32)",1,"") | AN11: =IF(B11="POL (SD 21-24)",1,"") | AO11: =IF(B11="POL (SD 25-32)",1,"") | AP11: =IF(B11="LAT (SD 25-32)",1,"") | AQ11: =IF(B11="EST (SD 25-32)",1,"") | AR11: =IF(B11="GFR (SD 21-24)",1,"") | AS11: =IF(B11="LTU (SD 25-32)",1,"") | AT11: =IF(B11="RUS (SD 25-32)",1,"")
A12: Standard | B12: ='Final list of total hauls pros'!M9 -> DEN (SD 21-24) | C12: 8 | D12: ='Final list of total hauls pros'!A9 -> 22026 | E12: =IF(D12<>"",LEFT(D12,2),"") -> 22 | F12: ='Final list of total hauls pros'!B9 -> 39G0 | G12: ='Final list of total hauls pros'!I9 -> DEN | H12: ='Final list of total hauls pros'!L9 -> 21-24 | I12: =IF(L12="+",$K$2,IF(N12="+",$M$2,IF(P12="+",$O$2,IF(R12="+",$Q$2,IF(T12="+",$S$2,IF(V12="+",$U$2,IF(X12="+",$W$2,IF(Z12="+",$Y$2,IF(AB12="+",$AA$2,IF(AD12="+",$AC$2,B12)))))))))) -> DEN (SD 21-24) | K12: =IF(L12="+",1,IF(L12="-","",IF(L12="",AK12))) -> 1 | M12: =IF(N12="+",1,IF(N12="-","",IF(N12="",AL12))) | O12: =IF(P12="+",1,IF(P12="-","",IF(P12="",AM12))) | Q12: =IF(R12="+",1,IF(R12="-","",IF(R12="",AN12))) | S12: =IF(T12="+",1,IF(T12="-","",IF(T12="",AO12))) | U12: =IF(V12="+",1,IF(V12="-","",IF(V12="",AP12))) | W12: =IF(X12="+",1,IF(X12="-","",IF(X12="",AQ12))) | Y12: =IF(Z12="+",1,IF(Z12="-","",IF(Z12="",AR12))) | AA12: =IF(AB12="+",1,IF(AB12="-","",IF(AB12="",AS12))) | AC12: =IF(AD12="+",1,IF(AD12="-","",IF(AD12="",AT12))) | AG12: =IF(SUM(K12:AC12)<>1,"FEJL","") | AK12: =IF(B12="DEN (SD 21-24)",1,"") -> 1 | AL12: =IF(B12="DEN (SD 25-32)",1,"") | AM12: =IF(B12="SWE (SD 25-32)",1,"") | AN12: =IF(B12="POL (SD 21-24)",1,"") | AO12: =IF(B12="POL (SD 25-32)",1,"") | AP12: =IF(B12="LAT (SD 25-32)",1,"") | AQ12: =IF(B12="EST (SD 25-32)",1,"") | AR12: =IF(B12="GFR (SD 21-24)",1,"") | AS12: =IF(B12="LTU (SD 25-32)",1,"") | AT12: =IF(B12="RUS (SD 25-32)",1,"")
A13: Standard | B13: ='Final list of total hauls pros'!M10 -> DEN (SD 21-24) | C13: 9 | D13: ='Final list of total hauls pros'!A10 -> 22027 | E13: =IF(D13<>"",LEFT(D13,2),"") -> 22 | F13: ='Final list of total hauls pros'!B10 -> 40G0 | G13: ='Final list of total hauls pros'!I10 -> DEN | H13: ='Final list of total hauls pros'!L10 -> 21-24 | I13: =IF(L13="+",$K$2,IF(N13="+",$M$2,IF(P13="+",$O$2,IF(R13="+",$Q$2,IF(T13="+",$S$2,IF(V13="+",$U$2,IF(X13="+",$W$2,IF(Z13="+",$Y$2,IF(AB13="+",$AA$2,IF(AD13="+",$AC$2,B13)))))))))) -> DEN (SD 21-24) | K13: =IF(L13="+",1,IF(L13="-","",IF(L13="",AK13))) -> 1 | M13: =IF(N13="+",1,IF(N13="-","",IF(N13="",AL13))) | O13: =IF(P13="+",1,IF(P13="-","",IF(P13="",AM13))) | Q13: =IF(R13="+",1,IF(R13="-","",IF(R13="",AN13))) | S13: =IF(T13="+",1,IF(T13="-","",IF(T13="",AO13))) | U13: =IF(V13="+",1,IF(V13="-","",IF(V13="",AP13))) | W13: =IF(X13="+",1,IF(X13="-","",IF(X13="",AQ13))) | Y13: =IF(Z13="+",1,IF(Z13="-","",IF(Z13="",AR13))) | AA13: =IF(AB13="+",1,IF(AB13="-","",IF(AB13="",AS13))) | AC13: =IF(AD13="+",1,IF(AD13="-","",IF(AD13="",AT13))) | AG13: =IF(SUM(K13:AC13)<>1,"FEJL","") | AK13: =IF(B13="DEN (SD 21-24)",1,"") -> 1 | AL13: =IF(B13="DEN (SD 25-32)",1,"") | AM13: =IF(B13="SWE (SD 25-32)",1,"") | AN13: =IF(B13="POL (SD 21-24)",1,"") | AO13: =IF(B13="POL (SD 25-32)",1,"") | AP13: =IF(B13="LAT (SD 25-32)",1,"") | AQ13: =IF(B13="EST (SD 25-32)",1,"") | AR13: =IF(B13="GFR (SD 21-24)",1,"") | AS13: =IF(B13="LTU (SD 25-32)",1,"") | AT13: =IF(B13="RUS (SD 25-32)",1,"")
A14: Standard | B14: ='Final list of total hauls pros'!M11 -> DEN (SD 21-24) | C14: 10 | D14: ='Final list of total hauls pros'!A11 -> 22032 | E14: =IF(D14<>"",LEFT(D14,2),"") -> 22 | F14: ='Final list of total hauls pros'!B11 -> 40G0 | G14: ='Final list of total hauls pros'!I11 -> DEN | H14: ='Final list of total hauls pros'!L11 -> 21-24 | I14: =IF(L14="+",$K$2,IF(N14="+",$M$2,IF(P14="+",$O$2,IF(R14="+",$Q$2,IF(T14="+",$S$2,IF(V14="+",$U$2,IF(X14="+",$W$2,IF(Z14="+",$Y$2,IF(AB14="+",$AA$2,IF(AD14="+",$AC$2,B14)))))))))) -> DEN (SD 21-24) | K14: =IF(L14="+",1,IF(L14="-","",IF(L14="",AK14))) -> 1 | M14: =IF(N14="+",1,IF(N14="-","",IF(N14="",AL14))) | O14: =IF(P14="+",1,IF(P14="-","",IF(P14="",AM14))) | Q14: =IF(R14="+",1,IF(R14="-","",IF(R14="",AN14))) | S14: =IF(T14="+",1,IF(T14="-","",IF(T14="",AO14))) | U14: =IF(V14="+",1,IF(V14="-","",IF(V14="",AP14))) | W14: =IF(X14="+",1,IF(X14="-","",IF(X14="",AQ14))) | Y14: =IF(Z14="+",1,IF(Z14="-","",IF(Z14="",AR14))) | AA14: =IF(AB14="+",1,IF(AB14="-","",IF(AB14="",AS14))) | AC14: =IF(AD14="+",1,IF(AD14="-","",IF(AD14="",AT14))) | AG14: =IF(SUM(K14:AC14)<>1,"FEJL","") | AK14: =IF(B14="DEN (SD 21-24)",1,"") -> 1 | AL14: =IF(B14="DEN (SD 25-32)",1,"") | AM14: =IF(B14="SWE (SD 25-32)",1,"") | AN14: =IF(B14="POL (SD 21-24)",1,"") | AO14: =IF(B14="POL (SD 25-32)",1,"") | AP14: =IF(B14="LAT (SD 25-32)",1,"") | AQ14: =IF(B14="EST (SD 25-32)",1,"") | AR14: =IF(B14="GFR (SD 21-24)",1,"") | AS14: =IF(B14="LTU (SD 25-32)",1,"") | AT14: =IF(B14="RUS (SD 25-32)",1,"")
A15: Standard | B15: ='Final list of total hauls pros'!M12 -> DEN (SD 21-24) | C15: 11 | D15: ='Final list of total hauls pros'!A12 -> 22034 | E15: =IF(D15<>"",LEFT(D15,2),"") -> 22 | F15: ='Final list of total hauls pros'!B12 -> 40G0 | G15: ='Final list of total hauls pros'!I12 -> DEN | H15: ='Final list of total hauls pros'!L12 -> 21-24 | I15: =IF(L15="+",$K$2,IF(N15="+",$M$2,IF(P15="+",$O$2,IF(R15="+",$Q$2,IF(T15="+",$S$2,IF(V15="+",$U$2,IF(X15="+",$W$2,IF(Z15="+",$Y$2,IF(AB15="+",$AA$2,IF(AD15="+",$AC$2,B15)))))))))) -> DEN (SD 21-24) | K15: =IF(L15="+",1,IF(L15="-","",IF(L15="",AK15))) -> 1 | M15: =IF(N15="+",1,IF(N15="-","",IF(N15="",AL15))) | O15: =IF(P15="+",1,IF(P15="-","",IF(P15="",AM15))) | Q15: =IF(R15="+",1,IF(R15="-","",IF(R15="",AN15))) | S15: =IF(T15="+",1,IF(T15="-","",IF(T15="",AO15))) | U15: =IF(V15="+",1,IF(V15="-","",IF(V15="",AP15))) | W15: =IF(X15="+",1,IF(X15="-","",IF(X15="",AQ15))) | Y15: =IF(Z15="+",1,IF(Z15="-","",IF(Z15="",AR15))) | AA15: =IF(AB15="+",1,IF(AB15="-","",IF(AB15="",AS15))) | AC15: =IF(AD15="+",1,IF(AD15="-","",IF(AD15="",AT15))) | AG15: =IF(SUM(K15:AC15)<>1,"FEJL","") | AK15: =IF(B15="DEN (SD 21-24)",1,"") -> 1 | AL15: =IF(B15="DEN (SD 25-32)",1,"") | AM15: =IF(B15="SWE (SD 25-32)",1,"") | AN15: =IF(B15="POL (SD 21-24)",1,"") | AO15: =IF(B15="POL (SD 25-32)",1,"") | AP15: =IF(B15="LAT (SD 25-32)",1,"") | AQ15: =IF(B15="EST (SD 25-32)",1,"") | AR15: =IF(B15="GFR (SD 21-24)",1,"") | AS15: =IF(B15="LTU (SD 25-32)",1,"") | AT15: =IF(B15="RUS (SD 25-32)",1,"")
A16: Standard | B16: ='Final list of total hauls pros'!M13 -> DEN (SD 21-24) | C16: 12 | D16: ='Final list of total hauls pros'!A13 -> 22036 | E16: =IF(D16<>"",LEFT(D16,2),"") -> 22 | F16: ='Final list of total hauls pros'!B13 -> 40G1 | G16: ='Final list of total hauls pros'!I13 -> DEN | H16: ='Final list of total hauls pros'!L13 -> 21-24 | I16: =IF(L16="+",$K$2,IF(N16="+",$M$2,IF(P16="+",$O$2,IF(R16="+",$Q$2,IF(T16="+",$S$2,IF(V16="+",$U$2,IF(X16="+",$W$2,IF(Z16="+",$Y$2,IF(AB16="+",$AA$2,IF(AD16="+",$AC$2,B16)))))))))) -> DEN (SD 21-24) | K16: =IF(L16="+",1,IF(L16="-","",IF(L16="",AK16))) -> 1 | M16: =IF(N16="+",1,IF(N16="-","",IF(N16="",AL16))) | O16: =IF(P16="+",1,IF(P16="-","",IF(P16="",AM16))) | Q16: =IF(R16="+",1,IF(R16="-","",IF(R16="",AN16))) | S16: =IF(T16="+",1,IF(T16="-","",IF(T16="",AO16))) | U16: =IF(V16="+",1,IF(V16="-","",IF(V16="",AP16))) | W16: =IF(X16="+",1,IF(X16="-","",IF(X16="",AQ16))) | Y16: =IF(Z16="+",1,IF(Z16="-","",IF(Z16="",AR16))) | AA16: =IF(AB16="+",1,IF(AB16="-","",IF(AB16="",AS16))) | AC16: =IF(AD16="+",1,IF(AD16="-","",IF(AD16="",AT16))) | AG16: =IF(SUM(K16:AC16)<>1,"FEJL","") | AK16: =IF(B16="DEN (SD 21-24)",1,"") -> 1 | AL16: =IF(B16="DEN (SD 25-32)",1,"") | AM16: =IF(B16="SWE (SD 25-32)",1,"") | AN16: =IF(B16="POL (SD 21-24)",1,"") | AO16: =IF(B16="POL (SD 25-32)",1,"") | AP16: =IF(B16="LAT (SD 25-32)",1,"") | AQ16: =IF(B16="EST (SD 25-32)",1,"") | AR16: =IF(B16="GFR (SD 21-24)",1,"") | AS16: =IF(B16="LTU (SD 25-32)",1,"") | AT16: =IF(B16="RUS (SD 25-32)",1,"")
... A21: Standard | B21: ='Final list of total hauls pros'!M18 -> GFR (SD 21-24) | C21: 17 | D21: ='Final list of total hauls pros'!A18 -> 22058 | E21: =IF(D21<>"",LEFT(D21,2),"") -> 22 | F21: ='Final list of total hauls pros'!B18 -> 37G1 | G21: ='Final list of total hauls pros'!I18 -> GFR | H21: ='Final list of total hauls pros'!L18 -> 21-24 | I21: =IF(L21="+",$K$2,IF(N21="+",$M$2,IF(P21="+",$O$2,IF(R21="+",$Q$2,IF(T21="+",$S$2,IF(V21="+",$U$2,IF(X21="+",$W$2,IF(Z21="+",$Y$2,IF(AB21="+",$AA$2,IF(AD21="+",$AC$2,B21)))))))))) -> GFR (SD 21-24) | K21: =IF(L21="+",1,IF(L21="-","",IF(L21="",AK21))) | M21: =IF(N21="+",1,IF(N21="-","",IF(N21="",AL21))) | O21: =IF(P21="+",1,IF(P21="-","",IF(P21="",AM21))) | Q21: =IF(R21="+",1,IF(R21="-","",IF(R21="",AN21))) | S21: =IF(T21="+",1,IF(T21="-","",IF(T21="",AO21))) | U21: =IF(V21="+",1,IF(V21="-","",IF(V21="",AP21))) | W21: =IF(X21="+",1,IF(X21="-","",IF(X21="",AQ21))) | Y21: =IF(Z21="+",1,IF(Z21="-","",IF(Z21="",AR21))) -> 1 | AA21: =IF(AB21="+",1,IF(AB21="-","",IF(AB21="",AS21))) | AC21: =IF(AD21="+",1,IF(AD21="-","",IF(AD21="",AT21))) | AG21: =IF(SUM(K21:AC21)<>1,"FEJL","") | AK21: =IF(B21="DEN (SD 21-24)",1,"") | AL21: =IF(B21="DEN (SD 25-32)",1,"") | AM21: =IF(B21="SWE (SD 25-32)",1,"") | AN21: =IF(B21="POL (SD 21-24)",1,"") | AO21: =IF(B21="POL (SD 25-32)",1,"") | AP21: =IF(B21="LAT (SD 25-32)",1,"") | AQ21: =IF(B21="EST (SD 25-32)",1,"") | AR21: =IF(B21="GFR (SD 21-24)",1,"") -> 1 | AS21: =IF(B21="LTU (SD 25-32)",1,"") | AT21: =IF(B21="RUS (SD 25-32)",1,"")
A22: Standard | B22: ='Final list of total hauls pros'!M19 -> DEN (SD 21-24) | C22: 18 | D22: ='Final list of total hauls pros'!A19 -> 22071 | E22: =IF(D22<>"",LEFT(D22,2),"") -> 22 | F22: ='Final list of total hauls pros'!B19 -> 38G1 | G22: ='Final list of total hauls pros'!I19 -> DEN | H22: ='Final list of total hauls pros'!L19 -> 21-24 | I22: =IF(L22="+",$K$2,IF(N22="+",$M$2,IF(P22="+",$O$2,IF(R22="+",$Q$2,IF(T22="+",$S$2,IF(V22="+",$U$2,IF(X22="+",$W$2,IF(Z22="+",$Y$2,IF(AB22="+",$AA$2,IF(AD22="+",$AC$2,B22)))))))))) -> GFR (SD 21-24) | K22: =IF(L22="+",1,IF(L22="-","",IF(L22="",AK22))) | L22: - | M22: =IF(N22="+",1,IF(N22="-","",IF(N22="",AL22))) | O22: =IF(P22="+",1,IF(P22="-","",IF(P22="",AM22))) | Q22: =IF(R22="+",1,IF(R22="-","",IF(R22="",AN22))) | S22: =IF(T22="+",1,IF(T22="-","",IF(T22="",AO22))) | U22: =IF(V22="+",1,IF(V22="-","",IF(V22="",AP22))) | W22: =IF(X22="+",1,IF(X22="-","",IF(X22="",AQ22))) | Y22: =IF(Z22="+",1,IF(Z22="-","",IF(Z22="",AR22))) -> 1 | Z22: + | AA22: =IF(AB22="+",1,IF(AB22="-","",IF(AB22="",AS22))) | AC22: =IF(AD22="+",1,IF(AD22="-","",IF(AD22="",AT22))) | AG22: =IF(SUM(K22:AC22)<>1,"FEJL","") | AK22: =IF(B22="DEN (SD 21-24)",1,"") -> 1 | AL22: =IF(B22="DEN (SD 25-32)",1,"") | AM22: =IF(B22="SWE (SD 25-32)",1,"") | AN22: =IF(B22="POL (SD 21-24)",1,"") | AO22: =IF(B22="POL (SD 25-32)",1,"") | AP22: =IF(B22="LAT (SD 25-32)",1,"") | AQ22: =IF(B22="EST (SD 25-32)",1,"") | AR22: =IF(B22="GFR (SD 21-24)",1,"") | AS22: =IF(B22="LTU (SD 25-32)",1,"") | AT22: =IF(B22="RUS (SD 25-32)",1,"")
A23: Standard | B23: ='Final list of total hauls pros'!M20 -> GFR (SD 21-24) | C23: 19 | D23: ='Final list of total hauls pros'!A20 -> 22072 | E23: =IF(D23<>"",LEFT(D23,2),"") -> 22 | F23: ='Final list of total hauls pros'!B20 -> 38G1 | G23: ='Final list of total hauls pros'!I20 -> GFR | H23: ='Final list of total hauls pros'!L20 -> 21-24 | I23: =IF(L23="+",$K$2,IF(N23="+",$M$2,IF(P23="+",$O$2,IF(R23="+",$Q$2,IF(T23="+",$S$2,IF(V23="+",$U$2,IF(X23="+",$W$2,IF(Z23="+",$Y$2,IF(AB23="+",$AA$2,IF(AD23="+",$AC$2,B23)))))))))) -> GFR (SD 21-24) | K23: =IF(L23="+",1,IF(L23="-","",IF(L23="",AK23))) | M23: =IF(N23="+",1,IF(N23="-","",IF(N23="",AL23))) | O23: =IF(P23="+",1,IF(P23="-","",IF(P23="",AM23))) | Q23: =IF(R23="+",1,IF(R23="-","",IF(R23="",AN23))) | S23: =IF(T23="+",1,IF(T23="-","",IF(T23="",AO23))) | U23: =IF(V23="+",1,IF(V23="-","",IF(V23="",AP23))) | W23: =IF(X23="+",1,IF(X23="-","",IF(X23="",AQ23))) | Y23: =IF(Z23="+",1,IF(Z23="-","",IF(Z23="",AR23))) -> 1 | AA23: =IF(AB23="+",1,IF(AB23="-","",IF(AB23="",AS23))) | AC23: =IF(AD23="+",1,IF(AD23="-","",IF(AD23="",AT23))) | AG23: =IF(SUM(K23:AC23)<>1,"FEJL","") | AK23: =IF(B23="DEN (SD 21-24)",1,"") | AL23: =IF(B23="DEN (SD 25-32)",1,"") | AM23: =IF(B23="SWE (SD 25-32)",1,"") | AN23: =IF(B23="POL (SD 21-24)",1,"") | AO23: =IF(B23="POL (SD 25-32)",1,"") | AP23: =IF(B23="LAT (SD 25-32)",1,"") | AQ23: =IF(B23="EST (SD 25-32)",1,"") | AR23: =IF(B23="GFR (SD 21-24)",1,"") -> 1 | AS23: =IF(B23="LTU (SD 25-32)",1,"") | AT23: =IF(B23="RUS (SD 25-32)",1,"")
A24: Standard | B24: ='Final list of total hauls pros'!M21 -> DEN (SD 21-24) | C24: 20 | D24: ='Final list of total hauls pros'!A21 -> 22075 | E24: =IF(D24<>"",LEFT(D24,2),"") -> 22 | F24: ='Final list of total hauls pros'!B21 -> 38G0 | G24: ='Final list of total hauls pros'!I21 -> DEN | H24: ='Final list of total hauls pros'!L21 -> 21-24 | I24: =IF(L24="+",$K$2,IF(N24="+",$M$2,IF(P24="+",$O$2,IF(R24="+",$Q$2,IF(T24="+",$S$2,IF(V24="+",$U$2,IF(X24="+",$W$2,IF(Z24="+",$Y$2,IF(AB24="+",$AA$2,IF(AD24="+",$AC$2,B24)))))))))) -> DEN (SD 21-24) | K24: =IF(L24="+",1,IF(L24="-","",IF(L24="",AK24))) -> 1 | M24: =IF(N24="+",1,IF(N24="-","",IF(N24="",AL24))) | O24: =IF(P24="+",1,IF(P24="-","",IF(P24="",AM24))) | Q24: =IF(R24="+",1,IF(R24="-","",IF(R24="",AN24))) | S24: =IF(T24="+",1,IF(T24="-","",IF(T24="",AO24))) | U24: =IF(V24="+",1,IF(V24="-","",IF(V24="",AP24))) | W24: =IF(X24="+",1,IF(X24="-","",IF(X24="",AQ24))) | Y24: =IF(Z24="+",1,IF(Z24="-","",IF(Z24="",AR24))) | AA24: =IF(AB24="+",1,IF(AB24="-","",IF(AB24="",AS24))) | AC24: =IF(AD24="+",1,IF(AD24="-","",IF(AD24="",AT24))) | AG24: =IF(SUM(K24:AC24)<>1,"FEJL","") | AK24: =IF(B24="DEN (SD 21-24)",1,"") -> 1 | AL24: =IF(B24="DEN (SD 25-32)",1,"") | AM24: =IF(B24="SWE (SD 25-32)",1,"") | AN24: =IF(B24="POL (SD 21-24)",1,"") | AO24: =IF(B24="POL (SD 25-32)",1,"") | AP24: =IF(B24="LAT (SD 25-32)",1,"") | AQ24: =IF(B24="EST (SD 25-32)",1,"") | AR24: =IF(B24="GFR (SD 21-24)",1,"") | AS24: =IF(B24="LTU (SD 25-32)",1,"") | AT24: =IF(B24="RUS (SD 25-32)",1,"")
A25: Standard | B25: ='Final list of total hauls pros'!M22 -> DEN (SD 21-24) | C25: 21 | D25: ='Final list of total hauls pros'!A22 -> 22076 | E25: =IF(D25<>"",LEFT(D25,2),"") -> 22 | F25: ='Final list of total hauls pros'!B22 -> 38G0 | G25: ='Final list of total hauls pros'!I22 -> DEN | H25: ='Final list of total hauls pros'!L22 -> 21-24 | I25: =IF(L25="+",$K$2,IF(N25="+",$M$2,IF(P25="+",$O$2,IF(R25="+",$Q$2,IF(T25="+",$S$2,IF(V25="+",$U$2,IF(X25="+",$W$2,IF(Z25="+",$Y$2,IF(AB25="+",$AA$2,IF(AD25="+",$AC$2,B25)))))))))) -> DEN (SD 21-24) | K25: =IF(L25="+",1,IF(L25="-","",IF(L25="",AK25))) -> 1 | M25: =IF(N25="+",1,IF(N25="-","",IF(N25="",AL25))) | O25: =IF(P25="+",1,IF(P25="-","",IF(P25="",AM25))) | Q25: =IF(R25="+",1,IF(R25="-","",IF(R25="",AN25))) | S25: =IF(T25="+",1,IF(T25="-","",IF(T25="",AO25))) | U25: =IF(V25="+",1,IF(V25="-","",IF(V25="",AP25))) | W25: =IF(X25="+",1,IF(X25="-","",IF(X25="",AQ25))) | Y25: =IF(Z25="+",1,IF(Z25="-","",IF(Z25="",AR25))) | AA25: =IF(AB25="+",1,IF(AB25="-","",IF(AB25="",AS25))) | AC25: =IF(AD25="+",1,IF(AD25="-","",IF(AD25="",AT25))) | AG25: =IF(SUM(K25:AC25)<>1,"FEJL","") | AK25: =IF(B25="DEN (SD 21-24)",1,"") -> 1 | AL25: =IF(B25="DEN (SD 25-32)",1,"") | AM25: =IF(B25="SWE (SD 25-32)",1,"") | AN25: =IF(B25="POL (SD 21-24)",1,"") | AO25: =IF(B25="POL (SD 25-32)",1,"") | AP25: =IF(B25="LAT (SD 25-32)",1,"") | AQ25: =IF(B25="EST (SD 25-32)",1,"") | AR25: =IF(B25="GFR (SD 21-24)",1,"") | AS25: =IF(B25="LTU (SD 25-32)",1,"") | AT25: =IF(B25="RUS (SD 25-32)",1,"")
A26: Standard | B26: ='Final list of total hauls pros'!M23 -> DEN (SD 21-24) | C26: 22 | D26: ='Final list of total hauls pros'!A23 -> 22077 | E26: =IF(D26<>"",LEFT(D26,2),"") -> 22 | F26: ='Final list of total hauls pros'!B23 -> 38G0 | G26: ='Final list of total hauls pros'!I23 -> DEN | H26: ='Final list of total hauls pros'!L23 -> 21-24 | I26: =IF(L26="+",$K$2,IF(N26="+",$M$2,IF(P26="+",$O$2,IF(R26="+",$Q$2,IF(T26="+",$S$2,IF(V26="+",$U$2,IF(X26="+",$W$2,IF(Z26="+",$Y$2,IF(AB26="+",$AA$2,IF(AD26="+",$AC$2,B26)))))))))) -> DEN (SD 21-24) | K26: =IF(L26="+",1,IF(L26="-","",IF(L26="",AK26))) -> 1 | M26: =IF(N26="+",1,IF(N26="-","",IF(N26="",AL26))) | O26: =IF(P26="+",1,IF(P26="-","",IF(P26="",AM26))) | Q26: =IF(R26="+",1,IF(R26="-","",IF(R26="",AN26))) | S26: =IF(T26="+",1,IF(T26="-","",IF(T26="",AO26))) | U26: =IF(V26="+",1,IF(V26="-","",IF(V26="",AP26))) | W26: =IF(X26="+",1,IF(X26="-","",IF(X26="",AQ26))) | Y26: =IF(Z26="+",1,IF(Z26="-","",IF(Z26="",AR26))) | AA26: =IF(AB26="+",1,IF(AB26="-","",IF(AB26="",AS26))) | AC26: =IF(AD26="+",1,IF(AD26="-","",IF(AD26="",AT26))) | AG26: =IF(SUM(K26:AC26)<>1,"FEJL","") | AK26: =IF(B26="DEN (SD 21-24)",1,"") -> 1 | AL26: =IF(B26="DEN (SD 25-32)",1,"") | AM26: =IF(B26="SWE (SD 25-32)",1,"") | AN26: =IF(B26="POL (SD 21-24)",1,"") | AO26: =IF(B26="POL (SD 25-32)",1,"") | AP26: =IF(B26="LAT (SD 25-32)",1,"") | AQ26: =IF(B26="EST (SD 25-32)",1,"") | AR26: =IF(B26="GFR (SD 21-24)",1,"") | AS26: =IF(B26="LTU (SD 25-32)",1,"") | AT26: =IF(B26="RUS (SD 25-32)",1,"")
A27: Standard | B27: ='Final list of total hauls pros'!M24 -> DEN (SD 21-24) | C27: 23 | D27: ='Final list of total hauls pros'!A24 -> 22079 | E27: =IF(D27<>"",LEFT(D27,2),"") -> 22 | F27: ='Final list of total hauls pros'!B24 -> 38G0 | G27: ='Final list of total hauls pros'!I24 -> DEN | H27: ='Final list of total hauls pros'!L24 -> 21-24 | I27: =IF(L27="+",$K$2,IF(N27="+",$M$2,IF(P27="+",$O$2,IF(R27="+",$Q$2,IF(T27="+",$S$2,IF(V27="+",$U$2,IF(X27="+",$W$2,IF(Z27="+",$Y$2,IF(AB27="+",$AA$2,IF(AD27="+",$AC$2,B27)))))))))) -> DEN (SD 21-24) | K27: =IF(L27="+",1,IF(L27="-","",IF(L27="",AK27))) -> 1 | M27: =IF(N27="+",1,IF(N27="-","",IF(N27="",AL27))) | O27: =IF(P27="+",1,IF(P27="-","",IF(P27="",AM27))) | Q27: =IF(R27="+",1,IF(R27="-","",IF(R27="",AN27))) | S27: =IF(T27="+",1,IF(T27="-","",IF(T27="",AO27))) | U27: =IF(V27="+",1,IF(V27="-","",IF(V27="",AP27))) | W27: =IF(X27="+",1,IF(X27="-","",IF(X27="",AQ27))) | Y27: =IF(Z27="+",1,IF(Z27="-","",IF(Z27="",AR27))) | AA27: =IF(AB27="+",1,IF(AB27="-","",IF(AB27="",AS27))) | AC27: =IF(AD27="+",1,IF(AD27="-","",IF(AD27="",AT27))) | AG27: =IF(SUM(K27:AC27)<>1,"FEJL","") | AK27: =IF(B27="DEN (SD 21-24)",1,"") -> 1 | AL27: =IF(B27="DEN (SD 25-32)",1,"") | AM27: =IF(B27="SWE (SD 25-32)",1,"") | AN27: =IF(B27="POL (SD 21-24)",1,"") | AO27: =IF(B27="POL (SD 25-32)",1,"") | AP27: =IF(B27="LAT (SD 25-32)",1,"") | AQ27: =IF(B27="EST (SD 25-32)",1,"") | AR27: =IF(B27="GFR (SD 21-24)",1,"") | AS27: =IF(B27="LTU (SD 25-32)",1,"") | AT27: =IF(B27="RUS (SD 25-32)",1,"")
A28: Standard | B28: ='Final list of total hauls pros'!M25 -> DEN (SD 21-24) | C28: 24 | D28: ='Final list of total hauls pros'!A25 -> 22081 | E28: =IF(D28<>"",LEFT(D28,2),"") -> 22 | F28: ='Final list of total hauls pros'!B25 -> 39F9 | G28: ='Final list of total hauls pros'!I25 -> DEN | H28: ='Final list of total hauls pros'!L25 -> 21-24 | I28: =IF(L28="+",$K$2,IF(N28="+",$M$2,IF(P28="+",$O$2,IF(R28="+",$Q$2,IF(T28="+",$S$2,IF(V28="+",$U$2,IF(X28="+",$W$2,IF(Z28="+",$Y$2,IF(AB28="+",$AA$2,IF(AD28="+",$AC$2,B28)))))))))) -> DEN (SD 21-24) | K28: =IF(L28="+",1,IF(L28="-","",IF(L28="",AK28))) -> 1 | M28: =IF(N28="+",1,IF(N28="-","",IF(N28="",AL28))) | O28: =IF(P28="+",1,IF(P28="-","",IF(P28="",AM28))) | Q28: =IF(R28="+",1,IF(R28="-","",IF(R28="",AN28))) | S28: =IF(T28="+",1,IF(T28="-","",IF(T28="",AO28))) | U28: =IF(V28="+",1,IF(V28="-","",IF(V28="",AP28))) | W28: =IF(X28="+",1,IF(X28="-","",IF(X28="",AQ28))) | Y28: =IF(Z28="+",1,IF(Z28="-","",IF(Z28="",AR28))) | AA28: =IF(AB28="+",1,IF(AB28="-","",IF(AB28="",AS28))) | AC28: =IF(AD28="+",1,IF(AD28="-","",IF(AD28="",AT28))) | AG28: =IF(SUM(K28:AC28)<>1,"FEJL","") | AK28: =IF(B28="DEN (SD 21-24)",1,"") -> 1 | AL28: =IF(B28="DEN (SD 25-32)",1,"") | AM28: =IF(B28="SWE (SD 25-32)",1,"") | AN28: =IF(B28="POL (SD 21-24)",1,"") | AO28: =IF(B28="POL (SD 25-32)",1,"") | AP28: =IF(B28="LAT (SD 25-32)",1,"") | AQ28: =IF(B28="EST (SD 25-32)",1,"") | AR28: =IF(B28="GFR (SD 21-24)",1,"") | AS28: =IF(B28="LTU (SD 25-32)",1,"") | AT28: =IF(B28="RUS (SD 25-32)",1,"")
A29: Standard | B29: ='Final list of total hauls pros'!M26 -> DEN (SD 21-24) | C29: 25 | D29: ='Final list of total hauls pros'!A26 -> 22084 | E29: =IF(D29<>"",LEFT(D29,2),"") -> 22 | F29: ='Final list of total hauls pros'!B26 -> 39G1 | G29: ='Final list of total hauls pros'!I26 -> DEN | H29: ='Final list of total hauls pros'!L26 -> 21-24 | I29: =IF(L29="+",$K$2,IF(N29="+",$M$2,IF(P29="+",$O$2,IF(R29="+",$Q$2,IF(T29="+",$S$2,IF(V29="+",$U$2,IF(X29="+",$W$2,IF(Z29="+",$Y$2,IF(AB29="+",$AA$2,IF(AD29="+",$AC$2,B29)))))))))) -> DEN (SD 21-24) | K29: =IF(L29="+",1,IF(L29="-","",IF(L29="",AK29))) -> 1 | M29: =IF(N29="+",1,IF(N29="-","",IF(N29="",AL29))) | O29: =IF(P29="+",1,IF(P29="-","",IF(P29="",AM29))) | Q29: =IF(R29="+",1,IF(R29="-","",IF(R29="",AN29))) | S29: =IF(T29="+",1,IF(T29="-","",IF(T29="",AO29))) | U29: =IF(V29="+",1,IF(V29="-","",IF(V29="",AP29))) | W29: =IF(X29="+",1,IF(X29="-","",IF(X29="",AQ29))) | Y29: =IF(Z29="+",1,IF(Z29="-","",IF(Z29="",AR29))) | AA29: =IF(AB29="+",1,IF(AB29="-","",IF(AB29="",AS29))) | AC29: =IF(AD29="+",1,IF(AD29="-","",IF(AD29="",AT29))) | AG29: =IF(SUM(K29:AC29)<>1,"FEJL","") | AK29: =IF(B29="DEN (SD 21-24)",1,"") -> 1 | AL29: =IF(B29="DEN (SD 25-32)",1,"") | AM29: =IF(B29="SWE (SD 25-32)",1,"") | AN29: =IF(B29="POL (SD 21-24)",1,"") | AO29: =IF(B29="POL (SD 25-32)",1,"") | AP29: =IF(B29="LAT (SD 25-32)",1,"") | AQ29: =IF(B29="EST (SD 25-32)",1,"") | AR29: =IF(B29="GFR (SD 21-24)",1,"") | AS29: =IF(B29="LTU (SD 25-32)",1,"") | AT29: =IF(B29="RUS (SD 25-32)",1,"")
A30: Standard | B30: ='Final list of total hauls pros'!M27 -> DEN (SD 21-24) | C30: 26 | D30: ='Final list of total hauls pros'!A27 -> 22085 | E30: =IF(D30<>"",LEFT(D30,2),"") -> 22 | F30: ='Final list of total hauls pros'!B27 -> 40G0 | G30: ='Final list of total hauls pros'!I27 -> DEN | H30: ='Final list of total hauls pros'!L27 -> 21-24 | I30: =IF(L30="+",$K$2,IF(N30="+",$M$2,IF(P30="+",$O$2,IF(R30="+",$Q$2,IF(T30="+",$S$2,IF(V30="+",$U$2,IF(X30="+",$W$2,IF(Z30="+",$Y$2,IF(AB30="+",$AA$2,IF(AD30="+",$AC$2,B30)))))))))) -> DEN (SD 21-24) | K30: =IF(L30="+",1,IF(L30="-","",IF(L30="",AK30))) -> 1 | M30: =IF(N30="+",1,IF(N30="-","",IF(N30="",AL30))) | O30: =IF(P30="+",1,IF(P30="-","",IF(P30="",AM30))) | Q30: =IF(R30="+",1,IF(R30="-","",IF(R30="",AN30))) | S30: =IF(T30="+",1,IF(T30="-","",IF(T30="",AO30))) | U30: =IF(V30="+",1,IF(V30="-","",IF(V30="",AP30))) | W30: =IF(X30="+",1,IF(X30="-","",IF(X30="",AQ30))) | Y30: =IF(Z30="+",1,IF(Z30="-","",IF(Z30="",AR30))) | AA30: =IF(AB30="+",1,IF(AB30="-","",IF(AB30="",AS30))) | AC30: =IF(AD30="+",1,IF(AD30="-","",IF(AD30="",AT30))) | AG30: =IF(SUM(K30:AC30)<>1,"FEJL","") | AK30: =IF(B30="DEN (SD 21-24)",1,"") -> 1 | AL30: =IF(B30="DEN (SD 25-32)",1,"") | AM30: =IF(B30="SWE (SD 25-32)",1,"") | AN30: =IF(B30="POL (SD 21-24)",1,"") | AO30: =IF(B30="POL (SD 25-32)",1,"") | AP30: =IF(B30="LAT (SD 25-32)",1,"") | AQ30: =IF(B30="EST (SD 25-32)",1,"") | AR30: =IF(B30="GFR (SD 21-24)",1,"") | AS30: =IF(B30="LTU (SD 25-32)",1,"") | AT30: =IF(B30="RUS (SD 25-32)",1,"")
A31: Standard | B31: ='Final list of total hauls pros'!M28 -> DEN (SD 21-24) | C31: 27 | D31: ='Final list of total hauls pros'!A28 -> 22086 | E31: =IF(D31<>"",LEFT(D31,2),"") -> 22 | F31: ='Final list of total hauls pros'!B28 -> 40G0 | G31: ='Final list of total hauls pros'!I28 -> DEN | H31: ='Final list of total hauls pros'!L28 -> 21-24 | I31: =IF(L31="+",$K$2,IF(N31="+",$M$2,IF(P31="+",$O$2,IF(R31="+",$Q$2,IF(T31="+",$S$2,IF(V31="+",$U$2,IF(X31="+",$W$2,IF(Z31="+",$Y$2,IF(AB31="+",$AA$2,IF(AD31="+",$AC$2,B31)))))))))) -> DEN (SD 21-24) | K31: =IF(L31="+",1,IF(L31="-","",IF(L31="",AK31))) -> 1 | M31: =IF(N31="+",1,IF(N31="-","",IF(N31="",AL31))) | O31: =IF(P31="+",1,IF(P31="-","",IF(P31="",AM31))) | Q31: =IF(R31="+",1,IF(R31="-","",IF(R31="",AN31))) | S31: =IF(T31="+",1,IF(T31="-","",IF(T31="",AO31))) | U31: =IF(V31="+",1,IF(V31="-","",IF(V31="",AP31))) | W31: =IF(X31="+",1,IF(X31="-","",IF(X31="",AQ31))) | Y31: =IF(Z31="+",1,IF(Z31="-","",IF(Z31="",AR31))) | AA31: =IF(AB31="+",1,IF(AB31="-","",IF(AB31="",AS31))) | AC31: =IF(AD31="+",1,IF(AD31="-","",IF(AD31="",AT31))) | AG31: =IF(SUM(K31:AC31)<>1,"FEJL","") | AK31: =IF(B31="DEN (SD 21-24)",1,"") -> 1 | AL31: =IF(B31="DEN (SD 25-32)",1,"") | AM31: =IF(B31="SWE (SD 25-32)",1,"") | AN31: =IF(B31="POL (SD 21-24)",1,"") | AO31: =IF(B31="POL (SD 25-32)",1,"") | AP31: =IF(B31="LAT (SD 25-32)",1,"") | AQ31: =IF(B31="EST (SD 25-32)",1,"") | AR31: =IF(B31="GFR (SD 21-24)",1,"") | AS31: =IF(B31="LTU (SD 25-32)",1,"") | AT31: =IF(B31="RUS (SD 25-32)",1,"")
A32: Standard | B32: ='Final list of total hauls pros'!M29 -> DEN (SD 21-24) | C32: 28 | D32: ='Final list of total hauls pros'!A29 -> 22092 | E32: =IF(D32<>"",LEFT(D32,2),"") -> 22 | F32: ='Final list of total hauls pros'!B29 -> 40G0 | G32: ='Final list of total hauls pros'!I29 -> DEN | H32: ='Final list of total hauls pros'!L29 -> 21-24 | I32: =IF(L32="+",$K$2,IF(N32="+",$M$2,IF(P32="+",$O$2,IF(R32="+",$Q$2,IF(T32="+",$S$2,IF(V32="+",$U$2,IF(X32="+",$W$2,IF(Z32="+",$Y$2,IF(AB32="+",$AA$2,IF(AD32="+",$AC$2,B32)))))))))) -> DEN (SD 21-24) | K32: =IF(L32="+",1,IF(L32="-","",IF(L32="",AK32))) -> 1 | M32: =IF(N32="+",1,IF(N32="-","",IF(N32="",AL32))) | O32: =IF(P32="+",1,IF(P32="-","",IF(P32="",AM32))) | Q32: =IF(R32="+",1,IF(R32="-","",IF(R32="",AN32))) | S32: =IF(T32="+",1,IF(T32="-","",IF(T32="",AO32))) | U32: =IF(V32="+",1,IF(V32="-","",IF(V32="",AP32))) | W32: =IF(X32="+",1,IF(X32="-","",IF(X32="",AQ32))) | Y32: =IF(Z32="+",1,IF(Z32="-","",IF(Z32="",AR32))) | AA32: =IF(AB32="+",1,IF(AB32="-","",IF(AB32="",AS32))) | AC32: =IF(AD32="+",1,IF(AD32="-","",IF(AD32="",AT32))) | AG32: =IF(SUM(K32:AC32)<>1,"FEJL","") | AK32: =IF(B32="DEN (SD 21-24)",1,"") -> 1 | AL32: =IF(B32="DEN (SD 25-32)",1,"") | AM32: =IF(B32="SWE (SD 25-32)",1,"") | AN32: =IF(B32="POL (SD 21-24)",1,"") | AO32: =IF(B32="POL (SD 25-32)",1,"") | AP32: =IF(B32="LAT (SD 25-32)",1,"") | AQ32: =IF(B32="EST (SD 25-32)",1,"") | AR32: =IF(B32="GFR (SD 21-24)",1,"") | AS32: =IF(B32="LTU (SD 25-32)",1,"") | AT32: =IF(B32="RUS (SD 25-32)",1,"")
A33: Standard | B33: ='Final list of total hauls pros'!M30 -> DEN (SD 21-24) | C33: 29 | D33: ='Final list of total hauls pros'!A30 -> 22103 | E33: =IF(D33<>"",LEFT(D33,2),"") -> 22 | F33: ='Final list of total hauls pros'!B30 -> 39G1 | G33: ='Final list of total hauls pros'!I30 -> DEN | H33: ='Final list of total hauls pros'!L30 -> 21-24 | I33: =IF(L33="+",$K$2,IF(N33="+",$M$2,IF(P33="+",$O$2,IF(R33="+",$Q$2,IF(T33="+",$S$2,IF(V33="+",$U$2,IF(X33="+",$W$2,IF(Z33="+",$Y$2,IF(AB33="+",$AA$2,IF(AD33="+",$AC$2,B33)))))))))) -> DEN (SD 21-24) | K33: =IF(L33="+",1,IF(L33="-","",IF(L33="",AK33))) -> 1 | M33: =IF(N33="+",1,IF(N33="-","",IF(N33="",AL33))) | O33: =IF(P33="+",1,IF(P33="-","",IF(P33="",AM33))) | Q33: =IF(R33="+",1,IF(R33="-","",IF(R33="",AN33))) | S33: =IF(T33="+",1,IF(T33="-","",IF(T33="",AO33))) | U33: =IF(V33="+",1,IF(V33="-","",IF(V33="",AP33))) | W33: =IF(X33="+",1,IF(X33="-","",IF(X33="",AQ33))) | Y33: =IF(Z33="+",1,IF(Z33="-","",IF(Z33="",AR33))) | AA33: =IF(AB33="+",1,IF(AB33="-","",IF(AB33="",AS33))) | AC33: =IF(AD33="+",1,IF(AD33="-","",IF(AD33="",AT33))) | AG33: =IF(SUM(K33:AC33)<>1,"FEJL","") | AK33: =IF(B33="DEN (SD 21-24)",1,"") -> 1 | AL33: =IF(B33="DEN (SD 25-32)",1,"") | AM33: =IF(B33="SWE (SD 25-32)",1,"") | AN33: =IF(B33="POL (SD 21-24)",1,"") | AO33: =IF(B33="POL (SD 25-32)",1,"") | AP33: =IF(B33="LAT (SD 25-32)",1,"") | AQ33: =IF(B33="EST (SD 25-32)",1,"") | AR33: =IF(B33="GFR (SD 21-24)",1,"") | AS33: =IF(B33="LTU (SD 25-32)",1,"") | AT33: =IF(B33="RUS (SD 25-32)",1,"")
A34: Standard | B34: ='Final list of total hauls pros'!M31 -> DEN (SD 21-24) | C34: 30 | D34: ='Final list of total hauls pros'!A31 -> 22111 | E34: =IF(D34<>"",LEFT(D34,2),"") -> 22 | F34: ='Final list of total hauls pros'!B31 -> 38G0 | G34: ='Final list of total hauls pros'!I31 -> DEN | H34: ='Final list of total hauls pros'!L31 -> 21-24 | I34: =IF(L34="+",$K$2,IF(N34="+",$M$2,IF(P34="+",$O$2,IF(R34="+",$Q$2,IF(T34="+",$S$2,IF(V34="+",$U$2,IF(X34="+",$W$2,IF(Z34="+",$Y$2,IF(AB34="+",$AA$2,IF(AD34="+",$AC$2,B34)))))))))) -> DEN (SD 21-24) | K34: =IF(L34="+",1,IF(L34="-","",IF(L34="",AK34))) -> 1 | M34: =IF(N34="+",1,IF(N34="-","",IF(N34="",AL34))) | O34: =IF(P34="+",1,IF(P34="-","",IF(P34="",AM34))) | Q34: =IF(R34="+",1,IF(R34="-","",IF(R34="",AN34))) | S34: =IF(T34="+",1,IF(T34="-","",IF(T34="",AO34))) | U34: =IF(V34="+",1,IF(V34="-","",IF(V34="",AP34))) | W34: =IF(X34="+",1,IF(X34="-","",IF(X34="",AQ34))) | Y34: =IF(Z34="+",1,IF(Z34="-","",IF(Z34="",AR34))) | AA34: =IF(AB34="+",1,IF(AB34="-","",IF(AB34="",AS34))) | AC34: =IF(AD34="+",1,IF(AD34="-","",IF(AD34="",AT34))) | AG34: =IF(SUM(K34:AC34)<>1,"FEJL","") | AK34: =IF(B34="DEN (SD 21-24)",1,"") -> 1 | AL34: =IF(B34="DEN (SD 25-32)",1,"") | AM34: =IF(B34="SWE (SD 25-32)",1,"") | AN34: =IF(B34="POL (SD 21-24)",1,"") | AO34: =IF(B34="POL (SD 25-32)",1,"") | AP34: =IF(B34="LAT (SD 25-32)",1,"") | AQ34: =IF(B34="EST (SD 25-32)",1,"") | AR34: =IF(B34="GFR (SD 21-24)",1,"") | AS34: =IF(B34="LTU (SD 25-32)",1,"") | AT34: =IF(B34="RUS (SD 25-32)",1,"")
... A54: Standard | B54: ='Final list of total hauls pros'!M51 -> GFR (SD 21-24) | C54: 50 | D54: ='Final list of total hauls pros'!A51 -> 24016 | E54: =IF(D54<>"",LEFT(D54,2),"") -> 24 | F54: ='Final list of total hauls pros'!B51 -> 38G2 | G54: ='Final list of total hauls pros'!I51 -> GFR | H54: ='Final list of total hauls pros'!L51 -> 21-24 | I54: =IF(L54="+",$K$2,IF(N54="+",$M$2,IF(P54="+",$O$2,IF(R54="+",$Q$2,IF(T54="+",$S$2,IF(V54="+",$U$2,IF(X54="+",$W$2,IF(Z54="+",$Y$2,IF(AB54="+",$AA$2,IF(AD54="+",$AC$2,B54)))))))))) -> GFR (SD 21-24) | K54: =IF(L54="+",1,IF(L54="-","",IF(L54="",AK54))) | M54: =IF(N54="+",1,IF(N54="-","",IF(N54="",AL54))) | O54: =IF(P54="+",1,IF(P54="-","",IF(P54="",AM54))) | Q54: =IF(R54="+",1,IF(R54="-","",IF(R54="",AN54))) | S54: =IF(T54="+",1,IF(T54="-","",IF(T54="",AO54))) | U54: =IF(V54="+",1,IF(V54="-","",IF(V54="",AP54))) | W54: =IF(X54="+",1,IF(X54="-","",IF(X54="",AQ54))) | Y54: =IF(Z54="+",1,IF(Z54="-","",IF(Z54="",AR54))) -> 1 | AA54: =IF(AB54="+",1,IF(AB54="-","",IF(AB54="",AS54))) | AC54: =IF(AD54="+",1,IF(AD54="-","",IF(AD54="",AT54))) | AG54: =IF(SUM(K54:AC54)<>1,"FEJL","") | AK54: =IF(B54="DEN (SD 21-24)",1,"") | AL54: =IF(B54="DEN (SD 25-32)",1,"") | AM54: =IF(B54="SWE (SD 25-32)",1,"") | AN54: =IF(B54="POL (SD 21-24)",1,"") | AO54: =IF(B54="POL (SD 25-32)",1,"") | AP54: =IF(B54="LAT (SD 25-32)",1,"") | AQ54: =IF(B54="EST (SD 25-32)",1,"") | AR54: =IF(B54="GFR (SD 21-24)",1,"") -> 1 | AS54: =IF(B54="LTU (SD 25-32)",1,"") | AT54: =IF(B54="RUS (SD 25-32)",1,"")
A55: Standard | B55: ='Final list of total hauls pros'!M52 -> POL (SD 21-24) | C55: 51 | D55: ='Final list of total hauls pros'!A52 -> 24022 | E55: =IF(D55<>"",LEFT(D55,2),"") -> 24 | F55: ='Final list of total hauls pros'!B52 -> 37G4 | G55: ='Final list of total hauls pros'!I52 -> POL | H55: ='Final list of total hauls pros'!L52 -> 21-24 | I55: =IF(L55="+",$K$2,IF(N55="+",$M$2,IF(P55="+",$O$2,IF(R55="+",$Q$2,IF(T55="+",$S$2,IF(V55="+",$U$2,IF(X55="+",$W$2,IF(Z55="+",$Y$2,IF(AB55="+",$AA$2,IF(AD55="+",$AC$2,B55)))))))))) -> GFR (SD 21-24) | K55: =IF(L55="+",1,IF(L55="-","",IF(L55="",AK55))) | M55: =IF(N55="+",1,IF(N55="-","",IF(N55="",AL55))) | O55: =IF(P55="+",1,IF(P55="-","",IF(P55="",AM55))) | Q55: =IF(R55="+",1,IF(R55="-","",IF(R55="",AN55))) | R55: - | S55: =IF(T55="+",1,IF(T55="-","",IF(T55="",AO55))) | U55: =IF(V55="+",1,IF(V55="-","",IF(V55="",AP55))) | W55: =IF(X55="+",1,IF(X55="-","",IF(X55="",AQ55))) | Y55: =IF(Z55="+",1,IF(Z55="-","",IF(Z55="",AR55))) -> 1 | Z55: + | AA55: =IF(AB55="+",1,IF(AB55="-","",IF(AB55="",AS55))) | AC55: =IF(AD55="+",1,IF(AD55="-","",IF(AD55="",AT55))) | AG55: =IF(SUM(K55:AC55)<>1,"FEJL","") | AK55: =IF(B55="DEN (SD 21-24)",1,"") | AL55: =IF(B55="DEN (SD 25-32)",1,"") | AM55: =IF(B55="SWE (SD 25-32)",1,"") | AN55: =IF(B55="POL (SD 21-24)",1,"") -> 1 | AO55: =IF(B55="POL (SD 25-32)",1,"") | AP55: =IF(B55="LAT (SD 25-32)",1,"") | AQ55: =IF(B55="EST (SD 25-32)",1,"") | AR55: =IF(B55="GFR (SD 21-24)",1,"") | AS55: =IF(B55="LTU (SD 25-32)",1,"") | AT55: =IF(B55="RUS (SD 25-32)",1,"")
A56: Standard | B56: ='Final list of total hauls pros'!M53 -> GFR (SD 21-24) | C56: 52 | D56: ='Final list of total hauls pros'!A53 -> 24024 | E56: =IF(D56<>"",LEFT(D56,2),"") -> 24 | F56: ='Final list of total hauls pros'!B53 -> 38G3 | G56: ='Final list of total hauls pros'!I53 -> GFR | H56: ='Final list of total hauls pros'!L53 -> 21-24 | I56: =IF(L56="+",$K$2,IF(N56="+",$M$2,IF(P56="+",$O$2,IF(R56="+",$Q$2,IF(T56="+",$S$2,IF(V56="+",$U$2,IF(X56="+",$W$2,IF(Z56="+",$Y$2,IF(AB56="+",$AA$2,IF(AD56="+",$AC$2,B56)))))))))) -> GFR (SD 21-24) | K56: =IF(L56="+",1,IF(L56="-","",IF(L56="",AK56))) | M56: =IF(N56="+",1,IF(N56="-","",IF(N56="",AL56))) | O56: =IF(P56="+",1,IF(P56="-","",IF(P56="",AM56))) | Q56: =IF(R56="+",1,IF(R56="-","",IF(R56="",AN56))) | S56: =IF(T56="+",1,IF(T56="-","",IF(T56="",AO56))) | U56: =IF(V56="+",1,IF(V56="-","",IF(V56="",AP56))) | W56: =IF(X56="+",1,IF(X56="-","",IF(X56="",AQ56))) | Y56: =IF(Z56="+",1,IF(Z56="-","",IF(Z56="",AR56))) -> 1 | AA56: =IF(AB56="+",1,IF(AB56="-","",IF(AB56="",AS56))) | AC56: =IF(AD56="+",1,IF(AD56="-","",IF(AD56="",AT56))) | AG56: =IF(SUM(K56:AC56)<>1,"FEJL","") | AK56: =IF(B56="DEN (SD 21-24)",1,"") | AL56: =IF(B56="DEN (SD 25-32)",1,"") | AM56: =IF(B56="SWE (SD 25-32)",1,"") | AN56: =IF(B56="POL (SD 21-24)",1,"") | AO56: =IF(B56="POL (SD 25-32)",1,"") | AP56: =IF(B56="LAT (SD 25-32)",1,"") | AQ56: =IF(B56="EST (SD 25-32)",1,"") | AR56: =IF(B56="GFR (SD 21-24)",1,"") -> 1 | AS56: =IF(B56="LTU (SD 25-32)",1,"") | AT56: =IF(B56="RUS (SD 25-32)",1,"")
A57: Standard | B57: ='Final list of total hauls pros'!M54 -> GFR (SD 21-24) | C57: 53 | D57: ='Final list of total hauls pros'!A54 -> 24039 | E57: =IF(D57<>"",LEFT(D57,2),"") -> 24 | F57: ='Final list of total hauls pros'!B54 -> 38G4 | G57: ='Final list of total hauls pros'!I54 -> GFR | H57: ='Final list of total hauls pros'!L54 -> 21-24 | I57: =IF(L57="+",$K$2,IF(N57="+",$M$2,IF(P57="+",$O$2,IF(R57="+",$Q$2,IF(T57="+",$S$2,IF(V57="+",$U$2,IF(X57="+",$W$2,IF(Z57="+",$Y$2,IF(AB57="+",$AA$2,IF(AD57="+",$AC$2,B57)))))))))) -> GFR (SD 21-24) | K57: =IF(L57="+",1,IF(L57="-","",IF(L57="",AK57))) | M57: =IF(N57="+",1,IF(N57="-","",IF(N57="",AL57))) | O57: =IF(P57="+",1,IF(P57="-","",IF(P57="",AM57))) | Q57: =IF(R57="+",1,IF(R57="-","",IF(R57="",AN57))) | S57: =IF(T57="+",1,IF(T57="-","",IF(T57="",AO57))) | U57: =IF(V57="+",1,IF(V57="-","",IF(V57="",AP57))) | W57: =IF(X57="+",1,IF(X57="-","",IF(X57="",AQ57))) | Y57: =IF(Z57="+",1,IF(Z57="-","",IF(Z57="",AR57))) -> 1 | AA57: =IF(AB57="+",1,IF(AB57="-","",IF(AB57="",AS57))) | AC57: =IF(AD57="+",1,IF(AD57="-","",IF(AD57="",AT57))) | AG57: =IF(SUM(K57:AC57)<>1,"FEJL","") | AK57: =IF(B57="DEN (SD 21-24)",1,"") | AL57: =IF(B57="DEN (SD 25-32)",1,"") | AM57: =IF(B57="SWE (SD 25-32)",1,"") | AN57: =IF(B57="POL (SD 21-24)",1,"") | AO57: =IF(B57="POL (SD 25-32)",1,"") | AP57: =IF(B57="LAT (SD 25-32)",1,"") | AQ57: =IF(B57="EST (SD 25-32)",1,"") | AR57: =IF(B57="GFR (SD 21-24)",1,"") -> 1 | AS57: =IF(B57="LTU (SD 25-32)",1,"") | AT57: =IF(B57="RUS (SD 25-32)",1,"")
A58: Standard | B58: ='Final list of total hauls pros'!M55 -> GFR (SD 21-24) | C58: 54 | D58: ='Final list of total hauls pros'!A55 -> 24046 | E58: =IF(D58<>"",LEFT(D58,2),"") -> 24 | F58: ='Final list of total hauls pros'!B55 -> 38G4 | G58: ='Final list of total hauls pros'!I55 -> DEN | H58: ='Final list of total hauls pros'!L55 -> 21-24 | I58: =IF(L58="+",$K$2,IF(N58="+",$M$2,IF(P58="+",$O$2,IF(R58="+",$Q$2,IF(T58="+",$S$2,IF(V58="+",$U$2,IF(X58="+",$W$2,IF(Z58="+",$Y$2,IF(AB58="+",$AA$2,IF(AD58="+",$AC$2,B58)))))))))) -> GFR (SD 21-24) | K58: =IF(L58="+",1,IF(L58="-","",IF(L58="",AK58))) | M58: =IF(N58="+",1,IF(N58="-","",IF(N58="",AL58))) | O58: =IF(P58="+",1,IF(P58="-","",IF(P58="",AM58))) | Q58: =IF(R58="+",1,IF(R58="-","",IF(R58="",AN58))) | S58: =IF(T58="+",1,IF(T58="-","",IF(T58="",AO58))) | U58: =IF(V58="+",1,IF(V58="-","",IF(V58="",AP58))) | W58: =IF(X58="+",1,IF(X58="-","",IF(X58="",AQ58))) | Y58: =IF(Z58="+",1,IF(Z58="-","",IF(Z58="",AR58))) -> 1 | AA58: =IF(AB58="+",1,IF(AB58="-","",IF(AB58="",AS58))) | AC58: =IF(AD58="+",1,IF(AD58="-","",IF(AD58="",AT58))) | AG58: =IF(SUM(K58:AC58)<>1,"FEJL","") | AK58: =IF(B58="DEN (SD 21-24)",1,"") | AL58: =IF(B58="DEN (SD 25-32)",1,"") | AM58: =IF(B58="SWE (SD 25-32)",1,"") | AN58: =IF(B58="POL (SD 21-24)",1,"") | AO58: =IF(B58="POL (SD 25-32)",1,"") | AP58: =IF(B58="LAT (SD 25-32)",1,"") | AQ58: =IF(B58="EST (SD 25-32)",1,"") | AR58: =IF(B58="GFR (SD 21-24)",1,"") -> 1 | AS58: =IF(B58="LTU (SD 25-32)",1,"") | AT58: =IF(B58="RUS (SD 25-32)",1,"")
A59: Standard | B59: ='Final list of total hauls pros'!M56 -> GFR (SD 21-24) | C59: 55 | D59: ='Final list of total hauls pros'!A56 -> 24047 | E59: =IF(D59<>"",LEFT(D59,2),"") -> 24 | F59: ='Final list of total hauls pros'!B56 -> 38G4 | G59: ='Final list of total hauls pros'!I56 -> GFR | H59: ='Final list of total hauls pros'!L56 -> 21-24 | I59: =IF(L59="+",$K$2,IF(N59="+",$M$2,IF(P59="+",$O$2,IF(R59="+",$Q$2,IF(T59="+",$S$2,IF(V59="+",$U$2,IF(X59="+",$W$2,IF(Z59="+",$Y$2,IF(AB59="+",$AA$2,IF(AD59="+",$AC$2,B59)))))))))) -> GFR (SD 21-24) | K59: =IF(L59="+",1,IF(L59="-","",IF(L59="",AK59))) | M59: =IF(N59="+",1,IF(N59="-","",IF(N59="",AL59))) | O59: =IF(P59="+",1,IF(P59="-","",IF(P59="",AM59))) | Q59: =IF(R59="+",1,IF(R59="-","",IF(R59="",AN59))) | S59: =IF(T59="+",1,IF(T59="-","",IF(T59="",AO59))) | U59: =IF(V59="+",1,IF(V59="-","",IF(V59="",AP59))) | W59: =IF(X59="+",1,IF(X59="-","",IF(X59="",AQ59))) | Y59: =IF(Z59="+",1,IF(Z59="-","",IF(Z59="",AR59))) -> 1 | AA59: =IF(AB59="+",1,IF(AB59="-","",IF(AB59="",AS59))) | AC59: =IF(AD59="+",1,IF(AD59="-","",IF(AD59="",AT59))) | AG59: =IF(SUM(K59:AC59)<>1,"FEJL","") | AK59: =IF(B59="DEN (SD 21-24)",1,"") | AL59: =IF(B59="DEN (SD 25-32)",1,"") | AM59: =IF(B59="SWE (SD 25-32)",1,"") | AN59: =IF(B59="POL (SD 21-24)",1,"") | AO59: =IF(B59="POL (SD 25-32)",1,"") | AP59: =IF(B59="LAT (SD 25-32)",1,"") | AQ59: =IF(B59="EST (SD 25-32)",1,"") | AR59: =IF(B59="GFR (SD 21-24)",1,"") -> 1 | AS59: =IF(B59="LTU (SD 25-32)",1,"") | AT59: =IF(B59="RUS (SD 25-32)",1,"")
A60: Standard | B60: ='Final list of total hauls pros'!M57 -> POL (SD 21-24) | C60: 56 | D60: ='Final list of total hauls pros'!A57 -> 24055 | E60: =IF(D60<>"",LEFT(D60,2),"") -> 24 | F60: ='Final list of total hauls pros'!B57 -> 38G4 | G60: ='Final list of total hauls pros'!I57 -> POL | H60: ='Final list of total hauls pros'!L57 -> 21-24 | I60: =IF(L60="+",$K$2,IF(N60="+",$M$2,IF(P60="+",$O$2,IF(R60="+",$Q$2,IF(T60="+",$S$2,IF(V60="+",$U$2,IF(X60="+",$W$2,IF(Z60="+",$Y$2,IF(AB60="+",$AA$2,IF(AD60="+",$AC$2,B60)))))))))) -> GFR (SD 21-24) | K60: =IF(L60="+",1,IF(L60="-","",IF(L60="",AK60))) | M60: =IF(N60="+",1,IF(N60="-","",IF(N60="",AL60))) | O60: =IF(P60="+",1,IF(P60="-","",IF(P60="",AM60))) | Q60: =IF(R60="+",1,IF(R60="-","",IF(R60="",AN60))) | R60: - | S60: =IF(T60="+",1,IF(T60="-","",IF(T60="",AO60))) | U60: =IF(V60="+",1,IF(V60="-","",IF(V60="",AP60))) | W60: =IF(X60="+",1,IF(X60="-","",IF(X60="",AQ60))) | Y60: =IF(Z60="+",1,IF(Z60="-","",IF(Z60="",AR60))) -> 1 | Z60: + | AA60: =IF(AB60="+",1,IF(AB60="-","",IF(AB60="",AS60))) | AC60: =IF(AD60="+",1,IF(AD60="-","",IF(AD60="",AT60))) | AG60: =IF(SUM(K60:AC60)<>1,"FEJL","") | AK60: =IF(B60="DEN (SD 21-24)",1,"") | AL60: =IF(B60="DEN (SD 25-32)",1,"") | AM60: =IF(B60="SWE (SD 25-32)",1,"") | AN60: =IF(B60="POL (SD 21-24)",1,"") -> 1 | AO60: =IF(B60="POL (SD 25-32)",1,"") | AP60: =IF(B60="LAT (SD 25-32)",1,"") | AQ60: =IF(B60="EST (SD 25-32)",1,"") | AR60: =IF(B60="GFR (SD 21-24)",1,"") | AS60: =IF(B60="LTU (SD 25-32)",1,"") | AT60: =IF(B60="RUS (SD 25-32)",1,"")
A61: Standard | B61: ='Final list of total hauls pros'!M58 -> POL (SD 21-24) | C61: 57 | D61: ='Final list of total hauls pros'!A58 -> 24057 | E61: =IF(D61<>"",LEFT(D61,2),"") -> 24 | F61: ='Final list of total hauls pros'!B58 -> 37G4 | G61: ='Final list of total hauls pros'!I58 -> POL | H61: ='Final list of total hauls pros'!L58 -> 21-24 | I61: =IF(L61="+",$K$2,IF(N61="+",$M$2,IF(P61="+",$O$2,IF(R61="+",$Q$2,IF(T61="+",$S$2,IF(V61="+",$U$2,IF(X61="+",$W$2,IF(Z61="+",$Y$2,IF(AB61="+",$AA$2,IF(AD61="+",$AC$2,B61)))))))))) -> GFR (SD 21-24) | K61: =IF(L61="+",1,IF(L61="-","",IF(L61="",AK61))) | M61: =IF(N61="+",1,IF(N61="-","",IF(N61="",AL61))) | O61: =IF(P61="+",1,IF(P61="-","",IF(P61="",AM61))) | Q61: =IF(R61="+",1,IF(R61="-","",IF(R61="",AN61))) | R61: - | S61: =IF(T61="+",1,IF(T61="-","",IF(T61="",AO61))) | U61: =IF(V61="+",1,IF(V61="-","",IF(V61="",AP61))) | W61: =IF(X61="+",1,IF(X61="-","",IF(X61="",AQ61))) | Y61: =IF(Z61="+",1,IF(Z61="-","",IF(Z61="",AR61))) -> 1 | Z61: + | AA61: =IF(AB61="+",1,IF(AB61="-","",IF(AB61="",AS61))) | AC61: =IF(AD61="+",1,IF(AD61="-","",IF(AD61="",AT61))) | AG61: =IF(SUM(K61:AC61)<>1,"FEJL","") | AK61: =IF(B61="DEN (SD 21-24)",1,"") | AL61: =IF(B61="DEN (SD 25-32)",1,"") | AM61: =IF(B61="SWE (SD 25-32)",1,"") | AN61: =IF(B61="POL (SD 21-24)",1,"") -> 1 | AO61: =IF(B61="POL (SD 25-32)",1,"") | AP61: =IF(B61="LAT (SD 25-32)",1,"") | AQ61: =IF(B61="EST (SD 25-32)",1,"") | AR61: =IF(B61="GFR (SD 21-24)",1,"") | AS61: =IF(B61="LTU (SD 25-32)",1,"") | AT61: =IF(B61="RUS (SD 25-32)",1,"")
A62: Standard | B62: ='Final list of total hauls pros'!M59 -> GFR (SD 21-24) | C62: 58 | D62: ='Final list of total hauls pros'!A59 -> 24059 | E62: =IF(D62<>"",LEFT(D62,2),"") -> 24 | F62: ='Final list of total hauls pros'!B59 -> 38G2 | G62: ='Final list of total hauls pros'!I59 -> DEN | H62: ='Final list of total hauls pros'!L59 -> 21-24 | I62: =IF(L62="+",$K$2,IF(N62="+",$M$2,IF(P62="+",$O$2,IF(R62="+",$Q$2,IF(T62="+",$S$2,IF(V62="+",$U$2,IF(X62="+",$W$2,IF(Z62="+",$Y$2,IF(AB62="+",$AA$2,IF(AD62="+",$AC$2,B62)))))))))) -> GFR (SD 21-24) | K62: =IF(L62="+",1,IF(L62="-","",IF(L62="",AK62))) | M62: =IF(N62="+",1,IF(N62="-","",IF(N62="",AL62))) | O62: =IF(P62="+",1,IF(P62="-","",IF(P62="",AM62))) | Q62: =IF(R62="+",1,IF(R62="-","",IF(R62="",AN62))) | S62: =IF(T62="+",1,IF(T62="-","",IF(T62="",AO62))) | U62: =IF(V62="+",1,IF(V62="-","",IF(V62="",AP62))) | W62: =IF(X62="+",1,IF(X62="-","",IF(X62="",AQ62))) | Y62: =IF(Z62="+",1,IF(Z62="-","",IF(Z62="",AR62))) -> 1 | AA62: =IF(AB62="+",1,IF(AB62="-","",IF(AB62="",AS62))) | AC62: =IF(AD62="+",1,IF(AD62="-","",IF(AD62="",AT62))) | AG62: =IF(SUM(K62:AC62)<>1,"FEJL","") | AK62: =IF(B62="DEN (SD 21-24)",1,"") | AL62: =IF(B62="DEN (SD 25-32)",1,"") | AM62: =IF(B62="SWE (SD 25-32)",1,"") | AN62: =IF(B62="POL (SD 21-24)",1,"") | AO62: =IF(B62="POL (SD 25-32)",1,"") | AP62: =IF(B62="LAT (SD 25-32)",1,"") | AQ62: =IF(B62="EST (SD 25-32)",1,"") | AR62: =IF(B62="GFR (SD 21-24)",1,"") -> 1 | AS62: =IF(B62="LTU (SD 25-32)",1,"") | AT62: =IF(B62="RUS (SD 25-32)",1,"")
A63: Standard | B63: ='Final list of total hauls pros'!M60 -> GFR (SD 21-24) | C63: 59 | D63: ='Final list of total hauls pros'!A60 -> 24066 | E63: =IF(D63<>"",LEFT(D63,2),"") -> 24 | F63: ='Final list of total hauls pros'!B60 -> 38G3 | G63: ='Final list of total hauls pros'!I60 -> GFR | H63: ='Final list of total hauls pros'!L60 -> 21-24 | I63: =IF(L63="+",$K$2,IF(N63="+",$M$2,IF(P63="+",$O$2,IF(R63="+",$Q$2,IF(T63="+",$S$2,IF(V63="+",$U$2,IF(X63="+",$W$2,IF(Z63="+",$Y$2,IF(AB63="+",$AA$2,IF(AD63="+",$AC$2,B63)))))))))) -> GFR (SD 21-24) | K63: =IF(L63="+",1,IF(L63="-","",IF(L63="",AK63))) | M63: =IF(N63="+",1,IF(N63="-","",IF(N63="",AL63))) | O63: =IF(P63="+",1,IF(P63="-","",IF(P63="",AM63))) | Q63: =IF(R63="+",1,IF(R63="-","",IF(R63="",AN63))) | S63: =IF(T63="+",1,IF(T63="-","",IF(T63="",AO63))) | U63: =IF(V63="+",1,IF(V63="-","",IF(V63="",AP63))) | W63: =IF(X63="+",1,IF(X63="-","",IF(X63="",AQ63))) | Y63: =IF(Z63="+",1,IF(Z63="-","",IF(Z63="",AR63))) -> 1 | AA63: =IF(AB63="+",1,IF(AB63="-","",IF(AB63="",AS63))) | AC63: =IF(AD63="+",1,IF(AD63="-","",IF(AD63="",AT63))) | AG63: =IF(SUM(K63:AC63)<>1,"FEJL","") | AK63: =IF(B63="DEN (SD 21-24)",1,"") | AL63: =IF(B63="DEN (SD 25-32)",1,"") | AM63: =IF(B63="SWE (SD 25-32)",1,"") | AN63: =IF(B63="POL (SD 21-24)",1,"") | AO63: =IF(B63="POL (SD 25-32)",1,"") | AP63: =IF(B63="LAT (SD 25-32)",1,"") | AQ63: =IF(B63="EST (SD 25-32)",1,"") | AR63: =IF(B63="GFR (SD 21-24)",1,"") -> 1 | AS63: =IF(B63="LTU (SD 25-32)",1,"") | AT63: =IF(B63="RUS (SD 25-32)",1,"")
A64: Standard | B64: ='Final list of total hauls pros'!M61 -> GFR (SD 21-24) | C64: 60 | D64: ='Final list of total hauls pros'!A61 -> 24086 | E64: =IF(D64<>"",LEFT(D64,2),"") -> 24 | F64: ='Final list of total hauls pros'!B61 -> 39G2 | G64: ='Final list of total hauls pros'!I61 -> DEN | H64: ='Final list of total hauls pros'!L61 -> 21-24 | I64: =IF(L64="+",$K$2,IF(N64="+",$M$2,IF(P64="+",$O$2,IF(R64="+",$Q$2,IF(T64="+",$S$2,IF(V64="+",$U$2,IF(X64="+",$W$2,IF(Z64="+",$Y$2,IF(AB64="+",$AA$2,IF(AD64="+",$AC$2,B64)))))))))) -> GFR (SD 21-24) | K64: =IF(L64="+",1,IF(L64="-","",IF(L64="",AK64))) | M64: =IF(N64="+",1,IF(N64="-","",IF(N64="",AL64))) | O64: =IF(P64="+",1,IF(P64="-","",IF(P64="",AM64))) | Q64: =IF(R64="+",1,IF(R64="-","",IF(R64="",AN64))) | S64: =IF(T64="+",1,IF(T64="-","",IF(T64="",AO64))) | U64: =IF(V64="+",1,IF(V64="-","",IF(V64="",AP64))) | W64: =IF(X64="+",1,IF(X64="-","",IF(X64="",AQ64))) | Y64: =IF(Z64="+",1,IF(Z64="-","",IF(Z64="",AR64))) -> 1 | AA64: =IF(AB64="+",1,IF(AB64="-","",IF(AB64="",AS64))) | AC64: =IF(AD64="+",1,IF(AD64="-","",IF(AD64="",AT64))) | AG64: =IF(SUM(K64:AC64)<>1,"FEJL","") | AK64: =IF(B64="DEN (SD 21-24)",1,"") | AL64: =IF(B64="DEN (SD 25-32)",1,"") | AM64: =IF(B64="SWE (SD 25-32)",1,"") | AN64: =IF(B64="POL (SD 21-24)",1,"") | AO64: =IF(B64="POL (SD 25-32)",1,"") | AP64: =IF(B64="LAT (SD 25-32)",1,"") | AQ64: =IF(B64="EST (SD 25-32)",1,"") | AR64: =IF(B64="GFR (SD 21-24)",1,"") -> 1 | AS64: =IF(B64="LTU (SD 25-32)",1,"") | AT64: =IF(B64="RUS (SD 25-32)",1,"")
A65: Standard | B65: ='Final list of total hauls pros'!M62 -> GFR (SD 21-24) | C65: 61 | D65: ='Final list of total hauls pros'!A62 -> 24089 | E65: =IF(D65<>"",LEFT(D65,2),"") -> 24 | F65: ='Final list of total hauls pros'!B62 -> 38G2 | G65: ='Final list of total hauls pros'!I62 -> DEN | H65: ='Final list of total hauls pros'!L62 -> 21-24 | I65: =IF(L65="+",$K$2,IF(N65="+",$M$2,IF(P65="+",$O$2,IF(R65="+",$Q$2,IF(T65="+",$S$2,IF(V65="+",$U$2,IF(X65="+",$W$2,IF(Z65="+",$Y$2,IF(AB65="+",$AA$2,IF(AD65="+",$AC$2,B65)))))))))) -> GFR (SD 21-24) | K65: =IF(L65="+",1,IF(L65="-","",IF(L65="",AK65))) | M65: =IF(N65="+",1,IF(N65="-","",IF(N65="",AL65))) | O65: =IF(P65="+",1,IF(P65="-","",IF(P65="",AM65))) | Q65: =IF(R65="+",1,IF(R65="-","",IF(R65="",AN65))) | S65: =IF(T65="+",1,IF(T65="-","",IF(T65="",AO65))) | U65: =IF(V65="+",1,IF(V65="-","",IF(V65="",AP65))) | W65: =IF(X65="+",1,IF(X65="-","",IF(X65="",AQ65))) | Y65: =IF(Z65="+",1,IF(Z65="-","",IF(Z65="",AR65))) -> 1 | AA65: =IF(AB65="+",1,IF(AB65="-","",IF(AB65="",AS65))) | AC65: =IF(AD65="+",1,IF(AD65="-","",IF(AD65="",AT65))) | AG65: =IF(SUM(K65:AC65)<>1,"FEJL","") | AK65: =IF(B65="DEN (SD 21-24)",1,"") | AL65: =IF(B65="DEN (SD 25-32)",1,"") | AM65: =IF(B65="SWE (SD 25-32)",1,"") | AN65: =IF(B65="POL (SD 21-24)",1,"") | AO65: =IF(B65="POL (SD 25-32)",1,"") | AP65: =IF(B65="LAT (SD 25-32)",1,"") | AQ65: =IF(B65="EST (SD 25-32)",1,"") | AR65: =IF(B65="GFR (SD 21-24)",1,"") -> 1 | AS65: =IF(B65="LTU (SD 25-32)",1,"") | AT65: =IF(B65="RUS (SD 25-32)",1,"")
A66: Standard | B66: ='Final list of total hauls pros'!M63 -> GFR (SD 21-24) | C66: 62 | D66: ='Final list of total hauls pros'!A63 -> 24095 | E66: =IF(D66<>"",LEFT(D66,2),"") -> 24 | F66: ='Final list of total hauls pros'!B63 -> 39G2 | G66: ='Final list of total hauls pros'!I63 -> DEN | H66: ='Final list of total hauls pros'!L63 -> 21-24 | I66: =IF(L66="+",$K$2,IF(N66="+",$M$2,IF(P66="+",$O$2,IF(R66="+",$Q$2,IF(T66="+",$S$2,IF(V66="+",$U$2,IF(X66="+",$W$2,IF(Z66="+",$Y$2,IF(AB66="+",$AA$2,IF(AD66="+",$AC$2,B66)))))))))) -> GFR (SD 21-24) | K66: =IF(L66="+",1,IF(L66="-","",IF(L66="",AK66))) | M66: =IF(N66="+",1,IF(N66="-","",IF(N66="",AL66))) | O66: =IF(P66="+",1,IF(P66="-","",IF(P66="",AM66))) | Q66: =IF(R66="+",1,IF(R66="-","",IF(R66="",AN66))) | S66: =IF(T66="+",1,IF(T66="-","",IF(T66="",AO66))) | U66: =IF(V66="+",1,IF(V66="-","",IF(V66="",AP66))) | W66: =IF(X66="+",1,IF(X66="-","",IF(X66="",AQ66))) | Y66: =IF(Z66="+",1,IF(Z66="-","",IF(Z66="",AR66))) -> 1 | AA66: =IF(AB66="+",1,IF(AB66="-","",IF(AB66="",AS66))) | AC66: =IF(AD66="+",1,IF(AD66="-","",IF(AD66="",AT66))) | AG66: =IF(SUM(K66:AC66)<>1,"FEJL","") | AK66: =IF(B66="DEN (SD 21-24)",1,"") | AL66: =IF(B66="DEN (SD 25-32)",1,"") | AM66: =IF(B66="SWE (SD 25-32)",1,"") | AN66: =IF(B66="POL (SD 21-24)",1,"") | AO66: =IF(B66="POL (SD 25-32)",1,"") | AP66: =IF(B66="LAT (SD 25-32)",1,"") | AQ66: =IF(B66="EST (SD 25-32)",1,"") | AR66: =IF(B66="GFR (SD 21-24)",1,"") -> 1 | AS66: =IF(B66="LTU (SD 25-32)",1,"") | AT66: =IF(B66="RUS (SD 25-32)",1,"")
A67: Standard | B67: ='Final list of total hauls pros'!M64 -> GFR (SD 21-24) | C67: 63 | D67: ='Final list of total hauls pros'!A64 -> 24101 | E67: =IF(D67<>"",LEFT(D67,2),"") -> 24 | F67: ='Final list of total hauls pros'!B64 -> 39G3 | G67: ='Final list of total hauls pros'!I64 -> SWE | H67: ='Final list of total hauls pros'!L64 -> 21-24 | I67: =IF(L67="+",$K$2,IF(N67="+",$M$2,IF(P67="+",$O$2,IF(R67="+",$Q$2,IF(T67="+",$S$2,IF(V67="+",$U$2,IF(X67="+",$W$2,IF(Z67="+",$Y$2,IF(AB67="+",$AA$2,IF(AD67="+",$AC$2,B67)))))))))) -> GFR (SD 21-24) | K67: =IF(L67="+",1,IF(L67="-","",IF(L67="",AK67))) | M67: =IF(N67="+",1,IF(N67="-","",IF(N67="",AL67))) | O67: =IF(P67="+",1,IF(P67="-","",IF(P67="",AM67))) | Q67: =IF(R67="+",1,IF(R67="-","",IF(R67="",AN67))) | S67: =IF(T67="+",1,IF(T67="-","",IF(T67="",AO67))) | U67: =IF(V67="+",1,IF(V67="-","",IF(V67="",AP67))) | W67: =IF(X67="+",1,IF(X67="-","",IF(X67="",AQ67))) | Y67: =IF(Z67="+",1,IF(Z67="-","",IF(Z67="",AR67))) -> 1 | AA67: =IF(AB67="+",1,IF(AB67="-","",IF(AB67="",AS67))) | AC67: =IF(AD67="+",1,IF(AD67="-","",IF(AD67="",AT67))) | AG67: =IF(SUM(K67:AC67)<>1,"FEJL","") | AK67: =IF(B67="DEN (SD 21-24)",1,"") | AL67: =IF(B67="DEN (SD 25-32)",1,"") | AM67: =IF(B67="SWE (SD 25-32)",1,"") | AN67: =IF(B67="POL (SD 21-24)",1,"") | AO67: =IF(B67="POL (SD 25-32)",1,"") | AP67: =IF(B67="LAT (SD 25-32)",1,"") | AQ67: =IF(B67="EST (SD 25-32)",1,"") | AR67: =IF(B67="GFR (SD 21-24)",1,"") -> 1 | AS67: =IF(B67="LTU (SD 25-32)",1,"") | AT67: =IF(B67="RUS (SD 25-32)",1,"")
A68: Standard | B68: ='Final list of total hauls pros'!M65 -> GFR (SD 21-24) | C68: 64 | D68: ='Final list of total hauls pros'!A65 -> 24104 | E68: =IF(D68<>"",LEFT(D68,2),"") -> 24 | F68: ='Final list of total hauls pros'!B65 -> 39G3 | G68: ='Final list of total hauls pros'!I65 -> SWE | H68: ='Final list of total hauls pros'!L65 -> 21-24 | I68: =IF(L68="+",$K$2,IF(N68="+",$M$2,IF(P68="+",$O$2,IF(R68="+",$Q$2,IF(T68="+",$S$2,IF(V68="+",$U$2,IF(X68="+",$W$2,IF(Z68="+",$Y$2,IF(AB68="+",$AA$2,IF(AD68="+",$AC$2,B68)))))))))) -> GFR (SD 21-24) | K68: =IF(L68="+",1,IF(L68="-","",IF(L68="",AK68))) | M68: =IF(N68="+",1,IF(N68="-","",IF(N68="",AL68))) | O68: =IF(P68="+",1,IF(P68="-","",IF(P68="",AM68))) | Q68: =IF(R68="+",1,IF(R68="-","",IF(R68="",AN68))) | S68: =IF(T68="+",1,IF(T68="-","",IF(T68="",AO68))) | U68: =IF(V68="+",1,IF(V68="-","",IF(V68="",AP68))) | W68: =IF(X68="+",1,IF(X68="-","",IF(X68="",AQ68))) | Y68: =IF(Z68="+",1,IF(Z68="-","",IF(Z68="",AR68))) -> 1 | AA68: =IF(AB68="+",1,IF(AB68="-","",IF(AB68="",AS68))) | AC68: =IF(AD68="+",1,IF(AD68="-","",IF(AD68="",AT68))) | AG68: =IF(SUM(K68:AC68)<>1,"FEJL","") | AK68: =IF(B68="DEN (SD 21-24)",1,"") | AL68: =IF(B68="DEN (SD 25-32)",1,"") | AM68: =IF(B68="SWE (SD 25-32)",1,"") | AN68: =IF(B68="POL (SD 21-24)",1,"") | AO68: =IF(B68="POL (SD 25-32)",1,"") | AP68: =IF(B68="LAT (SD 25-32)",1,"") | AQ68: =IF(B68="EST (SD 25-32)",1,"") | AR68: =IF(B68="GFR (SD 21-24)",1,"") -> 1 | AS68: =IF(B68="LTU (SD 25-32)",1,"") | AT68: =IF(B68="RUS (SD 25-32)",1,"")
A69: Standard | B69: ='Final list of total hauls pros'!M66 -> GFR (SD 21-24) | C69: 65 | D69: ='Final list of total hauls pros'!A66 -> 24107 | E69: =IF(D69<>"",LEFT(D69,2),"") -> 24 | F69: ='Final list of total hauls pros'!B66 -> 39G3 | G69: ='Final list of total hauls pros'!I66 -> SWE | H69: ='Final list of total hauls pros'!L66 -> 21-24 | I69: =IF(L69="+",$K$2,IF(N69="+",$M$2,IF(P69="+",$O$2,IF(R69="+",$Q$2,IF(T69="+",$S$2,IF(V69="+",$U$2,IF(X69="+",$W$2,IF(Z69="+",$Y$2,IF(AB69="+",$AA$2,IF(AD69="+",$AC$2,B69)))))))))) -> SWE (SD 25-32) | K69: =IF(L69="+",1,IF(L69="-","",IF(L69="",AK69))) | M69: =IF(N69="+",1,IF(N69="-","",IF(N69="",AL69))) | O69: =IF(P69="+",1,IF(P69="-","",IF(P69="",AM69))) -> 1 | P69: + | Q69: =IF(R69="+",1,IF(R69="-","",IF(R69="",AN69))) | S69: =IF(T69="+",1,IF(T69="-","",IF(T69="",AO69))) | U69: =IF(V69="+",1,IF(V69="-","",IF(V69="",AP69))) | W69: =IF(X69="+",1,IF(X69="-","",IF(X69="",AQ69))) | Y69: =IF(Z69="+",1,IF(Z69="-","",IF(Z69="",AR69))) | Z69: - | AA69: =IF(AB69="+",1,IF(AB69="-","",IF(AB69="",AS69))) | AC69: =IF(AD69="+",1,IF(AD69="-","",IF(AD69="",AT69))) | AG69: =IF(SUM(K69:AC69)<>1,"FEJL","") | AK69: =IF(B69="DEN (SD 21-24)",1,"") | AL69: =IF(B69="DEN (SD 25-32)",1,"") | AM69: =IF(B69="SWE (SD 25-32)",1,"") | AN69: =IF(B69="POL (SD 21-24)",1,"") | AO69: =IF(B69="POL (SD 25-32)",1,"") | AP69: =IF(B69="LAT (SD 25-32)",1,"") | AQ69: =IF(B69="EST (SD 25-32)",1,"") | AR69: =IF(B69="GFR (SD 21-24)",1,"") -> 1 | AS69: =IF(B69="LTU (SD 25-32)",1,"") | AT69: =IF(B69="RUS (SD 25-32)",1,"")
A70: Standard | B70: ='Final list of total hauls pros'!M67 -> GFR (SD 21-24) | C70: 66 | D70: ='Final list of total hauls pros'!A67 -> 24142 | E70: =IF(D70<>"",LEFT(D70,2),"") -> 24 | F70: ='Final list of total hauls pros'!B67 -> 39G4 | G70: ='Final list of total hauls pros'!I67 -> SWE | H70: ='Final list of total hauls pros'!L67 -> 21-24 | I70: =IF(L70="+",$K$2,IF(N70="+",$M$2,IF(P70="+",$O$2,IF(R70="+",$Q$2,IF(T70="+",$S$2,IF(V70="+",$U$2,IF(X70="+",$W$2,IF(Z70="+",$Y$2,IF(AB70="+",$AA$2,IF(AD70="+",$AC$2,B70)))))))))) -> SWE (SD 25-32) | K70: =IF(L70="+",1,IF(L70="-","",IF(L70="",AK70))) | M70: =IF(N70="+",1,IF(N70="-","",IF(N70="",AL70))) | O70: =IF(P70="+",1,IF(P70="-","",IF(P70="",AM70))) -> 1 | P70: + | Q70: =IF(R70="+",1,IF(R70="-","",IF(R70="",AN70))) | S70: =IF(T70="+",1,IF(T70="-","",IF(T70="",AO70))) | U70: =IF(V70="+",1,IF(V70="-","",IF(V70="",AP70))) | W70: =IF(X70="+",1,IF(X70="-","",IF(X70="",AQ70))) | Y70: =IF(Z70="+",1,IF(Z70="-","",IF(Z70="",AR70))) | Z70: - | AA70: =IF(AB70="+",1,IF(AB70="-","",IF(AB70="",AS70))) | AC70: =IF(AD70="+",1,IF(AD70="-","",IF(AD70="",AT70))) | AG70: =IF(SUM(K70:AC70)<>1,"FEJL","") | AK70: =IF(B70="DEN (SD 21-24)",1,"") | AL70: =IF(B70="DEN (SD 25-32)",1,"") | AM70: =IF(B70="SWE (SD 25-32)",1,"") | AN70: =IF(B70="POL (SD 21-24)",1,"") | AO70: =IF(B70="POL (SD 25-32)",1,"") | AP70: =IF(B70="LAT (SD 25-32)",1,"") | AQ70: =IF(B70="EST (SD 25-32)",1,"") | AR70: =IF(B70="GFR (SD 21-24)",1,"") -> 1 | AS70: =IF(B70="LTU (SD 25-32)",1,"") | AT70: =IF(B70="RUS (SD 25-32)",1,"")
A71: Standard | B71: ='Final list of total hauls pros'!M68 -> GFR (SD 21-24) | C71: 67 | D71: ='Final list of total hauls pros'!A68 -> 24150 | E71: =IF(D71<>"",LEFT(D71,2),"") -> 24 | F71: ='Final list of total hauls pros'!B68 -> 38G4 | G71: ='Final list of total hauls pros'!I68 -> DEN | H71: ='Final list of total hauls pros'!L68 -> 21-24 | I71: =IF(L71="+",$K$2,IF(N71="+",$M$2,IF(P71="+",$O$2,IF(R71="+",$Q$2,IF(T71="+",$S$2,IF(V71="+",$U$2,IF(X71="+",$W$2,IF(Z71="+",$Y$2,IF(AB71="+",$AA$2,IF(AD71="+",$AC$2,B71)))))))))) -> GFR (SD 21-24) | K71: =IF(L71="+",1,IF(L71="-","",IF(L71="",AK71))) | M71: =IF(N71="+",1,IF(N71="-","",IF(N71="",AL71))) | O71: =IF(P71="+",1,IF(P71="-","",IF(P71="",AM71))) | Q71: =IF(R71="+",1,IF(R71="-","",IF(R71="",AN71))) | S71: =IF(T71="+",1,IF(T71="-","",IF(T71="",AO71))) | U71: =IF(V71="+",1,IF(V71="-","",IF(V71="",AP71))) | W71: =IF(X71="+",1,IF(X71="-","",IF(X71="",AQ71))) | Y71: =IF(Z71="+",1,IF(Z71="-","",IF(Z71="",AR71))) -> 1 | AA71: =IF(AB71="+",1,IF(AB71="-","",IF(AB71="",AS71))) | AC71: =IF(AD71="+",1,IF(AD71="-","",IF(AD71="",AT71))) | AG71: =IF(SUM(K71:AC71)<>1,"FEJL","") | AK71: =IF(B71="DEN (SD 21-24)",1,"") | AL71: =IF(B71="DEN (SD 25-32)",1,"") | AM71: =IF(B71="SWE (SD 25-32)",1,"") | AN71: =IF(B71="POL (SD 21-24)",1,"") | AO71: =IF(B71="POL (SD 25-32)",1,"") | AP71: =IF(B71="LAT (SD 25-32)",1,"") | AQ71: =IF(B71="EST (SD 25-32)",1,"") | AR71: =IF(B71="GFR (SD 21-24)",1,"") -> 1 | AS71: =IF(B71="LTU (SD 25-32)",1,"") | AT71: =IF(B71="RUS (SD 25-32)",1,"")
A72: Standard | B72: ='Final list of total hauls pros'!M69 -> GFR (SD 21-24) | C72: 68 | D72: ='Final list of total hauls pros'!A69 -> 24164 | E72: =IF(D72<>"",LEFT(D72,2),"") -> 24 | F72: ='Final list of total hauls pros'!B69 -> 38G4 | G72: ='Final list of total hauls pros'!I69 -> DEN | H72: ='Final list of total hauls pros'!L69 -> 21-24 | I72: =IF(L72="+",$K$2,IF(N72="+",$M$2,IF(P72="+",$O$2,IF(R72="+",$Q$2,IF(T72="+",$S$2,IF(V72="+",$U$2,IF(X72="+",$W$2,IF(Z72="+",$Y$2,IF(AB72="+",$AA$2,IF(AD72="+",$AC$2,B72)))))))))) -> GFR (SD 21-24) | K72: =IF(L72="+",1,IF(L72="-","",IF(L72="",AK72))) | M72: =IF(N72="+",1,IF(N72="-","",IF(N72="",AL72))) | O72: =IF(P72="+",1,IF(P72="-","",IF(P72="",AM72))) | Q72: =IF(R72="+",1,IF(R72="-","",IF(R72="",AN72))) | S72: =IF(T72="+",1,IF(T72="-","",IF(T72="",AO72))) | U72: =IF(V72="+",1,IF(V72="-","",IF(V72="",AP72))) | W72: =IF(X72="+",1,IF(X72="-","",IF(X72="",AQ72))) | Y72: =IF(Z72="+",1,IF(Z72="-","",IF(Z72="",AR72))) -> 1 | AA72: =IF(AB72="+",1,IF(AB72="-","",IF(AB72="",AS72))) | AC72: =IF(AD72="+",1,IF(AD72="-","",IF(AD72="",AT72))) | AG72: =IF(SUM(K72:AC72)<>1,"FEJL","") | AK72: =IF(B72="DEN (SD 21-24)",1,"") | AL72: =IF(B72="DEN (SD 25-32)",1,"") | AM72: =IF(B72="SWE (SD 25-32)",1,"") | AN72: =IF(B72="POL (SD 21-24)",1,"") | AO72: =IF(B72="POL (SD 25-32)",1,"") | AP72: =IF(B72="LAT (SD 25-32)",1,"") | AQ72: =IF(B72="EST (SD 25-32)",1,"") | AR72: =IF(B72="GFR (SD 21-24)",1,"") -> 1 | AS72: =IF(B72="LTU (SD 25-32)",1,"") | AT72: =IF(B72="RUS (SD 25-32)",1,"")
A73: Standard | B73: ='Final list of total hauls pros'!M70 -> GFR (SD 21-24) | C73: 69 | D73: ='Final list of total hauls pros'!A70 -> 24169 | E73: =IF(D73<>"",LEFT(D73,2),"") -> 24 | F73: ='Final list of total hauls pros'!B70 -> 38G2 | G73: ='Final list of total hauls pros'!I70 -> DEN | H73: ='Final list of total hauls pros'!L70 -> 21-24 | I73: =IF(L73="+",$K$2,IF(N73="+",$M$2,IF(P73="+",$O$2,IF(R73="+",$Q$2,IF(T73="+",$S$2,IF(V73="+",$U$2,IF(X73="+",$W$2,IF(Z73="+",$Y$2,IF(AB73="+",$AA$2,IF(AD73="+",$AC$2,B73)))))))))) -> GFR (SD 21-24) | K73: =IF(L73="+",1,IF(L73="-","",IF(L73="",AK73))) | M73: =IF(N73="+",1,IF(N73="-","",IF(N73="",AL73))) | O73: =IF(P73="+",1,IF(P73="-","",IF(P73="",AM73))) | Q73: =IF(R73="+",1,IF(R73="-","",IF(R73="",AN73))) | S73: =IF(T73="+",1,IF(T73="-","",IF(T73="",AO73))) | U73: =IF(V73="+",1,IF(V73="-","",IF(V73="",AP73))) | W73: =IF(X73="+",1,IF(X73="-","",IF(X73="",AQ73))) | Y73: =IF(Z73="+",1,IF(Z73="-","",IF(Z73="",AR73))) -> 1 | AA73: =IF(AB73="+",1,IF(AB73="-","",IF(AB73="",AS73))) | AC73: =IF(AD73="+",1,IF(AD73="-","",IF(AD73="",AT73))) | AG73: =IF(SUM(K73:AC73)<>1,"FEJL","") | AK73: =IF(B73="DEN (SD 21-24)",1,"") | AL73: =IF(B73="DEN (SD 25-32)",1,"") | AM73: =IF(B73="SWE (SD 25-32)",1,"") | AN73: =IF(B73="POL (SD 21-24)",1,"") | AO73: =IF(B73="POL (SD 25-32)",1,"") | AP73: =IF(B73="LAT (SD 25-32)",1,"") | AQ73: =IF(B73="EST (SD 25-32)",1,"") | AR73: =IF(B73="GFR (SD 21-24)",1,"") -> 1 | AS73: =IF(B73="LTU (SD 25-32)",1,"") | AT73: =IF(B73="RUS (SD 25-32)",1,"")
A74: Standard | B74: ='Final list of total hauls pros'!M71 -> GFR (SD 21-24) | C74: 70 | D74: ='Final list of total hauls pros'!A71 -> 24183 | E74: =IF(D74<>"",LEFT(D74,2),"") -> 24 | F74: ='Final list of total hauls pros'!B71 -> 38G3 | G74: ='Final list of total hauls pros'!I71 -> GFR | H74: ='Final list of total hauls pros'!L71 -> 21-24 | I74: =IF(L74="+",$K$2,IF(N74="+",$M$2,IF(P74="+",$O$2,IF(R74="+",$Q$2,IF(T74="+",$S$2,IF(V74="+",$U$2,IF(X74="+",$W$2,IF(Z74="+",$Y$2,IF(AB74="+",$AA$2,IF(AD74="+",$AC$2,B74)))))))))) -> GFR (SD 21-24) | K74: =IF(L74="+",1,IF(L74="-","",IF(L74="",AK74))) | M74: =IF(N74="+",1,IF(N74="-","",IF(N74="",AL74))) | O74: =IF(P74="+",1,IF(P74="-","",IF(P74="",AM74))) | Q74: =IF(R74="+",1,IF(R74="-","",IF(R74="",AN74))) | S74: =IF(T74="+",1,IF(T74="-","",IF(T74="",AO74))) | U74: =IF(V74="+",1,IF(V74="-","",IF(V74="",AP74))) | W74: =IF(X74="+",1,IF(X74="-","",IF(X74="",AQ74))) | Y74: =IF(Z74="+",1,IF(Z74="-","",IF(Z74="",AR74))) -> 1 | AA74: =IF(AB74="+",1,IF(AB74="-","",IF(AB74="",AS74))) | AC74: =IF(AD74="+",1,IF(AD74="-","",IF(AD74="",AT74))) | AG74: =IF(SUM(K74:AC74)<>1,"FEJL","") | AK74: =IF(B74="DEN (SD 21-24)",1,"") | AL74: =IF(B74="DEN (SD 25-32)",1,"") | AM74: =IF(B74="SWE (SD 25-32)",1,"") | AN74: =IF(B74="POL (SD 21-24)",1,"") | AO74: =IF(B74="POL (SD 25-32)",1,"") | AP74: =IF(B74="LAT (SD 25-32)",1,"") | AQ74: =IF(B74="EST (SD 25-32)",1,"") | AR74: =IF(B74="GFR (SD 21-24)",1,"") -> 1 | AS74: =IF(B74="LTU (SD 25-32)",1,"") | AT74: =IF(B74="RUS (SD 25-32)",1,"")
A75: Standard | B75: ='Final list of total hauls pros'!M72 -> GFR (SD 21-24) | C75: 71 | D75: ='Final list of total hauls pros'!A72 -> 24207 | E75: =IF(D75<>"",LEFT(D75,2),"") -> 24 | F75: ='Final list of total hauls pros'!B72 -> 38G4 | G75: ='Final list of total hauls pros'!I72 -> DEN | H75: ='Final list of total hauls pros'!L72 -> 21-24 | I75: =IF(L75="+",$K$2,IF(N75="+",$M$2,IF(P75="+",$O$2,IF(R75="+",$Q$2,IF(T75="+",$S$2,IF(V75="+",$U$2,IF(X75="+",$W$2,IF(Z75="+",$Y$2,IF(AB75="+",$AA$2,IF(AD75="+",$AC$2,B75)))))))))) -> GFR (SD 21-24) | K75: =IF(L75="+",1,IF(L75="-","",IF(L75="",AK75))) | M75: =IF(N75="+",1,IF(N75="-","",IF(N75="",AL75))) | O75: =IF(P75="+",1,IF(P75="-","",IF(P75="",AM75))) | Q75: =IF(R75="+",1,IF(R75="-","",IF(R75="",AN75))) | S75: =IF(T75="+",1,IF(T75="-","",IF(T75="",AO75))) | U75: =IF(V75="+",1,IF(V75="-","",IF(V75="",AP75))) | W75: =IF(X75="+",1,IF(X75="-","",IF(X75="",AQ75))) | Y75: =IF(Z75="+",1,IF(Z75="-","",IF(Z75="",AR75))) -> 1 | AA75: =IF(AB75="+",1,IF(AB75="-","",IF(AB75="",AS75))) | AC75: =IF(AD75="+",1,IF(AD75="-","",IF(AD75="",AT75))) | AG75: =IF(SUM(K75:AC75)<>1,"FEJL","") | AK75: =IF(B75="DEN (SD 21-24)",1,"") | AL75: =IF(B75="DEN (SD 25-32)",1,"") | AM75: =IF(B75="SWE (SD 25-32)",1,"") | AN75: =IF(B75="POL (SD 21-24)",1,"") | AO75: =IF(B75="POL (SD 25-32)",1,"") | AP75: =IF(B75="LAT (SD 25-32)",1,"") | AQ75: =IF(B75="EST (SD 25-32)",1,"") | AR75: =IF(B75="GFR (SD 21-24)",1,"") -> 1 | AS75: =IF(B75="LTU (SD 25-32)",1,"") | AT75: =IF(B75="RUS (SD 25-32)",1,"")
A76: Standard | B76: ='Final list of total hauls pros'!M73 -> GFR (SD 21-24) | C76: 72 | D76: ='Final list of total hauls pros'!A73 -> 24251 | E76: =IF(D76<>"",LEFT(D76,2),"") -> 24 | F76: ='Final list of total hauls pros'!B73 -> 39G4 | G76: ='Final list of total hauls pros'!I73 -> DEN | H76: ='Final list of total hauls pros'!L73 -> 21-24 | I76: =IF(L76="+",$K$2,IF(N76="+",$M$2,IF(P76="+",$O$2,IF(R76="+",$Q$2,IF(T76="+",$S$2,IF(V76="+",$U$2,IF(X76="+",$W$2,IF(Z76="+",$Y$2,IF(AB76="+",$AA$2,IF(AD76="+",$AC$2,B76)))))))))) -> GFR (SD 21-24) | K76: =IF(L76="+",1,IF(L76="-","",IF(L76="",AK76))) | M76: =IF(N76="+",1,IF(N76="-","",IF(N76="",AL76))) | O76: =IF(P76="+",1,IF(P76="-","",IF(P76="",AM76))) | Q76: =IF(R76="+",1,IF(R76="-","",IF(R76="",AN76))) | S76: =IF(T76="+",1,IF(T76="-","",IF(T76="",AO76))) | U76: =IF(V76="+",1,IF(V76="-","",IF(V76="",AP76))) | W76: =IF(X76="+",1,IF(X76="-","",IF(X76="",AQ76))) | Y76: =IF(Z76="+",1,IF(Z76="-","",IF(Z76="",AR76))) -> 1 | AA76: =IF(AB76="+",1,IF(AB76="-","",IF(AB76="",AS76))) | AC76: =IF(AD76="+",1,IF(AD76="-","",IF(AD76="",AT76))) | AG76: =IF(SUM(K76:AC76)<>1,"FEJL","") | AK76: =IF(B76="DEN (SD 21-24)",1,"") | AL76: =IF(B76="DEN (SD 25-32)",1,"") | AM76: =IF(B76="SWE (SD 25-32)",1,"") | AN76: =IF(B76="POL (SD 21-24)",1,"") | AO76: =IF(B76="POL (SD 25-32)",1,"") | AP76: =IF(B76="LAT (SD 25-32)",1,"") | AQ76: =IF(B76="EST (SD 25-32)",1,"") | AR76: =IF(B76="GFR (SD 21-24)",1,"") -> 1 | AS76: =IF(B76="LTU (SD 25-32)",1,"") | AT76: =IF(B76="RUS (SD 25-32)",1,"")
A77: Standard | B77: ='Final list of total hauls pros'!M74 -> GFR (SD 21-24) | C77: 73 | D77: ='Final list of total hauls pros'!A74 -> 24252 | E77: =IF(D77<>"",LEFT(D77,2),"") -> 24 | F77: ='Final list of total hauls pros'!B74 -> 39G3 | G77: ='Final list of total hauls pros'!I74 -> SWE | H77: ='Final list of total hauls pros'!L74 -> 21-24 | I77: =IF(L77="+",$K$2,IF(N77="+",$M$2,IF(P77="+",$O$2,IF(R77="+",$Q$2,IF(T77="+",$S$2,IF(V77="+",$U$2,IF(X77="+",$W$2,IF(Z77="+",$Y$2,IF(AB77="+",$AA$2,IF(AD77="+",$AC$2,B77)))))))))) -> SWE (SD 25-32) | K77: =IF(L77="+",1,IF(L77="-","",IF(L77="",AK77))) | M77: =IF(N77="+",1,IF(N77="-","",IF(N77="",AL77))) | O77: =IF(P77="+",1,IF(P77="-","",IF(P77="",AM77))) -> 1 | P77: + | Q77: =IF(R77="+",1,IF(R77="-","",IF(R77="",AN77))) | S77: =IF(T77="+",1,IF(T77="-","",IF(T77="",AO77))) | U77: =IF(V77="+",1,IF(V77="-","",IF(V77="",AP77))) | W77: =IF(X77="+",1,IF(X77="-","",IF(X77="",AQ77))) | Y77: =IF(Z77="+",1,IF(Z77="-","",IF(Z77="",AR77))) | Z77: - | AA77: =IF(AB77="+",1,IF(AB77="-","",IF(AB77="",AS77))) | AC77: =IF(AD77="+",1,IF(AD77="-","",IF(AD77="",AT77))) | AG77: =IF(SUM(K77:AC77)<>1,"FEJL","") | AK77: =IF(B77="DEN (SD 21-24)",1,"") | AL77: =IF(B77="DEN (SD 25-32)",1,"") | AM77: =IF(B77="SWE (SD 25-32)",1,"") | AN77: =IF(B77="POL (SD 21-24)",1,"") | AO77: =IF(B77="POL (SD 25-32)",1,"") | AP77: =IF(B77="LAT (SD 25-32)",1,"") | AQ77: =IF(B77="EST (SD 25-32)",1,"") | AR77: =IF(B77="GFR (SD 21-24)",1,"") -> 1 | AS77: =IF(B77="LTU (SD 25-32)",1,"") | AT77: =IF(B77="RUS (SD 25-32)",1,"")
A78: Standard | B78: ='Final list of total hauls pros'!M75 -> GFR (SD 21-24) | C78: 74 | D78: ='Final list of total hauls pros'!A75 -> 24275 | E78: =IF(D78<>"",LEFT(D78,2),"") -> 24 | F78: ='Final list of total hauls pros'!B75 -> 39G4 | G78: ='Final list of total hauls pros'!I75 -> DEN | H78: ='Final list of total hauls pros'!L75 -> 21-24 | I78: =IF(L78="+",$K$2,IF(N78="+",$M$2,IF(P78="+",$O$2,IF(R78="+",$Q$2,IF(T78="+",$S$2,IF(V78="+",$U$2,IF(X78="+",$W$2,IF(Z78="+",$Y$2,IF(AB78="+",$AA$2,IF(AD78="+",$AC$2,B78)))))))))) -> GFR (SD 21-24) | K78: =IF(L78="+",1,IF(L78="-","",IF(L78="",AK78))) | M78: =IF(N78="+",1,IF(N78="-","",IF(N78="",AL78))) | O78: =IF(P78="+",1,IF(P78="-","",IF(P78="",AM78))) | Q78: =IF(R78="+",1,IF(R78="-","",IF(R78="",AN78))) | S78: =IF(T78="+",1,IF(T78="-","",IF(T78="",AO78))) | U78: =IF(V78="+",1,IF(V78="-","",IF(V78="",AP78))) | W78: =IF(X78="+",1,IF(X78="-","",IF(X78="",AQ78))) | Y78: =IF(Z78="+",1,IF(Z78="-","",IF(Z78="",AR78))) -> 1 | AA78: =IF(AB78="+",1,IF(AB78="-","",IF(AB78="",AS78))) | AC78: =IF(AD78="+",1,IF(AD78="-","",IF(AD78="",AT78))) | AG78: =IF(SUM(K78:AC78)<>1,"FEJL","") | AK78: =IF(B78="DEN (SD 21-24)",1,"") | AL78: =IF(B78="DEN (SD 25-32)",1,"") | AM78: =IF(B78="SWE (SD 25-32)",1,"") | AN78: =IF(B78="POL (SD 21-24)",1,"") | AO78: =IF(B78="POL (SD 25-32)",1,"") | AP78: =IF(B78="LAT (SD 25-32)",1,"") | AQ78: =IF(B78="EST (SD 25-32)",1,"") | AR78: =IF(B78="GFR (SD 21-24)",1,"") -> 1 | AS78: =IF(B78="LTU (SD 25-32)",1,"") | AT78: =IF(B78="RUS (SD 25-32)",1,"")
A79: Standard | B79: ='Final list of total hauls pros'!M76 -> GFR (SD 21-24) | C79: 75 | D79: ='Final list of total hauls pros'!A76 -> 24278 | E79: =IF(D79<>"",LEFT(D79,2),"") -> 24 | F79: ='Final list of total hauls pros'!B76 -> 38G5 | G79: ='Final list of total hauls pros'!I76 -> DEN | H79: ='Final list of total hauls pros'!L76 -> 21-24 | I79: =IF(L79="+",$K$2,IF(N79="+",$M$2,IF(P79="+",$O$2,IF(R79="+",$Q$2,IF(T79="+",$S$2,IF(V79="+",$U$2,IF(X79="+",$W$2,IF(Z79="+",$Y$2,IF(AB79="+",$AA$2,IF(AD79="+",$AC$2,B79)))))))))) -> GFR (SD 21-24) | K79: =IF(L79="+",1,IF(L79="-","",IF(L79="",AK79))) | M79: =IF(N79="+",1,IF(N79="-","",IF(N79="",AL79))) | O79: =IF(P79="+",1,IF(P79="-","",IF(P79="",AM79))) | Q79: =IF(R79="+",1,IF(R79="-","",IF(R79="",AN79))) | S79: =IF(T79="+",1,IF(T79="-","",IF(T79="",AO79))) | U79: =IF(V79="+",1,IF(V79="-","",IF(V79="",AP79))) | W79: =IF(X79="+",1,IF(X79="-","",IF(X79="",AQ79))) | Y79: =IF(Z79="+",1,IF(Z79="-","",IF(Z79="",AR79))) -> 1 | AA79: =IF(AB79="+",1,IF(AB79="-","",IF(AB79="",AS79))) | AC79: =IF(AD79="+",1,IF(AD79="-","",IF(AD79="",AT79))) | AG79: =IF(SUM(K79:AC79)<>1,"FEJL","") | AK79: =IF(B79="DEN (SD 21-24)",1,"") | AL79: =IF(B79="DEN (SD 25-32)",1,"") | AM79: =IF(B79="SWE (SD 25-32)",1,"") | AN79: =IF(B79="POL (SD 21-24)",1,"") | AO79: =IF(B79="POL (SD 25-32)",1,"") | AP79: =IF(B79="LAT (SD 25-32)",1,"") | AQ79: =IF(B79="EST (SD 25-32)",1,"") | AR79: =IF(B79="GFR (SD 21-24)",1,"") -> 1 | AS79: =IF(B79="LTU (SD 25-32)",1,"") | AT79: =IF(B79="RUS (SD 25-32)",1,"")
A80: Standard | B80: ='Final list of total hauls pros'!M77 -> GFR (SD 21-24) | C80: 76 | D80: ='Final list of total hauls pros'!A77 -> 24287 | E80: =IF(D80<>"",LEFT(D80,2),"") -> 24 | F80: ='Final list of total hauls pros'!B77 -> 39G4 | G80: ='Final list of total hauls pros'!I77 -> DEN | H80: ='Final list of total hauls pros'!L77 -> 21-24 | I80: =IF(L80="+",$K$2,IF(N80="+",$M$2,IF(P80="+",$O$2,IF(R80="+",$Q$2,IF(T80="+",$S$2,IF(V80="+",$U$2,IF(X80="+",$W$2,IF(Z80="+",$Y$2,IF(AB80="+",$AA$2,IF(AD80="+",$AC$2,B80)))))))))) -> GFR (SD 21-24) | K80: =IF(L80="+",1,IF(L80="-","",IF(L80="",AK80))) | M80: =IF(N80="+",1,IF(N80="-","",IF(N80="",AL80))) | O80: =IF(P80="+",1,IF(P80="-","",IF(P80="",AM80))) | Q80: =IF(R80="+",1,IF(R80="-","",IF(R80="",AN80))) | S80: =IF(T80="+",1,IF(T80="-","",IF(T80="",AO80))) | U80: =IF(V80="+",1,IF(V80="-","",IF(V80="",AP80))) | W80: =IF(X80="+",1,IF(X80="-","",IF(X80="",AQ80))) | Y80: =IF(Z80="+",1,IF(Z80="-","",IF(Z80="",AR80))) -> 1 | AA80: =IF(AB80="+",1,IF(AB80="-","",IF(AB80="",AS80))) | AC80: =IF(AD80="+",1,IF(AD80="-","",IF(AD80="",AT80))) | AG80: =IF(SUM(K80:AC80)<>1,"FEJL","") | AK80: =IF(B80="DEN (SD 21-24)",1,"") | AL80: =IF(B80="DEN (SD 25-32)",1,"") | AM80: =IF(B80="SWE (SD 25-32)",1,"") | AN80: =IF(B80="POL (SD 21-24)",1,"") | AO80: =IF(B80="POL (SD 25-32)",1,"") | AP80: =IF(B80="LAT (SD 25-32)",1,"") | AQ80: =IF(B80="EST (SD 25-32)",1,"") | AR80: =IF(B80="GFR (SD 21-24)",1,"") -> 1 | AS80: =IF(B80="LTU (SD 25-32)",1,"") | AT80: =IF(B80="RUS (SD 25-32)",1,"")
A81: Standard | B81: ='Final list of total hauls pros'!M78 -> GFR (SD 21-24) | C81: 77 | D81: ='Final list of total hauls pros'!A78 -> 24300 | E81: =IF(D81<>"",LEFT(D81,2),"") -> 24 | F81: ='Final list of total hauls pros'!B78 -> 38G4 | G81: ='Final list of total hauls pros'!I78 -> DEN | H81: ='Final list of total hauls pros'!L78 -> 21-24 | I81: =IF(L81="+",$K$2,IF(N81="+",$M$2,IF(P81="+",$O$2,IF(R81="+",$Q$2,IF(T81="+",$S$2,IF(V81="+",$U$2,IF(X81="+",$W$2,IF(Z81="+",$Y$2,IF(AB81="+",$AA$2,IF(AD81="+",$AC$2,B81)))))))))) -> GFR (SD 21-24) | K81: =IF(L81="+",1,IF(L81="-","",IF(L81="",AK81))) | M81: =IF(N81="+",1,IF(N81="-","",IF(N81="",AL81))) | O81: =IF(P81="+",1,IF(P81="-","",IF(P81="",AM81))) | Q81: =IF(R81="+",1,IF(R81="-","",IF(R81="",AN81))) | S81: =IF(T81="+",1,IF(T81="-","",IF(T81="",AO81))) | U81: =IF(V81="+",1,IF(V81="-","",IF(V81="",AP81))) | W81: =IF(X81="+",1,IF(X81="-","",IF(X81="",AQ81))) | Y81: =IF(Z81="+",1,IF(Z81="-","",IF(Z81="",AR81))) -> 1 | AA81: =IF(AB81="+",1,IF(AB81="-","",IF(AB81="",AS81))) | AC81: =IF(AD81="+",1,IF(AD81="-","",IF(AD81="",AT81))) | AG81: =IF(SUM(K81:AC81)<>1,"FEJL","") | AK81: =IF(B81="DEN (SD 21-24)",1,"") | AL81: =IF(B81="DEN (SD 25-32)",1,"") | AM81: =IF(B81="SWE (SD 25-32)",1,"") | AN81: =IF(B81="POL (SD 21-24)",1,"") | AO81: =IF(B81="POL (SD 25-32)",1,"") | AP81: =IF(B81="LAT (SD 25-32)",1,"") | AQ81: =IF(B81="EST (SD 25-32)",1,"") | AR81: =IF(B81="GFR (SD 21-24)",1,"") -> 1 | AS81: =IF(B81="LTU (SD 25-32)",1,"") | AT81: =IF(B81="RUS (SD 25-32)",1,"")
A82: Standard | B82: ='Final list of total hauls pros'!M79 -> GFR (SD 21-24) | C82: 78 | D82: ='Final list of total hauls pros'!A79 -> 24301 | E82: =IF(D82<>"",LEFT(D82,2),"") -> 24 | F82: ='Final list of total hauls pros'!B79 -> 39G3 | G82: ='Final list of total hauls pros'!I79 -> SWE | H82: ='Final list of total hauls pros'!L79 -> 21-24 | I82: =IF(L82="+",$K$2,IF(N82="+",$M$2,IF(P82="+",$O$2,IF(R82="+",$Q$2,IF(T82="+",$S$2,IF(V82="+",$U$2,IF(X82="+",$W$2,IF(Z82="+",$Y$2,IF(AB82="+",$AA$2,IF(AD82="+",$AC$2,B82)))))))))) -> GFR (SD 21-24) | K82: =IF(L82="+",1,IF(L82="-","",IF(L82="",AK82))) | M82: =IF(N82="+",1,IF(N82="-","",IF(N82="",AL82))) | O82: =IF(P82="+",1,IF(P82="-","",IF(P82="",AM82))) | Q82: =IF(R82="+",1,IF(R82="-","",IF(R82="",AN82))) | S82: =IF(T82="+",1,IF(T82="-","",IF(T82="",AO82))) | U82: =IF(V82="+",1,IF(V82="-","",IF(V82="",AP82))) | W82: =IF(X82="+",1,IF(X82="-","",IF(X82="",AQ82))) | Y82: =IF(Z82="+",1,IF(Z82="-","",IF(Z82="",AR82))) -> 1 | AA82: =IF(AB82="+",1,IF(AB82="-","",IF(AB82="",AS82))) | AC82: =IF(AD82="+",1,IF(AD82="-","",IF(AD82="",AT82))) | AG82: =IF(SUM(K82:AC82)<>1,"FEJL","") | AK82: =IF(B82="DEN (SD 21-24)",1,"") | AL82: =IF(B82="DEN (SD 25-32)",1,"") | AM82: =IF(B82="SWE (SD 25-32)",1,"") | AN82: =IF(B82="POL (SD 21-24)",1,"") | AO82: =IF(B82="POL (SD 25-32)",1,"") | AP82: =IF(B82="LAT (SD 25-32)",1,"") | AQ82: =IF(B82="EST (SD 25-32)",1,"") | AR82: =IF(B82="GFR (SD 21-24)",1,"") -> 1 | AS82: =IF(B82="LTU (SD 25-32)",1,"") | AT82: =IF(B82="RUS (SD 25-32)",1,"")
A83: Standard | B83: ='Final list of total hauls pros'!M80 -> GFR (SD 21-24) | C83: 79 | D83: ='Final list of total hauls pros'!A80 -> 24303 | E83: =IF(D83<>"",LEFT(D83,2),"") -> 24 | F83: ='Final list of total hauls pros'!B80 -> 39G3 | G83: ='Final list of total hauls pros'!I80 -> SWE | H83: ='Final list of total hauls pros'!L80 -> 21-24 | I83: =IF(L83="+",$K$2,IF(N83="+",$M$2,IF(P83="+",$O$2,IF(R83="+",$Q$2,IF(T83="+",$S$2,IF(V83="+",$U$2,IF(X83="+",$W$2,IF(Z83="+",$Y$2,IF(AB83="+",$AA$2,IF(AD83="+",$AC$2,B83)))))))))) -> SWE (SD 25-32) | K83: =IF(L83="+",1,IF(L83="-","",IF(L83="",AK83))) | M83: =IF(N83="+",1,IF(N83="-","",IF(N83="",AL83))) | O83: =IF(P83="+",1,IF(P83="-","",IF(P83="",AM83))) -> 1 | P83: + | Q83: =IF(R83="+",1,IF(R83="-","",IF(R83="",AN83))) | S83: =IF(T83="+",1,IF(T83="-","",IF(T83="",AO83))) | U83: =IF(V83="+",1,IF(V83="-","",IF(V83="",AP83))) | W83: =IF(X83="+",1,IF(X83="-","",IF(X83="",AQ83))) | Y83: =IF(Z83="+",1,IF(Z83="-","",IF(Z83="",AR83))) | Z83: - | AA83: =IF(AB83="+",1,IF(AB83="-","",IF(AB83="",AS83))) | AC83: =IF(AD83="+",1,IF(AD83="-","",IF(AD83="",AT83))) | AG83: =IF(SUM(K83:AC83)<>1,"FEJL","") | AK83: =IF(B83="DEN (SD 21-24)",1,"") | AL83: =IF(B83="DEN (SD 25-32)",1,"") | AM83: =IF(B83="SWE (SD 25-32)",1,"") | AN83: =IF(B83="POL (SD 21-24)",1,"") | AO83: =IF(B83="POL (SD 25-32)",1,"") | AP83: =IF(B83="LAT (SD 25-32)",1,"") | AQ83: =IF(B83="EST (SD 25-32)",1,"") | AR83: =IF(B83="GFR (SD 21-24)",1,"") -> 1 | AS83: =IF(B83="LTU (SD 25-32)",1,"") | AT83: =IF(B83="RUS (SD 25-32)",1,"")
A84: Standard | B84: ='Final list of total hauls pros'!M81 -> GFR (SD 21-24) | C84: 80 | D84: ='Final list of total hauls pros'!A81 -> 24309 | E84: =IF(D84<>"",LEFT(D84,2),"") -> 24 | F84: ='Final list of total hauls pros'!B81 -> 38G3 | G84: ='Final list of total hauls pros'!I81 -> GFR | H84: ='Final list of total hauls pros'!L81 -> 21-24 | I84: =IF(L84="+",$K$2,IF(N84="+",$M$2,IF(P84="+",$O$2,IF(R84="+",$Q$2,IF(T84="+",$S$2,IF(V84="+",$U$2,IF(X84="+",$W$2,IF(Z84="+",$Y$2,IF(AB84="+",$AA$2,IF(AD84="+",$AC$2,B84)))))))))) -> GFR (SD 21-24) | K84: =IF(L84="+",1,IF(L84="-","",IF(L84="",AK84))) | M84: =IF(N84="+",1,IF(N84="-","",IF(N84="",AL84))) | O84: =IF(P84="+",1,IF(P84="-","",IF(P84="",AM84))) | Q84: =IF(R84="+",1,IF(R84="-","",IF(R84="",AN84))) | S84: =IF(T84="+",1,IF(T84="-","",IF(T84="",AO84))) | U84: =IF(V84="+",1,IF(V84="-","",IF(V84="",AP84))) | W84: =IF(X84="+",1,IF(X84="-","",IF(X84="",AQ84))) | Y84: =IF(Z84="+",1,IF(Z84="-","",IF(Z84="",AR84))) -> 1 | AA84: =IF(AB84="+",1,IF(AB84="-","",IF(AB84="",AS84))) | AC84: =IF(AD84="+",1,IF(AD84="-","",IF(AD84="",AT84))) | AG84: =IF(SUM(K84:AC84)<>1,"FEJL","") | AK84: =IF(B84="DEN (SD 21-24)",1,"") | AL84: =IF(B84="DEN (SD 25-32)",1,"") | AM84: =IF(B84="SWE (SD 25-32)",1,"") | AN84: =IF(B84="POL (SD 21-24)",1,"") | AO84: =IF(B84="POL (SD 25-32)",1,"") | AP84: =IF(B84="LAT (SD 25-32)",1,"") | AQ84: =IF(B84="EST (SD 25-32)",1,"") | AR84: =IF(B84="GFR (SD 21-24)",1,"") -> 1 | AS84: =IF(B84="LTU (SD 25-32)",1,"") | AT84: =IF(B84="RUS (SD 25-32)",1,"")
A85: Standard | B85: ='Final list of total hauls pros'!M82 -> GFR (SD 21-24) | C85: 81 | D85: ='Final list of total hauls pros'!A82 -> 24310 | E85: =IF(D85<>"",LEFT(D85,2),"") -> 24 | F85: ='Final list of total hauls pros'!B82 -> 38G3 | G85: ='Final list of total hauls pros'!I82 -> GFR | H85: ='Final list of total hauls pros'!L82 -> 21-24 | I85: =IF(L85="+",$K$2,IF(N85="+",$M$2,IF(P85="+",$O$2,IF(R85="+",$Q$2,IF(T85="+",$S$2,IF(V85="+",$U$2,IF(X85="+",$W$2,IF(Z85="+",$Y$2,IF(AB85="+",$AA$2,IF(AD85="+",$AC$2,B85)))))))))) -> GFR (SD 21-24) | K85: =IF(L85="+",1,IF(L85="-","",IF(L85="",AK85))) | M85: =IF(N85="+",1,IF(N85="-","",IF(N85="",AL85))) | O85: =IF(P85="+",1,IF(P85="-","",IF(P85="",AM85))) | Q85: =IF(R85="+",1,IF(R85="-","",IF(R85="",AN85))) | S85: =IF(T85="+",1,IF(T85="-","",IF(T85="",AO85))) | U85: =IF(V85="+",1,IF(V85="-","",IF(V85="",AP85))) | W85: =IF(X85="+",1,IF(X85="-","",IF(X85="",AQ85))) | Y85: =IF(Z85="+",1,IF(Z85="-","",IF(Z85="",AR85))) -> 1 | AA85: =IF(AB85="+",1,IF(AB85="-","",IF(AB85="",AS85))) | AC85: =IF(AD85="+",1,IF(AD85="-","",IF(AD85="",AT85))) | AG85: =IF(SUM(K85:AC85)<>1,"FEJL","") | AK85: =IF(B85="DEN (SD 21-24)",1,"") | AL85: =IF(B85="DEN (SD 25-32)",1,"") | AM85: =IF(B85="SWE (SD 25-32)",1,"") | AN85: =IF(B85="POL (SD 21-24)",1,"") | AO85: =IF(B85="POL (SD 25-32)",1,"") | AP85: =IF(B85="LAT (SD 25-32)",1,"") | AQ85: =IF(B85="EST (SD 25-32)",1,"") | AR85: =IF(B85="GFR (SD 21-24)",1,"") -> 1 | AS85: =IF(B85="LTU (SD 25-32)",1,"") | AT85: =IF(B85="RUS (SD 25-32)",1,"")
A86: Standard | B86: ='Final list of total hauls pros'!M83 -> GFR (SD 21-24) | C86: 82 | D86: ='Final list of total hauls pros'!A83 -> 24311 | E86: =IF(D86<>"",LEFT(D86,2),"") -> 24 | F86: ='Final list of total hauls pros'!B83 -> 38G4 | G86: ='Final list of total hauls pros'!I83 -> DEN | H86: ='Final list of total hauls pros'!L83 -> 21-24 | I86: =IF(L86="+",$K$2,IF(N86="+",$M$2,IF(P86="+",$O$2,IF(R86="+",$Q$2,IF(T86="+",$S$2,IF(V86="+",$U$2,IF(X86="+",$W$2,IF(Z86="+",$Y$2,IF(AB86="+",$AA$2,IF(AD86="+",$AC$2,B86)))))))))) -> GFR (SD 21-24) | K86: =IF(L86="+",1,IF(L86="-","",IF(L86="",AK86))) | M86: =IF(N86="+",1,IF(N86="-","",IF(N86="",AL86))) | O86: =IF(P86="+",1,IF(P86="-","",IF(P86="",AM86))) | Q86: =IF(R86="+",1,IF(R86="-","",IF(R86="",AN86))) | S86: =IF(T86="+",1,IF(T86="-","",IF(T86="",AO86))) | U86: =IF(V86="+",1,IF(V86="-","",IF(V86="",AP86))) | W86: =IF(X86="+",1,IF(X86="-","",IF(X86="",AQ86))) | Y86: =IF(Z86="+",1,IF(Z86="-","",IF(Z86="",AR86))) -> 1 | AA86: =IF(AB86="+",1,IF(AB86="-","",IF(AB86="",AS86))) | AC86: =IF(AD86="+",1,IF(AD86="-","",IF(AD86="",AT86))) | AG86: =IF(SUM(K86:AC86)<>1,"FEJL","") | AK86: =IF(B86="DEN (SD 21-24)",1,"") | AL86: =IF(B86="DEN (SD 25-32)",1,"") | AM86: =IF(B86="SWE (SD 25-32)",1,"") | AN86: =IF(B86="POL (SD 21-24)",1,"") | AO86: =IF(B86="POL (SD 25-32)",1,"") | AP86: =IF(B86="LAT (SD 25-32)",1,"") | AQ86: =IF(B86="EST (SD 25-32)",1,"") | AR86: =IF(B86="GFR (SD 21-24)",1,"") -> 1 | AS86: =IF(B86="LTU (SD 25-32)",1,"") | AT86: =IF(B86="RUS (SD 25-32)",1,"")
A87: Standard | B87: ='Final list of total hauls pros'!M84 -> GFR (SD 21-24) | C87: 83 | D87: ='Final list of total hauls pros'!A84 -> 24328 | E87: =IF(D87<>"",LEFT(D87,2),"") -> 24 | F87: ='Final list of total hauls pros'!B84 -> 38G2 | G87: ='Final list of total hauls pros'!I84 -> GFR | H87: ='Final list of total hauls pros'!L84 -> 21-24 | I87: =IF(L87="+",$K$2,IF(N87="+",$M$2,IF(P87="+",$O$2,IF(R87="+",$Q$2,IF(T87="+",$S$2,IF(V87="+",$U$2,IF(X87="+",$W$2,IF(Z87="+",$Y$2,IF(AB87="+",$AA$2,IF(AD87="+",$AC$2,B87)))))))))) -> GFR (SD 21-24) | K87: =IF(L87="+",1,IF(L87="-","",IF(L87="",AK87))) | M87: =IF(N87="+",1,IF(N87="-","",IF(N87="",AL87))) | O87: =IF(P87="+",1,IF(P87="-","",IF(P87="",AM87))) | Q87: =IF(R87="+",1,IF(R87="-","",IF(R87="",AN87))) | S87: =IF(T87="+",1,IF(T87="-","",IF(T87="",AO87))) | U87: =IF(V87="+",1,IF(V87="-","",IF(V87="",AP87))) | W87: =IF(X87="+",1,IF(X87="-","",IF(X87="",AQ87))) | Y87: =IF(Z87="+",1,IF(Z87="-","",IF(Z87="",AR87))) -> 1 | AA87: =IF(AB87="+",1,IF(AB87="-","",IF(AB87="",AS87))) | AC87: =IF(AD87="+",1,IF(AD87="-","",IF(AD87="",AT87))) | AG87: =IF(SUM(K87:AC87)<>1,"FEJL","") | AK87: =IF(B87="DEN (SD 21-24)",1,"") | AL87: =IF(B87="DEN (SD 25-32)",1,"") | AM87: =IF(B87="SWE (SD 25-32)",1,"") | AN87: =IF(B87="POL (SD 21-24)",1,"") | AO87: =IF(B87="POL (SD 25-32)",1,"") | AP87: =IF(B87="LAT (SD 25-32)",1,"") | AQ87: =IF(B87="EST (SD 25-32)",1,"") | AR87: =IF(B87="GFR (SD 21-24)",1,"") -> 1 | AS87: =IF(B87="LTU (SD 25-32)",1,"") | AT87: =IF(B87="RUS (SD 25-32)",1,"")
A88: Standard | B88: ='Final list of total hauls pros'!M85 -> GFR (SD 21-24) | C88: 84 | D88: ='Final list of total hauls pros'!A85 -> 24329 | E88: =IF(D88<>"",LEFT(D88,2),"") -> 24 | F88: ='Final list of total hauls pros'!B85 -> 37G4 | G88: ='Final list of total hauls pros'!I85 -> GFR | H88: ='Final list of total hauls pros'!L85 -> 21-24 | I88: =IF(L88="+",$K$2,IF(N88="+",$M$2,IF(P88="+",$O$2,IF(R88="+",$Q$2,IF(T88="+",$S$2,IF(V88="+",$U$2,IF(X88="+",$W$2,IF(Z88="+",$Y$2,IF(AB88="+",$AA$2,IF(AD88="+",$AC$2,B88)))))))))) -> GFR (SD 21-24) | K88: =IF(L88="+",1,IF(L88="-","",IF(L88="",AK88))) | M88: =IF(N88="+",1,IF(N88="-","",IF(N88="",AL88))) | O88: =IF(P88="+",1,IF(P88="-","",IF(P88="",AM88))) | Q88: =IF(R88="+",1,IF(R88="-","",IF(R88="",AN88))) | S88: =IF(T88="+",1,IF(T88="-","",IF(T88="",AO88))) | U88: =IF(V88="+",1,IF(V88="-","",IF(V88="",AP88))) | W88: =IF(X88="+",1,IF(X88="-","",IF(X88="",AQ88))) | Y88: =IF(Z88="+",1,IF(Z88="-","",IF(Z88="",AR88))) -> 1 | AA88: =IF(AB88="+",1,IF(AB88="-","",IF(AB88="",AS88))) | AC88: =IF(AD88="+",1,IF(AD88="-","",IF(AD88="",AT88))) | AG88: =IF(SUM(K88:AC88)<>1,"FEJL","") | AK88: =IF(B88="DEN (SD 21-24)",1,"") | AL88: =IF(B88="DEN (SD 25-32)",1,"") | AM88: =IF(B88="SWE (SD 25-32)",1,"") | AN88: =IF(B88="POL (SD 21-24)",1,"") | AO88: =IF(B88="POL (SD 25-32)",1,"") | AP88: =IF(B88="LAT (SD 25-32)",1,"") | AQ88: =IF(B88="EST (SD 25-32)",1,"") | AR88: =IF(B88="GFR (SD 21-24)",1,"") -> 1 | AS88: =IF(B88="LTU (SD 25-32)",1,"") | AT88: =IF(B88="RUS (SD 25-32)",1,"")
A89: Standard | B89: ='Final list of total hauls pros'!M86 -> GFR (SD 21-24) | C89: 85 | D89: ='Final list of total hauls pros'!A86 -> 24335 | E89: =IF(D89<>"",LEFT(D89,2),"") -> 24 | F89: ='Final list of total hauls pros'!B86 -> 37G4 | G89: ='Final list of total hauls pros'!I86 -> GFR | H89: ='Final list of total hauls pros'!L86 -> 21-24 | I89: =IF(L89="+",$K$2,IF(N89="+",$M$2,IF(P89="+",$O$2,IF(R89="+",$Q$2,IF(T89="+",$S$2,IF(V89="+",$U$2,IF(X89="+",$W$2,IF(Z89="+",$Y$2,IF(AB89="+",$AA$2,IF(AD89="+",$AC$2,B89)))))))))) -> GFR (SD 21-24) | K89: =IF(L89="+",1,IF(L89="-","",IF(L89="",AK89))) | M89: =IF(N89="+",1,IF(N89="-","",IF(N89="",AL89))) | O89: =IF(P89="+",1,IF(P89="-","",IF(P89="",AM89))) | Q89: =IF(R89="+",1,IF(R89="-","",IF(R89="",AN89))) | S89: =IF(T89="+",1,IF(T89="-","",IF(T89="",AO89))) | U89: =IF(V89="+",1,IF(V89="-","",IF(V89="",AP89))) | W89: =IF(X89="+",1,IF(X89="-","",IF(X89="",AQ89))) | Y89: =IF(Z89="+",1,IF(Z89="-","",IF(Z89="",AR89))) -> 1 | AA89: =IF(AB89="+",1,IF(AB89="-","",IF(AB89="",AS89))) | AC89: =IF(AD89="+",1,IF(AD89="-","",IF(AD89="",AT89))) | AG89: =IF(SUM(K89:AC89)<>1,"FEJL","") | AK89: =IF(B89="DEN (SD 21-24)",1,"") | AL89: =IF(B89="DEN (SD 25-32)",1,"") | AM89: =IF(B89="SWE (SD 25-32)",1,"") | AN89: =IF(B89="POL (SD 21-24)",1,"") | AO89: =IF(B89="POL (SD 25-32)",1,"") | AP89: =IF(B89="LAT (SD 25-32)",1,"") | AQ89: =IF(B89="EST (SD 25-32)",1,"") | AR89: =IF(B89="GFR (SD 21-24)",1,"") -> 1 | AS89: =IF(B89="LTU (SD 25-32)",1,"") | AT89: =IF(B89="RUS (SD 25-32)",1,"")
A90: Standard | B90: ='Final list of total hauls pros'!M87 -> POL (SD 25-32) | C90: 86 | D90: ='Final list of total hauls pros'!A87 -> 25004 | E90: =IF(D90<>"",LEFT(D90,2),"") -> 25 | F90: ='Final list of total hauls pros'!B87 -> 38G6 | G90: ='Final list of total hauls pros'!I87 -> POL | H90: ='Final list of total hauls pros'!L87 -> 25-32 | I90: =IF(L90="+",$K$2,IF(N90="+",$M$2,IF(P90="+",$O$2,IF(R90="+",$Q$2,IF(T90="+",$S$2,IF(V90="+",$U$2,IF(X90="+",$W$2,IF(Z90="+",$Y$2,IF(AB90="+",$AA$2,IF(AD90="+",$AC$2,B90)))))))))) -> DEN (SD 25-32) | K90: =IF(L90="+",1,IF(L90="-","",IF(L90="",AK90))) | M90: =IF(N90="+",1,IF(N90="-","",IF(N90="",AL90))) -> 1 | N90: + | O90: =IF(P90="+",1,IF(P90="-","",IF(P90="",AM90))) | Q90: =IF(R90="+",1,IF(R90="-","",IF(R90="",AN90))) | S90: =IF(T90="+",1,IF(T90="-","",IF(T90="",AO90))) | T90: - | U90: =IF(V90="+",1,IF(V90="-","",IF(V90="",AP90))) | W90: =IF(X90="+",1,IF(X90="-","",IF(X90="",AQ90))) | Y90: =IF(Z90="+",1,IF(Z90="-","",IF(Z90="",AR90))) | AA90: =IF(AB90="+",1,IF(AB90="-","",IF(AB90="",AS90))) | AC90: =IF(AD90="+",1,IF(AD90="-","",IF(AD90="",AT90))) | AG90: =IF(SUM(K90:AC90)<>1,"FEJL","") | AK90: =IF(B90="DEN (SD 21-24)",1,"") | AL90: =IF(B90="DEN (SD 25-32)",1,"") | AM90: =IF(B90="SWE (SD 25-32)",1,"") | AN90: =IF(B90="POL (SD 21-24)",1,"") | AO90: =IF(B90="POL (SD 25-32)",1,"") -> 1 | AP90: =IF(B90="LAT (SD 25-32)",1,"") | AQ90: =IF(B90="EST (SD 25-32)",1,"") | AR90: =IF(B90="GFR (SD 21-24)",1,"") | AS90: =IF(B90="LTU (SD 25-32)",1,"") | AT90: =IF(B90="RUS (SD 25-32)",1,"")
A91: Standard | B91: ='Final list of total hauls pros'!M88 -> POL (SD 25-32) | C91: 87 | D91: ='Final list of total hauls pros'!A88 -> 25006 | E91: =IF(D91<>"",LEFT(D91,2),"") -> 25 | F91: ='Final list of total hauls pros'!B88 -> 37G5 | G91: ='Final list of total hauls pros'!I88 -> POL | H91: ='Final list of total hauls pros'!L88 -> 25-32 | I91: =IF(L91="+",$K$2,IF(N91="+",$M$2,IF(P91="+",$O$2,IF(R91="+",$Q$2,IF(T91="+",$S$2,IF(V91="+",$U$2,IF(X91="+",$W$2,IF(Z91="+",$Y$2,IF(AB91="+",$AA$2,IF(AD91="+",$AC$2,B91)))))))))) -> DEN (SD 25-32) | K91: =IF(L91="+",1,IF(L91="-","",IF(L91="",AK91))) | M91: =IF(N91="+",1,IF(N91="-","",IF(N91="",AL91))) -> 1 | N91: + | O91: =IF(P91="+",1,IF(P91="-","",IF(P91="",AM91))) | Q91: =IF(R91="+",1,IF(R91="-","",IF(R91="",AN91))) | S91: =IF(T91="+",1,IF(T91="-","",IF(T91="",AO91))) | T91: - | U91: =IF(V91="+",1,IF(V91="-","",IF(V91="",AP91))) | W91: =IF(X91="+",1,IF(X91="-","",IF(X91="",AQ91))) | Y91: =IF(Z91="+",1,IF(Z91="-","",IF(Z91="",AR91))) | AA91: =IF(AB91="+",1,IF(AB91="-","",IF(AB91="",AS91))) | AC91: =IF(AD91="+",1,IF(AD91="-","",IF(AD91="",AT91))) | AG91: =IF(SUM(K91:AC91)<>1,"FEJL","") | AK91: =IF(B91="DEN (SD 21-24)",1,"") | AL91: =IF(B91="DEN (SD 25-32)",1,"") | AM91: =IF(B91="SWE (SD 25-32)",1,"") | AN91: =IF(B91="POL (SD 21-24)",1,"") | AO91: =IF(B91="POL (SD 25-32)",1,"") -> 1 | AP91: =IF(B91="LAT (SD 25-32)",1,"") | AQ91: =IF(B91="EST (SD 25-32)",1,"") | AR91: =IF(B91="GFR (SD 21-24)",1,"") | AS91: =IF(B91="LTU (SD 25-32)",1,"") | AT91: =IF(B91="RUS (SD 25-32)",1,"")
A92: Standard | B92: ='Final list of total hauls pros'!M89 -> POL (SD 25-32) | C92: 88 | D92: ='Final list of total hauls pros'!A89 -> 25008 | E92: =IF(D92<>"",LEFT(D92,2),"") -> 25 | F92: ='Final list of total hauls pros'!B89 -> 37G5 | G92: ='Final list of total hauls pros'!I89 -> POL | H92: ='Final list of total hauls pros'!L89 -> 25-32 | I92: =IF(L92="+",$K$2,IF(N92="+",$M$2,IF(P92="+",$O$2,IF(R92="+",$Q$2,IF(T92="+",$S$2,IF(V92="+",$U$2,IF(X92="+",$W$2,IF(Z92="+",$Y$2,IF(AB92="+",$AA$2,IF(AD92="+",$AC$2,B92)))))))))) -> POL (SD 25-32) | K92: =IF(L92="+",1,IF(L92="-","",IF(L92="",AK92))) | M92: =IF(N92="+",1,IF(N92="-","",IF(N92="",AL92))) | O92: =IF(P92="+",1,IF(P92="-","",IF(P92="",AM92))) | Q92: =IF(R92="+",1,IF(R92="-","",IF(R92="",AN92))) | S92: =IF(T92="+",1,IF(T92="-","",IF(T92="",AO92))) -> 1 | U92: =IF(V92="+",1,IF(V92="-","",IF(V92="",AP92))) | W92: =IF(X92="+",1,IF(X92="-","",IF(X92="",AQ92))) | Y92: =IF(Z92="+",1,IF(Z92="-","",IF(Z92="",AR92))) | AA92: =IF(AB92="+",1,IF(AB92="-","",IF(AB92="",AS92))) | AC92: =IF(AD92="+",1,IF(AD92="-","",IF(AD92="",AT92))) | AG92: =IF(SUM(K92:AC92)<>1,"FEJL","") | AK92: =IF(B92="DEN (SD 21-24)",1,"") | AL92: =IF(B92="DEN (SD 25-32)",1,"") | AM92: =IF(B92="SWE (SD 25-32)",1,"") | AN92: =IF(B92="POL (SD 21-24)",1,"") | AO92: =IF(B92="POL (SD 25-32)",1,"") -> 1 | AP92: =IF(B92="LAT (SD 25-32)",1,"") | AQ92: =IF(B92="EST (SD 25-32)",1,"") | AR92: =IF(B92="GFR (SD 21-24)",1,"") | AS92: =IF(B92="LTU (SD 25-32)",1,"") | AT92: =IF(B92="RUS (SD 25-32)",1,"")
A93: Standard | B93: ='Final list of total hauls pros'!M90 -> POL (SD 25-32) | C93: 89 | D93: ='Final list of total hauls pros'!A90 -> 25009 | E93: =IF(D93<>"",LEFT(D93,2),"") -> 25 | F93: ='Final list of total hauls pros'!B90 -> 37G5 | G93: ='Final list of total hauls pros'!I90 -> POL | H93: ='Final list of total hauls pros'!L90 -> 25-32 | I93: =IF(L93="+",$K$2,IF(N93="+",$M$2,IF(P93="+",$O$2,IF(R93="+",$Q$2,IF(T93="+",$S$2,IF(V93="+",$U$2,IF(X93="+",$W$2,IF(Z93="+",$Y$2,IF(AB93="+",$AA$2,IF(AD93="+",$AC$2,B93)))))))))) -> POL (SD 25-32) | K93: =IF(L93="+",1,IF(L93="-","",IF(L93="",AK93))) | M93: =IF(N93="+",1,IF(N93="-","",IF(N93="",AL93))) | O93: =IF(P93="+",1,IF(P93="-","",IF(P93="",AM93))) | Q93: =IF(R93="+",1,IF(R93="-","",IF(R93="",AN93))) | S93: =IF(T93="+",1,IF(T93="-","",IF(T93="",AO93))) -> 1 | U93: =IF(V93="+",1,IF(V93="-","",IF(V93="",AP93))) | W93: =IF(X93="+",1,IF(X93="-","",IF(X93="",AQ93))) | Y93: =IF(Z93="+",1,IF(Z93="-","",IF(Z93="",AR93))) | AA93: =IF(AB93="+",1,IF(AB93="-","",IF(AB93="",AS93))) | AC93: =IF(AD93="+",1,IF(AD93="-","",IF(AD93="",AT93))) | AG93: =IF(SUM(K93:AC93)<>1,"FEJL","") | AK93: =IF(B93="DEN (SD 21-24)",1,"") | AL93: =IF(B93="DEN (SD 25-32)",1,"") | AM93: =IF(B93="SWE (SD 25-32)",1,"") | AN93: =IF(B93="POL (SD 21-24)",1,"") | AO93: =IF(B93="POL (SD 25-32)",1,"") -> 1 | AP93: =IF(B93="LAT (SD 25-32)",1,"") | AQ93: =IF(B93="EST (SD 25-32)",1,"") | AR93: =IF(B93="GFR (SD 21-24)",1,"") | AS93: =IF(B93="LTU (SD 25-32)",1,"") | AT93: =IF(B93="RUS (SD 25-32)",1,"")
A94: Standard | B94: ='Final list of total hauls pros'!M91 -> POL (SD 25-32) | C94: 90 | D94: ='Final list of total hauls pros'!A91 -> 25010 | E94: =IF(D94<>"",LEFT(D94,2),"") -> 25 | F94: ='Final list of total hauls pros'!B91 -> 37G6 | G94: ='Final list of total hauls pros'!I91 -> POL | H94: ='Final list of total hauls pros'!L91 -> 25-32 | I94: =IF(L94="+",$K$2,IF(N94="+",$M$2,IF(P94="+",$O$2,IF(R94="+",$Q$2,IF(T94="+",$S$2,IF(V94="+",$U$2,IF(X94="+",$W$2,IF(Z94="+",$Y$2,IF(AB94="+",$AA$2,IF(AD94="+",$AC$2,B94)))))))))) -> POL (SD 25-32) | K94: =IF(L94="+",1,IF(L94="-","",IF(L94="",AK94))) | M94: =IF(N94="+",1,IF(N94="-","",IF(N94="",AL94))) | O94: =IF(P94="+",1,IF(P94="-","",IF(P94="",AM94))) | Q94: =IF(R94="+",1,IF(R94="-","",IF(R94="",AN94))) | S94: =IF(T94="+",1,IF(T94="-","",IF(T94="",AO94))) -> 1 | U94: =IF(V94="+",1,IF(V94="-","",IF(V94="",AP94))) | W94: =IF(X94="+",1,IF(X94="-","",IF(X94="",AQ94))) | Y94: =IF(Z94="+",1,IF(Z94="-","",IF(Z94="",AR94))) | AA94: =IF(AB94="+",1,IF(AB94="-","",IF(AB94="",AS94))) | AC94: =IF(AD94="+",1,IF(AD94="-","",IF(AD94="",AT94))) | AG94: =IF(SUM(K94:AC94)<>1,"FEJL","") | AK94: =IF(B94="DEN (SD 21-24)",1,"") | AL94: =IF(B94="DEN (SD 25-32)",1,"") | AM94: =IF(B94="SWE (SD 25-32)",1,"") | AN94: =IF(B94="POL (SD 21-24)",1,"") | AO94: =IF(B94="POL (SD 25-32)",1,"") -> 1 | AP94: =IF(B94="LAT (SD 25-32)",1,"") | AQ94: =IF(B94="EST (SD 25-32)",1,"") | AR94: =IF(B94="GFR (SD 21-24)",1,"") | AS94: =IF(B94="LTU (SD 25-32)",1,"") | AT94: =IF(B94="RUS (SD 25-32)",1,"")
A95: Standard | B95: ='Final list of total hauls pros'!M92 -> POL (SD 25-32) | C95: 91 | D95: ='Final list of total hauls pros'!A92 -> 25011 | E95: =IF(D95<>"",LEFT(D95,2),"") -> 25 | F95: ='Final list of total hauls pros'!B92 -> 37G6 | G95: ='Final list of total hauls pros'!I92 -> POL | H95: ='Final list of total hauls pros'!L92 -> 25-32 | I95: =IF(L95="+",$K$2,IF(N95="+",$M$2,IF(P95="+",$O$2,IF(R95="+",$Q$2,IF(T95="+",$S$2,IF(V95="+",$U$2,IF(X95="+",$W$2,IF(Z95="+",$Y$2,IF(AB95="+",$AA$2,IF(AD95="+",$AC$2,B95)))))))))) -> POL (SD 25-32) | K95: =IF(L95="+",1,IF(L95="-","",IF(L95="",AK95))) | M95: =IF(N95="+",1,IF(N95="-","",IF(N95="",AL95))) | O95: =IF(P95="+",1,IF(P95="-","",IF(P95="",AM95))) | Q95: =IF(R95="+",1,IF(R95="-","",IF(R95="",AN95))) | S95: =IF(T95="+",1,IF(T95="-","",IF(T95="",AO95))) -> 1 | U95: =IF(V95="+",1,IF(V95="-","",IF(V95="",AP95))) | W95: =IF(X95="+",1,IF(X95="-","",IF(X95="",AQ95))) | Y95: =IF(Z95="+",1,IF(Z95="-","",IF(Z95="",AR95))) | AA95: =IF(AB95="+",1,IF(AB95="-","",IF(AB95="",AS95))) | AC95: =IF(AD95="+",1,IF(AD95="-","",IF(AD95="",AT95))) | AG95: =IF(SUM(K95:AC95)<>1,"FEJL","") | AK95: =IF(B95="DEN (SD 21-24)",1,"") | AL95: =IF(B95="DEN (SD 25-32)",1,"") | AM95: =IF(B95="SWE (SD 25-32)",1,"") | AN95: =IF(B95="POL (SD 21-24)",1,"") | AO95: =IF(B95="POL (SD 25-32)",1,"") -> 1 | AP95: =IF(B95="LAT (SD 25-32)",1,"") | AQ95: =IF(B95="EST (SD 25-32)",1,"") | AR95: =IF(B95="GFR (SD 21-24)",1,"") | AS95: =IF(B95="LTU (SD 25-32)",1,"") | AT95: =IF(B95="RUS (SD 25-32)",1,"")
A96: Standard | B96: ='Final list of total hauls pros'!M93 -> POL (SD 25-32) | C96: 92 | D96: ='Final list of total hauls pros'!A93 -> 25013 | E96: =IF(D96<>"",LEFT(D96,2),"") -> 25 | F96: ='Final list of total hauls pros'!B93 -> 38G6 | G96: ='Final list of total hauls pros'!I93 -> POL | H96: ='Final list of total hauls pros'!L93 -> 25-32 | I96: =IF(L96="+",$K$2,IF(N96="+",$M$2,IF(P96="+",$O$2,IF(R96="+",$Q$2,IF(T96="+",$S$2,IF(V96="+",$U$2,IF(X96="+",$W$2,IF(Z96="+",$Y$2,IF(AB96="+",$AA$2,IF(AD96="+",$AC$2,B96)))))))))) -> POL (SD 25-32) | K96: =IF(L96="+",1,IF(L96="-","",IF(L96="",AK96))) | M96: =IF(N96="+",1,IF(N96="-","",IF(N96="",AL96))) | O96: =IF(P96="+",1,IF(P96="-","",IF(P96="",AM96))) | Q96: =IF(R96="+",1,IF(R96="-","",IF(R96="",AN96))) | S96: =IF(T96="+",1,IF(T96="-","",IF(T96="",AO96))) -> 1 | U96: =IF(V96="+",1,IF(V96="-","",IF(V96="",AP96))) | W96: =IF(X96="+",1,IF(X96="-","",IF(X96="",AQ96))) | Y96: =IF(Z96="+",1,IF(Z96="-","",IF(Z96="",AR96))) | AA96: =IF(AB96="+",1,IF(AB96="-","",IF(AB96="",AS96))) | AC96: =IF(AD96="+",1,IF(AD96="-","",IF(AD96="",AT96))) | AG96: =IF(SUM(K96:AC96)<>1,"FEJL","") | AK96: =IF(B96="DEN (SD 21-24)",1,"") | AL96: =IF(B96="DEN (SD 25-32)",1,"") | AM96: =IF(B96="SWE (SD 25-32)",1,"") | AN96: =IF(B96="POL (SD 21-24)",1,"") | AO96: =IF(B96="POL (SD 25-32)",1,"") -> 1 | AP96: =IF(B96="LAT (SD 25-32)",1,"") | AQ96: =IF(B96="EST (SD 25-32)",1,"") | AR96: =IF(B96="GFR (SD 21-24)",1,"") | AS96: =IF(B96="LTU (SD 25-32)",1,"") | AT96: =IF(B96="RUS (SD 25-32)",1,"")
A97: Standard | B97: ='Final list of total hauls pros'!M94 -> POL (SD 25-32) | C97: 93 | D97: ='Final list of total hauls pros'!A94 -> 25014 | E97: =IF(D97<>"",LEFT(D97,2),"") -> 25 | F97: ='Final list of total hauls pros'!B94 -> 38G6 | G97: ='Final list of total hauls pros'!I94 -> POL | H97: ='Final list of total hauls pros'!L94 -> 25-32 | I97: =IF(L97="+",$K$2,IF(N97="+",$M$2,IF(P97="+",$O$2,IF(R97="+",$Q$2,IF(T97="+",$S$2,IF(V97="+",$U$2,IF(X97="+",$W$2,IF(Z97="+",$Y$2,IF(AB97="+",$AA$2,IF(AD97="+",$AC$2,B97)))))))))) -> POL (SD 25-32) | K97: =IF(L97="+",1,IF(L97="-","",IF(L97="",AK97))) | M97: =IF(N97="+",1,IF(N97="-","",IF(N97="",AL97))) | O97: =IF(P97="+",1,IF(P97="-","",IF(P97="",AM97))) | Q97: =IF(R97="+",1,IF(R97="-","",IF(R97="",AN97))) | S97: =IF(T97="+",1,IF(T97="-","",IF(T97="",AO97))) -> 1 | U97: =IF(V97="+",1,IF(V97="-","",IF(V97="",AP97))) | W97: =IF(X97="+",1,IF(X97="-","",IF(X97="",AQ97))) | Y97: =IF(Z97="+",1,IF(Z97="-","",IF(Z97="",AR97))) | AA97: =IF(AB97="+",1,IF(AB97="-","",IF(AB97="",AS97))) | AC97: =IF(AD97="+",1,IF(AD97="-","",IF(AD97="",AT97))) | AG97: =IF(SUM(K97:AC97)<>1,"FEJL","") | AK97: =IF(B97="DEN (SD 21-24)",1,"") | AL97: =IF(B97="DEN (SD 25-32)",1,"") | AM97: =IF(B97="SWE (SD 25-32)",1,"") | AN97: =IF(B97="POL (SD 21-24)",1,"") | AO97: =IF(B97="POL (SD 25-32)",1,"") -> 1 | AP97: =IF(B97="LAT (SD 25-32)",1,"") | AQ97: =IF(B97="EST (SD 25-32)",1,"") | AR97: =IF(B97="GFR (SD 21-24)",1,"") | AS97: =IF(B97="LTU (SD 25-32)",1,"") | AT97: =IF(B97="RUS (SD 25-32)",1,"")
A98: Standard | B98: ='Final list of total hauls pros'!M95 -> POL (SD 25-32) | C98: 94 | D98: ='Final list of total hauls pros'!A95 -> 25016 | E98: =IF(D98<>"",LEFT(D98,2),"") -> 25 | F98: ='Final list of total hauls pros'!B95 -> 38G6 | G98: ='Final list of total hauls pros'!I95 -> POL | H98: ='Final list of total hauls pros'!L95 -> 25-32 | I98: =IF(L98="+",$K$2,IF(N98="+",$M$2,IF(P98="+",$O$2,IF(R98="+",$Q$2,IF(T98="+",$S$2,IF(V98="+",$U$2,IF(X98="+",$W$2,IF(Z98="+",$Y$2,IF(AB98="+",$AA$2,IF(AD98="+",$AC$2,B98)))))))))) -> POL (SD 25-32) | K98: =IF(L98="+",1,IF(L98="-","",IF(L98="",AK98))) | M98: =IF(N98="+",1,IF(N98="-","",IF(N98="",AL98))) | O98: =IF(P98="+",1,IF(P98="-","",IF(P98="",AM98))) | Q98: =IF(R98="+",1,IF(R98="-","",IF(R98="",AN98))) | S98: =IF(T98="+",1,IF(T98="-","",IF(T98="",AO98))) -> 1 | U98: =IF(V98="+",1,IF(V98="-","",IF(V98="",AP98))) | W98: =IF(X98="+",1,IF(X98="-","",IF(X98="",AQ98))) | Y98: =IF(Z98="+",1,IF(Z98="-","",IF(Z98="",AR98))) | AA98: =IF(AB98="+",1,IF(AB98="-","",IF(AB98="",AS98))) | AC98: =IF(AD98="+",1,IF(AD98="-","",IF(AD98="",AT98))) | AG98: =IF(SUM(K98:AC98)<>1,"FEJL","") | AK98: =IF(B98="DEN (SD 21-24)",1,"") | AL98: =IF(B98="DEN (SD 25-32)",1,"") | AM98: =IF(B98="SWE (SD 25-32)",1,"") | AN98: =IF(B98="POL (SD 21-24)",1,"") | AO98: =IF(B98="POL (SD 25-32)",1,"") -> 1 | AP98: =IF(B98="LAT (SD 25-32)",1,"") | AQ98: =IF(B98="EST (SD 25-32)",1,"") | AR98: =IF(B98="GFR (SD 21-24)",1,"") | AS98: =IF(B98="LTU (SD 25-32)",1,"") | AT98: =IF(B98="RUS (SD 25-32)",1,"")
A99: Standard | B99: ='Final list of total hauls pros'!M96 -> POL (SD 25-32) | C99: 95 | D99: ='Final list of total hauls pros'!A96 -> 25017 | E99: =IF(D99<>"",LEFT(D99,2),"") -> 25 | F99: ='Final list of total hauls pros'!B96 -> 38G6 | G99: ='Final list of total hauls pros'!I96 -> POL | H99: ='Final list of total hauls pros'!L96 -> 25-32 | I99: =IF(L99="+",$K$2,IF(N99="+",$M$2,IF(P99="+",$O$2,IF(R99="+",$Q$2,IF(T99="+",$S$2,IF(V99="+",$U$2,IF(X99="+",$W$2,IF(Z99="+",$Y$2,IF(AB99="+",$AA$2,IF(AD99="+",$AC$2,B99)))))))))) -> POL (SD 25-32) | K99: =IF(L99="+",1,IF(L99="-","",IF(L99="",AK99))) | M99: =IF(N99="+",1,IF(N99="-","",IF(N99="",AL99))) | O99: =IF(P99="+",1,IF(P99="-","",IF(P99="",AM99))) | Q99: =IF(R99="+",1,IF(R99="-","",IF(R99="",AN99))) | S99: =IF(T99="+",1,IF(T99="-","",IF(T99="",AO99))) -> 1 | U99: =IF(V99="+",1,IF(V99="-","",IF(V99="",AP99))) | W99: =IF(X99="+",1,IF(X99="-","",IF(X99="",AQ99))) | Y99: =IF(Z99="+",1,IF(Z99="-","",IF(Z99="",AR99))) | AA99: =IF(AB99="+",1,IF(AB99="-","",IF(AB99="",AS99))) | AC99: =IF(AD99="+",1,IF(AD99="-","",IF(AD99="",AT99))) | AG99: =IF(SUM(K99:AC99)<>1,"FEJL","") | AK99: =IF(B99="DEN (SD 21-24)",1,"") | AL99: =IF(B99="DEN (SD 25-32)",1,"") | AM99: =IF(B99="SWE (SD 25-32)",1,"") | AN99: =IF(B99="POL (SD 21-24)",1,"") | AO99: =IF(B99="POL (SD 25-32)",1,"") -> 1 | AP99: =IF(B99="LAT (SD 25-32)",1,"") | AQ99: =IF(B99="EST (SD 25-32)",1,"") | AR99: =IF(B99="GFR (SD 21-24)",1,"") | AS99: =IF(B99="LTU (SD 25-32)",1,"") | AT99: =IF(B99="RUS (SD 25-32)",1,"")
A100: Standard | B100: ='Final list of total hauls pros'!M97 -> POL (SD 25-32) | C100: 96 | D100: ='Final list of total hauls pros'!A97 -> 25022 | E100: =IF(D100<>"",LEFT(D100,2),"") -> 25 | F100: ='Final list of total hauls pros'!B97 -> 38G7 | G100: ='Final list of total hauls pros'!I97 -> POL | H100: ='Final list of total hauls pros'!L97 -> 25-32 | I100: =IF(L100="+",$K$2,IF(N100="+",$M$2,IF(P100="+",$O$2,IF(R100="+",$Q$2,IF(T100="+",$S$2,IF(V100="+",$U$2,IF(X100="+",$W$2,IF(Z100="+",$Y$2,IF(AB100="+",$AA$2,IF(AD100="+",$AC$2,B100)))))))))) -> DEN (SD 25-32) | K100: =IF(L100="+",1,IF(L100="-","",IF(L100="",AK100))) | M100: =IF(N100="+",1,IF(N100="-","",IF(N100="",AL100))) -> 1 | N100: + | O100: =IF(P100="+",1,IF(P100="-","",IF(P100="",AM100))) | Q100: =IF(R100="+",1,IF(R100="-","",IF(R100="",AN100))) | S100: =IF(T100="+",1,IF(T100="-","",IF(T100="",AO100))) | T100: - | U100: =IF(V100="+",1,IF(V100="-","",IF(V100="",AP100))) | W100: =IF(X100="+",1,IF(X100="-","",IF(X100="",AQ100))) | Y100: =IF(Z100="+",1,IF(Z100="-","",IF(Z100="",AR100))) | AA100: =IF(AB100="+",1,IF(AB100="-","",IF(AB100="",AS100))) | AC100: =IF(AD100="+",1,IF(AD100="-","",IF(AD100="",AT100))) | AG100: =IF(SUM(K100:AC100)<>1,"FEJL","") | AK100: =IF(B100="DEN (SD 21-24)",1,"") | AL100: =IF(B100="DEN (SD 25-32)",1,"") | AM100: =IF(B100="SWE (SD 25-32)",1,"") | AN100: =IF(B100="POL (SD 21-24)",1,"") | AO100: =IF(B100="POL (SD 25-32)",1,"") -> 1 | AP100: =IF(B100="LAT (SD 25-32)",1,"") | AQ100: =IF(B100="EST (SD 25-32)",1,"") | AR100: =IF(B100="GFR (SD 21-24)",1,"") | AS100: =IF(B100="LTU (SD 25-32)",1,"") | AT100: =IF(B100="RUS (SD 25-32)",1,"")
A101: Standard | B101: ='Final list of total hauls pros'!M98 -> POL (SD 25-32) | C101: 97 | D101: ='Final list of total hauls pros'!A98 -> 25024 | E101: =IF(D101<>"",LEFT(D101,2),"") -> 25 | F101: ='Final list of total hauls pros'!B98 -> 38G7 | G101: ='Final list of total hauls pros'!I98 -> POL | H101: ='Final list of total hauls pros'!L98 -> 25-32 | I101: =IF(L101="+",$K$2,IF(N101="+",$M$2,IF(P101="+",$O$2,IF(R101="+",$Q$2,IF(T101="+",$S$2,IF(V101="+",$U$2,IF(X101="+",$W$2,IF(Z101="+",$Y$2,IF(AB101="+",$AA$2,IF(AD101="+",$AC$2,B101)))))))))) -> POL (SD 25-32) | K101: =IF(L101="+",1,IF(L101="-","",IF(L101="",AK101))) | M101: =IF(N101="+",1,IF(N101="-","",IF(N101="",AL101))) | O101: =IF(P101="+",1,IF(P101="-","",IF(P101="",AM101))) | Q101: =IF(R101="+",1,IF(R101="-","",IF(R101="",AN101))) | S101: =IF(T101="+",1,IF(T101="-","",IF(T101="",AO101))) -> 1 | U101: =IF(V101="+",1,IF(V101="-","",IF(V101="",AP101))) | W101: =IF(X101="+",1,IF(X101="-","",IF(X101="",AQ101))) | Y101: =IF(Z101="+",1,IF(Z101="-","",IF(Z101="",AR101))) | AA101: =IF(AB101="+",1,IF(AB101="-","",IF(AB101="",AS101))) | AC101: =IF(AD101="+",1,IF(AD101="-","",IF(AD101="",AT101))) | AG101: =IF(SUM(K101:AC101)<>1,"FEJL","") | AK101: =IF(B101="DEN (SD 21-24)",1,"") | AL101: =IF(B101="DEN (SD 25-32)",1,"") | AM101: =IF(B101="SWE (SD 25-32)",1,"") | AN101: =IF(B101="POL (SD 21-24)",1,"") | AO101: =IF(B101="POL (SD 25-32)",1,"") -> 1 | AP101: =IF(B101="LAT (SD 25-32)",1,"") | AQ101: =IF(B101="EST (SD 25-32)",1,"") | AR101: =IF(B101="GFR (SD 21-24)",1,"") | AS101: =IF(B101="LTU (SD 25-32)",1,"") | AT101: =IF(B101="RUS (SD 25-32)",1,"")
A102: Standard | B102: ='Final list of total hauls pros'!M99 -> POL (SD 25-32) | C102: 98 | D102: ='Final list of total hauls pros'!A99 -> 25030 | E102: =IF(D102<>"",LEFT(D102,2),"") -> 25 | F102: ='Final list of total hauls pros'!B99 -> 39G7 | G102: ='Final list of total hauls pros'!I99 -> POL | H102: ='Final list of total hauls pros'!L99 -> 25-32 | I102: =IF(L102="+",$K$2,IF(N102="+",$M$2,IF(P102="+",$O$2,IF(R102="+",$Q$2,IF(T102="+",$S$2,IF(V102="+",$U$2,IF(X102="+",$W$2,IF(Z102="+",$Y$2,IF(AB102="+",$AA$2,IF(AD102="+",$AC$2,B102)))))))))) -> DEN (SD 25-32) | K102: =IF(L102="+",1,IF(L102="-","",IF(L102="",AK102))) | M102: =IF(N102="+",1,IF(N102="-","",IF(N102="",AL102))) -> 1 | N102: + | O102: =IF(P102="+",1,IF(P102="-","",IF(P102="",AM102))) | Q102: =IF(R102="+",1,IF(R102="-","",IF(R102="",AN102))) | S102: =IF(T102="+",1,IF(T102="-","",IF(T102="",AO102))) | T102: - | U102: =IF(V102="+",1,IF(V102="-","",IF(V102="",AP102))) | W102: =IF(X102="+",1,IF(X102="-","",IF(X102="",AQ102))) | Y102: =IF(Z102="+",1,IF(Z102="-","",IF(Z102="",AR102))) | AA102: =IF(AB102="+",1,IF(AB102="-","",IF(AB102="",AS102))) | AC102: =IF(AD102="+",1,IF(AD102="-","",IF(AD102="",AT102))) | AG102: =IF(SUM(K102:AC102)<>1,"FEJL","") | AK102: =IF(B102="DEN (SD 21-24)",1,"") | AL102: =IF(B102="DEN (SD 25-32)",1,"") | AM102: =IF(B102="SWE (SD 25-32)",1,"") | AN102: =IF(B102="POL (SD 21-24)",1,"") | AO102: =IF(B102="POL (SD 25-32)",1,"") -> 1 | AP102: =IF(B102="LAT (SD 25-32)",1,"") | AQ102: =IF(B102="EST (SD 25-32)",1,"") | AR102: =IF(B102="GFR (SD 21-24)",1,"") | AS102: =IF(B102="LTU (SD 25-32)",1,"") | AT102: =IF(B102="RUS (SD 25-32)",1,"")
A103: Standard | B103: ='Final list of total hauls pros'!M100 -> POL (SD 25-32) | C103: 99 | D103: ='Final list of total hauls pros'!A100 -> 25041 | E103: =IF(D103<>"",LEFT(D103,2),"") -> 25 | F103: ='Final list of total hauls pros'!B100 -> 37G5 | G103: ='Final list of total hauls pros'!I100 -> POL | H103: ='Final list of total hauls pros'!L100 -> 25-32 | I103: =IF(L103="+",$K$2,IF(N103="+",$M$2,IF(P103="+",$O$2,IF(R103="+",$Q$2,IF(T103="+",$S$2,IF(V103="+",$U$2,IF(X103="+",$W$2,IF(Z103="+",$Y$2,IF(AB103="+",$AA$2,IF(AD103="+",$AC$2,B103)))))))))) -> POL (SD 25-32) | K103: =IF(L103="+",1,IF(L103="-","",IF(L103="",AK103))) | M103: =IF(N103="+",1,IF(N103="-","",IF(N103="",AL103))) | O103: =IF(P103="+",1,IF(P103="-","",IF(P103="",AM103))) | Q103: =IF(R103="+",1,IF(R103="-","",IF(R103="",AN103))) | S103: =IF(T103="+",1,IF(T103="-","",IF(T103="",AO103))) -> 1 | U103: =IF(V103="+",1,IF(V103="-","",IF(V103="",AP103))) | W103: =IF(X103="+",1,IF(X103="-","",IF(X103="",AQ103))) | Y103: =IF(Z103="+",1,IF(Z103="-","",IF(Z103="",AR103))) | AA103: =IF(AB103="+",1,IF(AB103="-","",IF(AB103="",AS103))) | AC103: =IF(AD103="+",1,IF(AD103="-","",IF(AD103="",AT103))) | AG103: =IF(SUM(K103:AC103)<>1,"FEJL","") | AK103: =IF(B103="DEN (SD 21-24)",1,"") | AL103: =IF(B103="DEN (SD 25-32)",1,"") | AM103: =IF(B103="SWE (SD 25-32)",1,"") | AN103: =IF(B103="POL (SD 21-24)",1,"") | AO103: =IF(B103="POL (SD 25-32)",1,"") -> 1 | AP103: =IF(B103="LAT (SD 25-32)",1,"") | AQ103: =IF(B103="EST (SD 25-32)",1,"") | AR103: =IF(B103="GFR (SD 21-24)",1,"") | AS103: =IF(B103="LTU (SD 25-32)",1,"") | AT103: =IF(B103="RUS (SD 25-32)",1,"")
A104: Standard | B104: ='Final list of total hauls pros'!M101 -> POL (SD 25-32) | C104: 100 | D104: ='Final list of total hauls pros'!A101 -> 25042 | E104: =IF(D104<>"",LEFT(D104,2),"") -> 25 | F104: ='Final list of total hauls pros'!B101 -> 37G5 | G104: ='Final list of total hauls pros'!I101 -> POL | H104: ='Final list of total hauls pros'!L101 -> 25-32 | I104: =IF(L104="+",$K$2,IF(N104="+",$M$2,IF(P104="+",$O$2,IF(R104="+",$Q$2,IF(T104="+",$S$2,IF(V104="+",$U$2,IF(X104="+",$W$2,IF(Z104="+",$Y$2,IF(AB104="+",$AA$2,IF(AD104="+",$AC$2,B104)))))))))) -> DEN (SD 25-32) | K104: =IF(L104="+",1,IF(L104="-","",IF(L104="",AK104))) | M104: =IF(N104="+",1,IF(N104="-","",IF(N104="",AL104))) -> 1 | N104: + | O104: =IF(P104="+",1,IF(P104="-","",IF(P104="",AM104))) | Q104: =IF(R104="+",1,IF(R104="-","",IF(R104="",AN104))) | S104: =IF(T104="+",1,IF(T104="-","",IF(T104="",AO104))) | T104: - | U104: =IF(V104="+",1,IF(V104="-","",IF(V104="",AP104))) | W104: =IF(X104="+",1,IF(X104="-","",IF(X104="",AQ104))) | Y104: =IF(Z104="+",1,IF(Z104="-","",IF(Z104="",AR104))) | AA104: =IF(AB104="+",1,IF(AB104="-","",IF(AB104="",AS104))) | AC104: =IF(AD104="+",1,IF(AD104="-","",IF(AD104="",AT104))) | AG104: =IF(SUM(K104:AC104)<>1,"FEJL","") | AK104: =IF(B104="DEN (SD 21-24)",1,"") | AL104: =IF(B104="DEN (SD 25-32)",1,"") | AM104: =IF(B104="SWE (SD 25-32)",1,"") | AN104: =IF(B104="POL (SD 21-24)",1,"") | AO104: =IF(B104="POL (SD 25-32)",1,"") -> 1 | AP104: =IF(B104="LAT (SD 25-32)",1,"") | AQ104: =IF(B104="EST (SD 25-32)",1,"") | AR104: =IF(B104="GFR (SD 21-24)",1,"") | AS104: =IF(B104="LTU (SD 25-32)",1,"") | AT104: =IF(B104="RUS (SD 25-32)",1,"")
A105: Standard | B105: ='Final list of total hauls pros'!M102 -> POL (SD 25-32) | C105: 101 | D105: ='Final list of total hauls pros'!A102 -> 25046 | E105: =IF(D105<>"",LEFT(D105,2),"") -> 25 | F105: ='Final list of total hauls pros'!B102 -> 38G5 | G105: ='Final list of total hauls pros'!I102 -> POL | H105: ='Final list of total hauls pros'!L102 -> 25-32 | I105: =IF(L105="+",$K$2,IF(N105="+",$M$2,IF(P105="+",$O$2,IF(R105="+",$Q$2,IF(T105="+",$S$2,IF(V105="+",$U$2,IF(X105="+",$W$2,IF(Z105="+",$Y$2,IF(AB105="+",$AA$2,IF(AD105="+",$AC$2,B105)))))))))) -> DEN (SD 25-32) | K105: =IF(L105="+",1,IF(L105="-","",IF(L105="",AK105))) | M105: =IF(N105="+",1,IF(N105="-","",IF(N105="",AL105))) -> 1 | N105: + | O105: =IF(P105="+",1,IF(P105="-","",IF(P105="",AM105))) | Q105: =IF(R105="+",1,IF(R105="-","",IF(R105="",AN105))) | S105: =IF(T105="+",1,IF(T105="-","",IF(T105="",AO105))) | T105: - | U105: =IF(V105="+",1,IF(V105="-","",IF(V105="",AP105))) | W105: =IF(X105="+",1,IF(X105="-","",IF(X105="",AQ105))) | Y105: =IF(Z105="+",1,IF(Z105="-","",IF(Z105="",AR105))) | AA105: =IF(AB105="+",1,IF(AB105="-","",IF(AB105="",AS105))) | AC105: =IF(AD105="+",1,IF(AD105="-","",IF(AD105="",AT105))) | AG105: =IF(SUM(K105:AC105)<>1,"FEJL","") | AK105: =IF(B105="DEN (SD 21-24)",1,"") | AL105: =IF(B105="DEN (SD 25-32)",1,"") | AM105: =IF(B105="SWE (SD 25-32)",1,"") | AN105: =IF(B105="POL (SD 21-24)",1,"") | AO105: =IF(B105="POL (SD 25-32)",1,"") -> 1 | AP105: =IF(B105="LAT (SD 25-32)",1,"") | AQ105: =IF(B105="EST (SD 25-32)",1,"") | AR105: =IF(B105="GFR (SD 21-24)",1,"") | AS105: =IF(B105="LTU (SD 25-32)",1,"") | AT105: =IF(B105="RUS (SD 25-32)",1,"")
A106: Standard | B106: ='Final list of total hauls pros'!M103 -> POL (SD 25-32) | C106: 102 | D106: ='Final list of total hauls pros'!A103 -> 25048 | E106: =IF(D106<>"",LEFT(D106,2),"") -> 25 | F106: ='Final list of total hauls pros'!B103 -> 38G5 | G106: ='Final list of total hauls pros'!I103 -> POL | H106: ='Final list of total hauls pros'!L103 -> 25-32 | I106: =IF(L106="+",$K$2,IF(N106="+",$M$2,IF(P106="+",$O$2,IF(R106="+",$Q$2,IF(T106="+",$S$2,IF(V106="+",$U$2,IF(X106="+",$W$2,IF(Z106="+",$Y$2,IF(AB106="+",$AA$2,IF(AD106="+",$AC$2,B106)))))))))) -> DEN (SD 25-32) | K106: =IF(L106="+",1,IF(L106="-","",IF(L106="",AK106))) | M106: =IF(N106="+",1,IF(N106="-","",IF(N106="",AL106))) -> 1 | N106: + | O106: =IF(P106="+",1,IF(P106="-","",IF(P106="",AM106))) | Q106: =IF(R106="+",1,IF(R106="-","",IF(R106="",AN106))) | S106: =IF(T106="+",1,IF(T106="-","",IF(T106="",AO106))) | T106: - | U106: =IF(V106="+",1,IF(V106="-","",IF(V106="",AP106))) | W106: =IF(X106="+",1,IF(X106="-","",IF(X106="",AQ106))) | Y106: =IF(Z106="+",1,IF(Z106="-","",IF(Z106="",AR106))) | AA106: =IF(AB106="+",1,IF(AB106="-","",IF(AB106="",AS106))) | AC106: =IF(AD106="+",1,IF(AD106="-","",IF(AD106="",AT106))) | AG106: =IF(SUM(K106:AC106)<>1,"FEJL","") | AK106: =IF(B106="DEN (SD 21-24)",1,"") | AL106: =IF(B106="DEN (SD 25-32)",1,"") | AM106: =IF(B106="SWE (SD 25-32)",1,"") | AN106: =IF(B106="POL (SD 21-24)",1,"") | AO106: =IF(B106="POL (SD 25-32)",1,"") -> 1 | AP106: =IF(B106="LAT (SD 25-32)",1,"") | AQ106: =IF(B106="EST (SD 25-32)",1,"") | AR106: =IF(B106="GFR (SD 21-24)",1,"") | AS106: =IF(B106="LTU (SD 25-32)",1,"") | AT106: =IF(B106="RUS (SD 25-32)",1,"")
A107: Standard | B107: ='Final list of total hauls pros'!M104 -> POL (SD 25-32) | C107: 103 | D107: ='Final list of total hauls pros'!A104 -> 25049 | E107: =IF(D107<>"",LEFT(D107,2),"") -> 25 | F107: ='Final list of total hauls pros'!B104 -> 38G5 | G107: ='Final list of total hauls pros'!I104 -> POL | H107: ='Final list of total hauls pros'!L104 -> 25-32 | I107: =IF(L107="+",$K$2,IF(N107="+",$M$2,IF(P107="+",$O$2,IF(R107="+",$Q$2,IF(T107="+",$S$2,IF(V107="+",$U$2,IF(X107="+",$W$2,IF(Z107="+",$Y$2,IF(AB107="+",$AA$2,IF(AD107="+",$AC$2,B107)))))))))) -> DEN (SD 25-32) | K107: =IF(L107="+",1,IF(L107="-","",IF(L107="",AK107))) | M107: =IF(N107="+",1,IF(N107="-","",IF(N107="",AL107))) -> 1 | N107: + | O107: =IF(P107="+",1,IF(P107="-","",IF(P107="",AM107))) | Q107: =IF(R107="+",1,IF(R107="-","",IF(R107="",AN107))) | S107: =IF(T107="+",1,IF(T107="-","",IF(T107="",AO107))) | T107: - | U107: =IF(V107="+",1,IF(V107="-","",IF(V107="",AP107))) | W107: =IF(X107="+",1,IF(X107="-","",IF(X107="",AQ107))) | Y107: =IF(Z107="+",1,IF(Z107="-","",IF(Z107="",AR107))) | AA107: =IF(AB107="+",1,IF(AB107="-","",IF(AB107="",AS107))) | AC107: =IF(AD107="+",1,IF(AD107="-","",IF(AD107="",AT107))) | AG107: =IF(SUM(K107:AC107)<>1,"FEJL","") | AK107: =IF(B107="DEN (SD 21-24)",1,"") | AL107: =IF(B107="DEN (SD 25-32)",1,"") | AM107: =IF(B107="SWE (SD 25-32)",1,"") | AN107: =IF(B107="POL (SD 21-24)",1,"") | AO107: =IF(B107="POL (SD 25-32)",1,"") -> 1 | AP107: =IF(B107="LAT (SD 25-32)",1,"") | AQ107: =IF(B107="EST (SD 25-32)",1,"") | AR107: =IF(B107="GFR (SD 21-24)",1,"") | AS107: =IF(B107="LTU (SD 25-32)",1,"") | AT107: =IF(B107="RUS (SD 25-32)",1,"")
A108: Standard | B108: ='Final list of total hauls pros'!M105 -> POL (SD 25-32) | C108: 104 | D108: ='Final list of total hauls pros'!A105 -> 25052 | E108: =IF(D108<>"",LEFT(D108,2),"") -> 25 | F108: ='Final list of total hauls pros'!B105 -> 38G6 | G108: ='Final list of total hauls pros'!I105 -> POL | H108: ='Final list of total hauls pros'!L105 -> 25-32 | I108: =IF(L108="+",$K$2,IF(N108="+",$M$2,IF(P108="+",$O$2,IF(R108="+",$Q$2,IF(T108="+",$S$2,IF(V108="+",$U$2,IF(X108="+",$W$2,IF(Z108="+",$Y$2,IF(AB108="+",$AA$2,IF(AD108="+",$AC$2,B108)))))))))) -> DEN (SD 25-32) | K108: =IF(L108="+",1,IF(L108="-","",IF(L108="",AK108))) | M108: =IF(N108="+",1,IF(N108="-","",IF(N108="",AL108))) -> 1 | N108: + | O108: =IF(P108="+",1,IF(P108="-","",IF(P108="",AM108))) | Q108: =IF(R108="+",1,IF(R108="-","",IF(R108="",AN108))) | S108: =IF(T108="+",1,IF(T108="-","",IF(T108="",AO108))) | T108: - | U108: =IF(V108="+",1,IF(V108="-","",IF(V108="",AP108))) | W108: =IF(X108="+",1,IF(X108="-","",IF(X108="",AQ108))) | Y108: =IF(Z108="+",1,IF(Z108="-","",IF(Z108="",AR108))) | AA108: =IF(AB108="+",1,IF(AB108="-","",IF(AB108="",AS108))) | AC108: =IF(AD108="+",1,IF(AD108="-","",IF(AD108="",AT108))) | AG108: =IF(SUM(K108:AC108)<>1,"FEJL","") | AK108: =IF(B108="DEN (SD 21-24)",1,"") | AL108: =IF(B108="DEN (SD 25-32)",1,"") | AM108: =IF(B108="SWE (SD 25-32)",1,"") | AN108: =IF(B108="POL (SD 21-24)",1,"") | AO108: =IF(B108="POL (SD 25-32)",1,"") -> 1 | AP108: =IF(B108="LAT (SD 25-32)",1,"") | AQ108: =IF(B108="EST (SD 25-32)",1,"") | AR108: =IF(B108="GFR (SD 21-24)",1,"") | AS108: =IF(B108="LTU (SD 25-32)",1,"") | AT108: =IF(B108="RUS (SD 25-32)",1,"")
A109: Standard | B109: ='Final list of total hauls pros'!M106 -> DEN (SD 25-32) | C109: 105 | D109: ='Final list of total hauls pros'!A106 -> 25053 | E109: =IF(D109<>"",LEFT(D109,2),"") -> 25 | F109: ='Final list of total hauls pros'!B106 -> 38G5 | G109: ='Final list of total hauls pros'!I106 -> DEN | H109: ='Final list of total hauls pros'!L106 -> 25-32 | I109: =IF(L109="+",$K$2,IF(N109="+",$M$2,IF(P109="+",$O$2,IF(R109="+",$Q$2,IF(T109="+",$S$2,IF(V109="+",$U$2,IF(X109="+",$W$2,IF(Z109="+",$Y$2,IF(AB109="+",$AA$2,IF(AD109="+",$AC$2,B109)))))))))) -> DEN (SD 25-32) | K109: =IF(L109="+",1,IF(L109="-","",IF(L109="",AK109))) | M109: =IF(N109="+",1,IF(N109="-","",IF(N109="",AL109))) -> 1 | O109: =IF(P109="+",1,IF(P109="-","",IF(P109="",AM109))) | Q109: =IF(R109="+",1,IF(R109="-","",IF(R109="",AN109))) | S109: =IF(T109="+",1,IF(T109="-","",IF(T109="",AO109))) | U109: =IF(V109="+",1,IF(V109="-","",IF(V109="",AP109))) | W109: =IF(X109="+",1,IF(X109="-","",IF(X109="",AQ109))) | Y109: =IF(Z109="+",1,IF(Z109="-","",IF(Z109="",AR109))) | AA109: =IF(AB109="+",1,IF(AB109="-","",IF(AB109="",AS109))) | AC109: =IF(AD109="+",1,IF(AD109="-","",IF(AD109="",AT109))) | AG109: =IF(SUM(K109:AC109)<>1,"FEJL","") | AK109: =IF(B109="DEN (SD 21-24)",1,"") | AL109: =IF(B109="DEN (SD 25-32)",1,"") -> 1 | AM109: =IF(B109="SWE (SD 25-32)",1,"") | AN109: =IF(B109="POL (SD 21-24)",1,"") | AO109: =IF(B109="POL (SD 25-32)",1,"") | AP109: =IF(B109="LAT (SD 25-32)",1,"") | AQ109: =IF(B109="EST (SD 25-32)",1,"") | AR109: =IF(B109="GFR (SD 21-24)",1,"") | AS109: =IF(B109="LTU (SD 25-32)",1,"") | AT109: =IF(B109="RUS (SD 25-32)",1,"")
A110: Standard | B110: ='Final list of total hauls pros'!M107 -> POL (SD 25-32) | C110: 106 | D110: ='Final list of total hauls pros'!A107 -> 25056 | E110: =IF(D110<>"",LEFT(D110,2),"") -> 25 | F110: ='Final list of total hauls pros'!B107 -> 38G5 | G110: ='Final list of total hauls pros'!I107 -> POL | H110: ='Final list of total hauls pros'!L107 -> 25-32 | I110: =IF(L110="+",$K$2,IF(N110="+",$M$2,IF(P110="+",$O$2,IF(R110="+",$Q$2,IF(T110="+",$S$2,IF(V110="+",$U$2,IF(X110="+",$W$2,IF(Z110="+",$Y$2,IF(AB110="+",$AA$2,IF(AD110="+",$AC$2,B110)))))))))) -> DEN (SD 25-32) | K110: =IF(L110="+",1,IF(L110="-","",IF(L110="",AK110))) | M110: =IF(N110="+",1,IF(N110="-","",IF(N110="",AL110))) -> 1 | N110: + | O110: =IF(P110="+",1,IF(P110="-","",IF(P110="",AM110))) | Q110: =IF(R110="+",1,IF(R110="-","",IF(R110="",AN110))) | S110: =IF(T110="+",1,IF(T110="-","",IF(T110="",AO110))) | T110: - | U110: =IF(V110="+",1,IF(V110="-","",IF(V110="",AP110))) | W110: =IF(X110="+",1,IF(X110="-","",IF(X110="",AQ110))) | Y110: =IF(Z110="+",1,IF(Z110="-","",IF(Z110="",AR110))) | AA110: =IF(AB110="+",1,IF(AB110="-","",IF(AB110="",AS110))) | AC110: =IF(AD110="+",1,IF(AD110="-","",IF(AD110="",AT110))) | AG110: =IF(SUM(K110:AC110)<>1,"FEJL","") | AK110: =IF(B110="DEN (SD 21-24)",1,"") | AL110: =IF(B110="DEN (SD 25-32)",1,"") | AM110: =IF(B110="SWE (SD 25-32)",1,"") | AN110: =IF(B110="POL (SD 21-24)",1,"") | AO110: =IF(B110="POL (SD 25-32)",1,"") -> 1 | AP110: =IF(B110="LAT (SD 25-32)",1,"") | AQ110: =IF(B110="EST (SD 25-32)",1,"") | AR110: =IF(B110="GFR (SD 21-24)",1,"") | AS110: =IF(B110="LTU (SD 25-32)",1,"") | AT110: =IF(B110="RUS (SD 25-32)",1,"")
A111: Standard | B111: ='Final list of total hauls pros'!M108 -> POL (SD 25-32) | C111: 107 | D111: ='Final list of total hauls pros'!A108 -> 25060 | E111: =IF(D111<>"",LEFT(D111,2),"") -> 25 | F111: ='Final list of total hauls pros'!B108 -> 38G5 | G111: ='Final list of total hauls pros'!I108 -> POL | H111: ='Final list of total hauls pros'!L108 -> 25-32 | I111: =IF(L111="+",$K$2,IF(N111="+",$M$2,IF(P111="+",$O$2,IF(R111="+",$Q$2,IF(T111="+",$S$2,IF(V111="+",$U$2,IF(X111="+",$W$2,IF(Z111="+",$Y$2,IF(AB111="+",$AA$2,IF(AD111="+",$AC$2,B111)))))))))) -> DEN (SD 25-32) | K111: =IF(L111="+",1,IF(L111="-","",IF(L111="",AK111))) | M111: =IF(N111="+",1,IF(N111="-","",IF(N111="",AL111))) -> 1 | N111: + | O111: =IF(P111="+",1,IF(P111="-","",IF(P111="",AM111))) | Q111: =IF(R111="+",1,IF(R111="-","",IF(R111="",AN111))) | S111: =IF(T111="+",1,IF(T111="-","",IF(T111="",AO111))) | T111: - | U111: =IF(V111="+",1,IF(V111="-","",IF(V111="",AP111))) | W111: =IF(X111="+",1,IF(X111="-","",IF(X111="",AQ111))) | Y111: =IF(Z111="+",1,IF(Z111="-","",IF(Z111="",AR111))) | AA111: =IF(AB111="+",1,IF(AB111="-","",IF(AB111="",AS111))) | AC111: =IF(AD111="+",1,IF(AD111="-","",IF(AD111="",AT111))) | AG111: =IF(SUM(K111:AC111)<>1,"FEJL","") | AK111: =IF(B111="DEN (SD 21-24)",1,"") | AL111: =IF(B111="DEN (SD 25-32)",1,"") | AM111: =IF(B111="SWE (SD 25-32)",1,"") | AN111: =IF(B111="POL (SD 21-24)",1,"") | AO111: =IF(B111="POL (SD 25-32)",1,"") -> 1 | AP111: =IF(B111="LAT (SD 25-32)",1,"") | AQ111: =IF(B111="EST (SD 25-32)",1,"") | AR111: =IF(B111="GFR (SD 21-24)",1,"") | AS111: =IF(B111="LTU (SD 25-32)",1,"") | AT111: =IF(B111="RUS (SD 25-32)",1,"")
A112: Standard | B112: ='Final list of total hauls pros'!M109 -> POL (SD 25-32) | C112: 108 | D112: ='Final list of total hauls pros'!A109 -> 25061 | E112: =IF(D112<>"",LEFT(D112,2),"") -> 25 | F112: ='Final list of total hauls pros'!B109 -> 38G6 | G112: ='Final list of total hauls pros'!I109 -> POL | H112: ='Final list of total hauls pros'!L109 -> 25-32 | I112: =IF(L112="+",$K$2,IF(N112="+",$M$2,IF(P112="+",$O$2,IF(R112="+",$Q$2,IF(T112="+",$S$2,IF(V112="+",$U$2,IF(X112="+",$W$2,IF(Z112="+",$Y$2,IF(AB112="+",$AA$2,IF(AD112="+",$AC$2,B112)))))))))) -> DEN (SD 25-32) | K112: =IF(L112="+",1,IF(L112="-","",IF(L112="",AK112))) | M112: =IF(N112="+",1,IF(N112="-","",IF(N112="",AL112))) -> 1 | N112: + | O112: =IF(P112="+",1,IF(P112="-","",IF(P112="",AM112))) | Q112: =IF(R112="+",1,IF(R112="-","",IF(R112="",AN112))) | S112: =IF(T112="+",1,IF(T112="-","",IF(T112="",AO112))) | T112: - | U112: =IF(V112="+",1,IF(V112="-","",IF(V112="",AP112))) | W112: =IF(X112="+",1,IF(X112="-","",IF(X112="",AQ112))) | Y112: =IF(Z112="+",1,IF(Z112="-","",IF(Z112="",AR112))) | AA112: =IF(AB112="+",1,IF(AB112="-","",IF(AB112="",AS112))) | AC112: =IF(AD112="+",1,IF(AD112="-","",IF(AD112="",AT112))) | AG112: =IF(SUM(K112:AC112)<>1,"FEJL","") | AK112: =IF(B112="DEN (SD 21-24)",1,"") | AL112: =IF(B112="DEN (SD 25-32)",1,"") | AM112: =IF(B112="SWE (SD 25-32)",1,"") | AN112: =IF(B112="POL (SD 21-24)",1,"") | AO112: =IF(B112="POL (SD 25-32)",1,"") -> 1 | AP112: =IF(B112="LAT (SD 25-32)",1,"") | AQ112: =IF(B112="EST (SD 25-32)",1,"") | AR112: =IF(B112="GFR (SD 21-24)",1,"") | AS112: =IF(B112="LTU (SD 25-32)",1,"") | AT112: =IF(B112="RUS (SD 25-32)",1,"")
A113: Standard | B113: ='Final list of total hauls pros'!M110 -> DEN (SD 25-32) | C113: 109 | D113: ='Final list of total hauls pros'!A110 -> 25065 | E113: =IF(D113<>"",LEFT(D113,2),"") -> 25 | F113: ='Final list of total hauls pros'!B110 -> 39G5 | G113: ='Final list of total hauls pros'!I110 -> DEN | H113: ='Final list of total hauls pros'!L110 -> 25-32 | I113: =IF(L113="+",$K$2,IF(N113="+",$M$2,IF(P113="+",$O$2,IF(R113="+",$Q$2,IF(T113="+",$S$2,IF(V113="+",$U$2,IF(X113="+",$W$2,IF(Z113="+",$Y$2,IF(AB113="+",$AA$2,IF(AD113="+",$AC$2,B113)))))))))) -> DEN (SD 25-32) | K113: =IF(L113="+",1,IF(L113="-","",IF(L113="",AK113))) | M113: =IF(N113="+",1,IF(N113="-","",IF(N113="",AL113))) -> 1 | O113: =IF(P113="+",1,IF(P113="-","",IF(P113="",AM113))) | Q113: =IF(R113="+",1,IF(R113="-","",IF(R113="",AN113))) | S113: =IF(T113="+",1,IF(T113="-","",IF(T113="",AO113))) | U113: =IF(V113="+",1,IF(V113="-","",IF(V113="",AP113))) | W113: =IF(X113="+",1,IF(X113="-","",IF(X113="",AQ113))) | Y113: =IF(Z113="+",1,IF(Z113="-","",IF(Z113="",AR113))) | AA113: =IF(AB113="+",1,IF(AB113="-","",IF(AB113="",AS113))) | AC113: =IF(AD113="+",1,IF(AD113="-","",IF(AD113="",AT113))) | AG113: =IF(SUM(K113:AC113)<>1,"FEJL","") | AK113: =IF(B113="DEN (SD 21-24)",1,"") | AL113: =IF(B113="DEN (SD 25-32)",1,"") -> 1 | AM113: =IF(B113="SWE (SD 25-32)",1,"") | AN113: =IF(B113="POL (SD 21-24)",1,"") | AO113: =IF(B113="POL (SD 25-32)",1,"") | AP113: =IF(B113="LAT (SD 25-32)",1,"") | AQ113: =IF(B113="EST (SD 25-32)",1,"") | AR113: =IF(B113="GFR (SD 21-24)",1,"") | AS113: =IF(B113="LTU (SD 25-32)",1,"") | AT113: =IF(B113="RUS (SD 25-32)",1,"")
A114: Standard | B114: ='Final list of total hauls pros'!M111 -> POL (SD 25-32) | C114: 110 | D114: ='Final list of total hauls pros'!A111 -> 25066 | E114: =IF(D114<>"",LEFT(D114,2),"") -> 25 | F114: ='Final list of total hauls pros'!B111 -> 39G6 | G114: ='Final list of total hauls pros'!I111 -> POL | H114: ='Final list of total hauls pros'!L111 -> 25-32 | I114: =IF(L114="+",$K$2,IF(N114="+",$M$2,IF(P114="+",$O$2,IF(R114="+",$Q$2,IF(T114="+",$S$2,IF(V114="+",$U$2,IF(X114="+",$W$2,IF(Z114="+",$Y$2,IF(AB114="+",$AA$2,IF(AD114="+",$AC$2,B114)))))))))) -> DEN (SD 25-32) | K114: =IF(L114="+",1,IF(L114="-","",IF(L114="",AK114))) | M114: =IF(N114="+",1,IF(N114="-","",IF(N114="",AL114))) -> 1 | N114: + | O114: =IF(P114="+",1,IF(P114="-","",IF(P114="",AM114))) | Q114: =IF(R114="+",1,IF(R114="-","",IF(R114="",AN114))) | S114: =IF(T114="+",1,IF(T114="-","",IF(T114="",AO114))) | T114: - | U114: =IF(V114="+",1,IF(V114="-","",IF(V114="",AP114))) | W114: =IF(X114="+",1,IF(X114="-","",IF(X114="",AQ114))) | Y114: =IF(Z114="+",1,IF(Z114="-","",IF(Z114="",AR114))) | AA114: =IF(AB114="+",1,IF(AB114="-","",IF(AB114="",AS114))) | AC114: =IF(AD114="+",1,IF(AD114="-","",IF(AD114="",AT114))) | AG114: =IF(SUM(K114:AC114)<>1,"FEJL","") | AK114: =IF(B114="DEN (SD 21-24)",1,"") | AL114: =IF(B114="DEN (SD 25-32)",1,"") | AM114: =IF(B114="SWE (SD 25-32)",1,"") | AN114: =IF(B114="POL (SD 21-24)",1,"") | AO114: =IF(B114="POL (SD 25-32)",1,"") -> 1 | AP114: =IF(B114="LAT (SD 25-32)",1,"") | AQ114: =IF(B114="EST (SD 25-32)",1,"") | AR114: =IF(B114="GFR (SD 21-24)",1,"") | AS114: =IF(B114="LTU (SD 25-32)",1,"") | AT114: =IF(B114="RUS (SD 25-32)",1,"")
A115: Standard | B115: ='Final list of total hauls pros'!M112 -> POL (SD 25-32) | C115: 111 | D115: ='Final list of total hauls pros'!A112 -> 25067 | E115: =IF(D115<>"",LEFT(D115,2),"") -> 25 | F115: ='Final list of total hauls pros'!B112 -> 39G6 | G115: ='Final list of total hauls pros'!I112 -> POL | H115: ='Final list of total hauls pros'!L112 -> 25-32 | I115: =IF(L115="+",$K$2,IF(N115="+",$M$2,IF(P115="+",$O$2,IF(R115="+",$Q$2,IF(T115="+",$S$2,IF(V115="+",$U$2,IF(X115="+",$W$2,IF(Z115="+",$Y$2,IF(AB115="+",$AA$2,IF(AD115="+",$AC$2,B115)))))))))) -> DEN (SD 25-32) | K115: =IF(L115="+",1,IF(L115="-","",IF(L115="",AK115))) | M115: =IF(N115="+",1,IF(N115="-","",IF(N115="",AL115))) -> 1 | N115: + | O115: =IF(P115="+",1,IF(P115="-","",IF(P115="",AM115))) | Q115: =IF(R115="+",1,IF(R115="-","",IF(R115="",AN115))) | S115: =IF(T115="+",1,IF(T115="-","",IF(T115="",AO115))) | T115: - | U115: =IF(V115="+",1,IF(V115="-","",IF(V115="",AP115))) | W115: =IF(X115="+",1,IF(X115="-","",IF(X115="",AQ115))) | Y115: =IF(Z115="+",1,IF(Z115="-","",IF(Z115="",AR115))) | AA115: =IF(AB115="+",1,IF(AB115="-","",IF(AB115="",AS115))) | AC115: =IF(AD115="+",1,IF(AD115="-","",IF(AD115="",AT115))) | AG115: =IF(SUM(K115:AC115)<>1,"FEJL","") | AK115: =IF(B115="DEN (SD 21-24)",1,"") | AL115: =IF(B115="DEN (SD 25-32)",1,"") | AM115: =IF(B115="SWE (SD 25-32)",1,"") | AN115: =IF(B115="POL (SD 21-24)",1,"") | AO115: =IF(B115="POL (SD 25-32)",1,"") -> 1 | AP115: =IF(B115="LAT (SD 25-32)",1,"") | AQ115: =IF(B115="EST (SD 25-32)",1,"") | AR115: =IF(B115="GFR (SD 21-24)",1,"") | AS115: =IF(B115="LTU (SD 25-32)",1,"") | AT115: =IF(B115="RUS (SD 25-32)",1,"")
A116: Standard | B116: ='Final list of total hauls pros'!M113 -> POL (SD 25-32) | C116: 112 | D116: ='Final list of total hauls pros'!A113 -> 25081 | E116: =IF(D116<>"",LEFT(D116,2),"") -> 25 | F116: ='Final list of total hauls pros'!B113 -> 39G6 | G116: ='Final list of total hauls pros'!I113 -> POL | H116: ='Final list of total hauls pros'!L113 -> 25-32 | I116: =IF(L116="+",$K$2,IF(N116="+",$M$2,IF(P116="+",$O$2,IF(R116="+",$Q$2,IF(T116="+",$S$2,IF(V116="+",$U$2,IF(X116="+",$W$2,IF(Z116="+",$Y$2,IF(AB116="+",$AA$2,IF(AD116="+",$AC$2,B116)))))))))) -> DEN (SD 25-32) | K116: =IF(L116="+",1,IF(L116="-","",IF(L116="",AK116))) | M116: =IF(N116="+",1,IF(N116="-","",IF(N116="",AL116))) -> 1 | N116: + | O116: =IF(P116="+",1,IF(P116="-","",IF(P116="",AM116))) | Q116: =IF(R116="+",1,IF(R116="-","",IF(R116="",AN116))) | S116: =IF(T116="+",1,IF(T116="-","",IF(T116="",AO116))) | T116: - | U116: =IF(V116="+",1,IF(V116="-","",IF(V116="",AP116))) | W116: =IF(X116="+",1,IF(X116="-","",IF(X116="",AQ116))) | Y116: =IF(Z116="+",1,IF(Z116="-","",IF(Z116="",AR116))) | AA116: =IF(AB116="+",1,IF(AB116="-","",IF(AB116="",AS116))) | AC116: =IF(AD116="+",1,IF(AD116="-","",IF(AD116="",AT116))) | AG116: =IF(SUM(K116:AC116)<>1,"FEJL","") | AK116: =IF(B116="DEN (SD 21-24)",1,"") | AL116: =IF(B116="DEN (SD 25-32)",1,"") | AM116: =IF(B116="SWE (SD 25-32)",1,"") | AN116: =IF(B116="POL (SD 21-24)",1,"") | AO116: =IF(B116="POL (SD 25-32)",1,"") -> 1 | AP116: =IF(B116="LAT (SD 25-32)",1,"") | AQ116: =IF(B116="EST (SD 25-32)",1,"") | AR116: =IF(B116="GFR (SD 21-24)",1,"") | AS116: =IF(B116="LTU (SD 25-32)",1,"") | AT116: =IF(B116="RUS (SD 25-32)",1,"")
A117: Standard | B117: ='Final list of total hauls pros'!M114 -> DEN (SD 25-32) | C117: 113 | D117: ='Final list of total hauls pros'!A114 -> 25136 | E117: =IF(D117<>"",LEFT(D117,2),"") -> 25 | F117: ='Final list of total hauls pros'!B114 -> 40G7 | G117: ='Final list of total hauls pros'!I114 -> SWE | H117: ='Final list of total hauls pros'!L114 -> 25-32 | I117: =IF(L117="+",$K$2,IF(N117="+",$M$2,IF(P117="+",$O$2,IF(R117="+",$Q$2,IF(T117="+",$S$2,IF(V117="+",$U$2,IF(X117="+",$W$2,IF(Z117="+",$Y$2,IF(AB117="+",$AA$2,IF(AD117="+",$AC$2,B117)))))))))) -> SWE (SD 25-32) | K117: =IF(L117="+",1,IF(L117="-","",IF(L117="",AK117))) | M117: =IF(N117="+",1,IF(N117="-","",IF(N117="",AL117))) | N117: - | O117: =IF(P117="+",1,IF(P117="-","",IF(P117="",AM117))) -> 1 | P117: + | Q117: =IF(R117="+",1,IF(R117="-","",IF(R117="",AN117))) | S117: =IF(T117="+",1,IF(T117="-","",IF(T117="",AO117))) | U117: =IF(V117="+",1,IF(V117="-","",IF(V117="",AP117))) | W117: =IF(X117="+",1,IF(X117="-","",IF(X117="",AQ117))) | Y117: =IF(Z117="+",1,IF(Z117="-","",IF(Z117="",AR117))) | AA117: =IF(AB117="+",1,IF(AB117="-","",IF(AB117="",AS117))) | AC117: =IF(AD117="+",1,IF(AD117="-","",IF(AD117="",AT117))) | AG117: =IF(SUM(K117:AC117)<>1,"FEJL","") | AK117: =IF(B117="DEN (SD 21-24)",1,"") | AL117: =IF(B117="DEN (SD 25-32)",1,"") -> 1 | AM117: =IF(B117="SWE (SD 25-32)",1,"") | AN117: =IF(B117="POL (SD 21-24)",1,"") | AO117: =IF(B117="POL (SD 25-32)",1,"") | AP117: =IF(B117="LAT (SD 25-32)",1,"") | AQ117: =IF(B117="EST (SD 25-32)",1,"") | AR117: =IF(B117="GFR (SD 21-24)",1,"") | AS117: =IF(B117="LTU (SD 25-32)",1,"") | AT117: =IF(B117="RUS (SD 25-32)",1,"")
A118: Standard | B118: ='Final list of total hauls pros'!M115 -> SWE (SD 25-32) | C118: 114 | D118: ='Final list of total hauls pros'!A115 -> 25140 | E118: =IF(D118<>"",LEFT(D118,2),"") -> 25 | F118: ='Final list of total hauls pros'!B115 -> 40G5 | G118: ='Final list of total hauls pros'!I115 -> SWE | H118: ='Final list of total hauls pros'!L115 -> 25-32 | I118: =IF(L118="+",$K$2,IF(N118="+",$M$2,IF(P118="+",$O$2,IF(R118="+",$Q$2,IF(T118="+",$S$2,IF(V118="+",$U$2,IF(X118="+",$W$2,IF(Z118="+",$Y$2,IF(AB118="+",$AA$2,IF(AD118="+",$AC$2,B118)))))))))) -> SWE (SD 25-32) | K118: =IF(L118="+",1,IF(L118="-","",IF(L118="",AK118))) | M118: =IF(N118="+",1,IF(N118="-","",IF(N118="",AL118))) | O118: =IF(P118="+",1,IF(P118="-","",IF(P118="",AM118))) -> 1 | Q118: =IF(R118="+",1,IF(R118="-","",IF(R118="",AN118))) | S118: =IF(T118="+",1,IF(T118="-","",IF(T118="",AO118))) | U118: =IF(V118="+",1,IF(V118="-","",IF(V118="",AP118))) | W118: =IF(X118="+",1,IF(X118="-","",IF(X118="",AQ118))) | Y118: =IF(Z118="+",1,IF(Z118="-","",IF(Z118="",AR118))) | AA118: =IF(AB118="+",1,IF(AB118="-","",IF(AB118="",AS118))) | AC118: =IF(AD118="+",1,IF(AD118="-","",IF(AD118="",AT118))) | AG118: =IF(SUM(K118:AC118)<>1,"FEJL","") | AK118: =IF(B118="DEN (SD 21-24)",1,"") | AL118: =IF(B118="DEN (SD 25-32)",1,"") | AM118: =IF(B118="SWE (SD 25-32)",1,"") -> 1 | AN118: =IF(B118="POL (SD 21-24)",1,"") | AO118: =IF(B118="POL (SD 25-32)",1,"") | AP118: =IF(B118="LAT (SD 25-32)",1,"") | AQ118: =IF(B118="EST (SD 25-32)",1,"") | AR118: =IF(B118="GFR (SD 21-24)",1,"") | AS118: =IF(B118="LTU (SD 25-32)",1,"") | AT118: =IF(B118="RUS (SD 25-32)",1,"")
A119: Standard | B119: ='Final list of total hauls pros'!M116 -> DEN (SD 25-32) | C119: 115 | D119: ='Final list of total hauls pros'!A116 -> 25161 | E119: =IF(D119<>"",LEFT(D119,2),"") -> 25 | F119: ='Final list of total hauls pros'!B116 -> 40G7 | G119: ='Final list of total hauls pros'!I116 -> SWE | H119: ='Final list of total hauls pros'!L116 -> 25-32 | I119: =IF(L119="+",$K$2,IF(N119="+",$M$2,IF(P119="+",$O$2,IF(R119="+",$Q$2,IF(T119="+",$S$2,IF(V119="+",$U$2,IF(X119="+",$W$2,IF(Z119="+",$Y$2,IF(AB119="+",$AA$2,IF(AD119="+",$AC$2,B119)))))))))) -> SWE (SD 25-32) | K119: =IF(L119="+",1,IF(L119="-","",IF(L119="",AK119))) | M119: =IF(N119="+",1,IF(N119="-","",IF(N119="",AL119))) | N119: - | O119: =IF(P119="+",1,IF(P119="-","",IF(P119="",AM119))) -> 1 | P119: + | Q119: =IF(R119="+",1,IF(R119="-","",IF(R119="",AN119))) | S119: =IF(T119="+",1,IF(T119="-","",IF(T119="",AO119))) | U119: =IF(V119="+",1,IF(V119="-","",IF(V119="",AP119))) | W119: =IF(X119="+",1,IF(X119="-","",IF(X119="",AQ119))) | Y119: =IF(Z119="+",1,IF(Z119="-","",IF(Z119="",AR119))) | AA119: =IF(AB119="+",1,IF(AB119="-","",IF(AB119="",AS119))) | AC119: =IF(AD119="+",1,IF(AD119="-","",IF(AD119="",AT119))) | AG119: =IF(SUM(K119:AC119)<>1,"FEJL","") | AK119: =IF(B119="DEN (SD 21-24)",1,"") | AL119: =IF(B119="DEN (SD 25-32)",1,"") -> 1 | AM119: =IF(B119="SWE (SD 25-32)",1,"") | AN119: =IF(B119="POL (SD 21-24)",1,"") | AO119: =IF(B119="POL (SD 25-32)",1,"") | AP119: =IF(B119="LAT (SD 25-32)",1,"") | AQ119: =IF(B119="EST (SD 25-32)",1,"") | AR119: =IF(B119="GFR (SD 21-24)",1,"") | AS119: =IF(B119="LTU (SD 25-32)",1,"") | AT119: =IF(B119="RUS (SD 25-32)",1,"")
A120: Standard | B120: ='Final list of total hauls pros'!M117 -> POL (SD 25-32) | C120: 116 | D120: ='Final list of total hauls pros'!A117 -> 25173 | E120: =IF(D120<>"",LEFT(D120,2),"") -> 25 | F120: ='Final list of total hauls pros'!B117 -> 38G5 | G120: ='Final list of total hauls pros'!I117 -> POL | H120: ='Final list of total hauls pros'!L117 -> 25-32 | I120: =IF(L120="+",$K$2,IF(N120="+",$M$2,IF(P120="+",$O$2,IF(R120="+",$Q$2,IF(T120="+",$S$2,IF(V120="+",$U$2,IF(X120="+",$W$2,IF(Z120="+",$Y$2,IF(AB120="+",$AA$2,IF(AD120="+",$AC$2,B120)))))))))) -> DEN (SD 25-32) | K120: =IF(L120="+",1,IF(L120="-","",IF(L120="",AK120))) | M120: =IF(N120="+",1,IF(N120="-","",IF(N120="",AL120))) -> 1 | N120: + | O120: =IF(P120="+",1,IF(P120="-","",IF(P120="",AM120))) | Q120: =IF(R120="+",1,IF(R120="-","",IF(R120="",AN120))) | S120: =IF(T120="+",1,IF(T120="-","",IF(T120="",AO120))) | T120: - | U120: =IF(V120="+",1,IF(V120="-","",IF(V120="",AP120))) | W120: =IF(X120="+",1,IF(X120="-","",IF(X120="",AQ120))) | Y120: =IF(Z120="+",1,IF(Z120="-","",IF(Z120="",AR120))) | AA120: =IF(AB120="+",1,IF(AB120="-","",IF(AB120="",AS120))) | AC120: =IF(AD120="+",1,IF(AD120="-","",IF(AD120="",AT120))) | AG120: =IF(SUM(K120:AC120)<>1,"FEJL","") | AK120: =IF(B120="DEN (SD 21-24)",1,"") | AL120: =IF(B120="DEN (SD 25-32)",1,"") | AM120: =IF(B120="SWE (SD 25-32)",1,"") | AN120: =IF(B120="POL (SD 21-24)",1,"") | AO120: =IF(B120="POL (SD 25-32)",1,"") -> 1 | AP120: =IF(B120="LAT (SD 25-32)",1,"") | AQ120: =IF(B120="EST (SD 25-32)",1,"") | AR120: =IF(B120="GFR (SD 21-24)",1,"") | AS120: =IF(B120="LTU (SD 25-32)",1,"") | AT120: =IF(B120="RUS (SD 25-32)",1,"")
A121: Standard | B121: ='Final list of total hauls pros'!M118 -> DEN (SD 25-32) | C121: 117 | D121: ='Final list of total hauls pros'!A118 -> 25195 | E121: =IF(D121<>"",LEFT(D121,2),"") -> 25 | F121: ='Final list of total hauls pros'!B118 -> 38G5 | G121: ='Final list of total hauls pros'!I118 -> DEN | H121: ='Final list of total hauls pros'!L118 -> 25-32 | I121: =IF(L121="+",$K$2,IF(N121="+",$M$2,IF(P121="+",$O$2,IF(R121="+",$Q$2,IF(T121="+",$S$2,IF(V121="+",$U$2,IF(X121="+",$W$2,IF(Z121="+",$Y$2,IF(AB121="+",$AA$2,IF(AD121="+",$AC$2,B121)))))))))) -> DEN (SD 25-32) | K121: =IF(L121="+",1,IF(L121="-","",IF(L121="",AK121))) | M121: =IF(N121="+",1,IF(N121="-","",IF(N121="",AL121))) -> 1 | O121: =IF(P121="+",1,IF(P121="-","",IF(P121="",AM121))) | Q121: =IF(R121="+",1,IF(R121="-","",IF(R121="",AN121))) | S121: =IF(T121="+",1,IF(T121="-","",IF(T121="",AO121))) | U121: =IF(V121="+",1,IF(V121="-","",IF(V121="",AP121))) | W121: =IF(X121="+",1,IF(X121="-","",IF(X121="",AQ121))) | Y121: =IF(Z121="+",1,IF(Z121="-","",IF(Z121="",AR121))) | AA121: =IF(AB121="+",1,IF(AB121="-","",IF(AB121="",AS121))) | AC121: =IF(AD121="+",1,IF(AD121="-","",IF(AD121="",AT121))) | AG121: =IF(SUM(K121:AC121)<>1,"FEJL","") | AK121: =IF(B121="DEN (SD 21-24)",1,"") | AL121: =IF(B121="DEN (SD 25-32)",1,"") -> 1 | AM121: =IF(B121="SWE (SD 25-32)",1,"") | AN121: =IF(B121="POL (SD 21-24)",1,"") | AO121: =IF(B121="POL (SD 25-32)",1,"") | AP121: =IF(B121="LAT (SD 25-32)",1,"") | AQ121: =IF(B121="EST (SD 25-32)",1,"") | AR121: =IF(B121="GFR (SD 21-24)",1,"") | AS121: =IF(B121="LTU (SD 25-32)",1,"") | AT121: =IF(B121="RUS (SD 25-32)",1,"")
A122: Standard | B122: ='Final list of total hauls pros'!M119 -> DEN (SD 25-32) | C122: 118 | D122: ='Final list of total hauls pros'!A119 -> 25197 | E122: =IF(D122<>"",LEFT(D122,2),"") -> 25 | F122: ='Final list of total hauls pros'!B119 -> 39G5 | G122: ='Final list of total hauls pros'!I119 -> DEN | H122: ='Final list of total hauls pros'!L119 -> 25-32 | I122: =IF(L122="+",$K$2,IF(N122="+",$M$2,IF(P122="+",$O$2,IF(R122="+",$Q$2,IF(T122="+",$S$2,IF(V122="+",$U$2,IF(X122="+",$W$2,IF(Z122="+",$Y$2,IF(AB122="+",$AA$2,IF(AD122="+",$AC$2,B122)))))))))) -> DEN (SD 25-32) | K122: =IF(L122="+",1,IF(L122="-","",IF(L122="",AK122))) | M122: =IF(N122="+",1,IF(N122="-","",IF(N122="",AL122))) -> 1 | O122: =IF(P122="+",1,IF(P122="-","",IF(P122="",AM122))) | Q122: =IF(R122="+",1,IF(R122="-","",IF(R122="",AN122))) | S122: =IF(T122="+",1,IF(T122="-","",IF(T122="",AO122))) | U122: =IF(V122="+",1,IF(V122="-","",IF(V122="",AP122))) | W122: =IF(X122="+",1,IF(X122="-","",IF(X122="",AQ122))) | Y122: =IF(Z122="+",1,IF(Z122="-","",IF(Z122="",AR122))) | AA122: =IF(AB122="+",1,IF(AB122="-","",IF(AB122="",AS122))) | AC122: =IF(AD122="+",1,IF(AD122="-","",IF(AD122="",AT122))) | AG122: =IF(SUM(K122:AC122)<>1,"FEJL","") | AK122: =IF(B122="DEN (SD 21-24)",1,"") | AL122: =IF(B122="DEN (SD 25-32)",1,"") -> 1 | AM122: =IF(B122="SWE (SD 25-32)",1,"") | AN122: =IF(B122="POL (SD 21-24)",1,"") | AO122: =IF(B122="POL (SD 25-32)",1,"") | AP122: =IF(B122="LAT (SD 25-32)",1,"") | AQ122: =IF(B122="EST (SD 25-32)",1,"") | AR122: =IF(B122="GFR (SD 21-24)",1,"") | AS122: =IF(B122="LTU (SD 25-32)",1,"") | AT122: =IF(B122="RUS (SD 25-32)",1,"")
A123: Standard | B123: ='Final list of total hauls pros'!M120 -> POL (SD 25-32) | C123: 119 | D123: ='Final list of total hauls pros'!A120 -> 25212 | E123: =IF(D123<>"",LEFT(D123,2),"") -> 25 | F123: ='Final list of total hauls pros'!B120 -> 39G6 | G123: ='Final list of total hauls pros'!I120 -> POL | H123: ='Final list of total hauls pros'!L120 -> 25-32 | I123: =IF(L123="+",$K$2,IF(N123="+",$M$2,IF(P123="+",$O$2,IF(R123="+",$Q$2,IF(T123="+",$S$2,IF(V123="+",$U$2,IF(X123="+",$W$2,IF(Z123="+",$Y$2,IF(AB123="+",$AA$2,IF(AD123="+",$AC$2,B123)))))))))) -> DEN (SD 25-32) | K123: =IF(L123="+",1,IF(L123="-","",IF(L123="",AK123))) | M123: =IF(N123="+",1,IF(N123="-","",IF(N123="",AL123))) -> 1 | N123: + | O123: =IF(P123="+",1,IF(P123="-","",IF(P123="",AM123))) | Q123: =IF(R123="+",1,IF(R123="-","",IF(R123="",AN123))) | S123: =IF(T123="+",1,IF(T123="-","",IF(T123="",AO123))) | T123: - | U123: =IF(V123="+",1,IF(V123="-","",IF(V123="",AP123))) | W123: =IF(X123="+",1,IF(X123="-","",IF(X123="",AQ123))) | Y123: =IF(Z123="+",1,IF(Z123="-","",IF(Z123="",AR123))) | AA123: =IF(AB123="+",1,IF(AB123="-","",IF(AB123="",AS123))) | AC123: =IF(AD123="+",1,IF(AD123="-","",IF(AD123="",AT123))) | AG123: =IF(SUM(K123:AC123)<>1,"FEJL","") | AK123: =IF(B123="DEN (SD 21-24)",1,"") | AL123: =IF(B123="DEN (SD 25-32)",1,"") | AM123: =IF(B123="SWE (SD 25-32)",1,"") | AN123: =IF(B123="POL (SD 21-24)",1,"") | AO123: =IF(B123="POL (SD 25-32)",1,"") -> 1 | AP123: =IF(B123="LAT (SD 25-32)",1,"") | AQ123: =IF(B123="EST (SD 25-32)",1,"") | AR123: =IF(B123="GFR (SD 21-24)",1,"") | AS123: =IF(B123="LTU (SD 25-32)",1,"") | AT123: =IF(B123="RUS (SD 25-32)",1,"")
...

Sheet Haul list for plotting
B1: =Processing!D4 -> NrHaul | C1: =Processing!F4 -> RectangleAlpha | D1: ='Final list of total hauls pros'!C1 -> ICES.SD | E1: ='Final list of total hauls pros'!D1 -> Latitude1_deg | F1: ='Final list of total hauls pros'!E1 -> Latitude1_dec_min | G1: ='Final list of total hauls pros'!F1 -> Longitude1_deg | H1: ='Final list of total hauls pros'!G1 -> Longitude1_dec_min | I1: ='Final list of total hauls pros'!H1 -> Layer | J1: ='Final list of total hauls pros'!I1 -> EEZ | K1: ='Final list of total hauls pros'!J1 -> Latitude1_deg_dec | ... M1: ='Final list of total hauls pros'!L1 -> codstock | N1: =Processing!B4 -> country
B2: =Processing!D5 -> 22002 | C2: =Processing!F5 -> 37G1 | D2: ='Final list of total hauls pros'!C2 -> 22 | E2: ='Final list of total hauls pros'!D2 -> 54 | F2: ='Final list of total hauls pros'!E2 -> 11.27 | G2: ='Final list of total hauls pros'!F2 -> 11 | H2: ='Final list of total hauls pros'!G2 -> 55.26 | I2: ='Final list of total hauls pros'!H2 -> 2 | J2: ='Final list of total hauls pros'!I2 -> GFR | K2: ='Final list of total hauls pros'!J2 -> 54.187833 | ... M2: ='Final list of total hauls pros'!L2 -> 21-24 | N2: =Processing!I5 -> GFR (SD 21-24)
B3: =Processing!D6 -> 22008 | C3: =Processing!F6 -> 37G1 | D3: ='Final list of total hauls pros'!C3 -> 22 | E3: ='Final list of total hauls pros'!D3 -> 54 | F3: ='Final list of total hauls pros'!E3 -> 20.8 | G3: ='Final list of total hauls pros'!F3 -> 11 | H3: ='Final list of total hauls pros'!G3 -> 55.3 | I3: ='Final list of total hauls pros'!H3 -> 2 | J3: ='Final list of total hauls pros'!I3 -> GFR | K3: ='Final list of total hauls pros'!J3 -> 54.346667 | ... M3: ='Final list of total hauls pros'!L3 -> 21-24 | N3: =Processing!I6 -> GFR (SD 21-24)
B4: =Processing!D7 -> 22018 | C4: =Processing!F7 -> 39G1 | D4: ='Final list of total hauls pros'!C4 -> 22 | E4: ='Final list of total hauls pros'!D4 -> 55 | F4: ='Final list of total hauls pros'!E4 -> 4.2 | G4: ='Final list of total hauls pros'!F4 -> 11 | H4: ='Final list of total hauls pros'!G4 -> 4.1 | I4: ='Final list of total hauls pros'!H4 -> 2 | J4: ='Final list of total hauls pros'!I4 -> DEN | K4: ='Final list of total hauls pros'!J4 -> 55.07 | ... M4: ='Final list of total hauls pros'!L4 -> 21-24 | N4: =Processing!I7 -> DEN (SD 21-24)
B5: =Processing!D8 -> 22020 | C5: =Processing!F8 -> 39G0 | D5: ='Final list of total hauls pros'!C5 -> 22 | E5: ='Final list of total hauls pros'!D5 -> 55 | F5: ='Final list of total hauls pros'!E5 -> 12.7 | G5: ='Final list of total hauls pros'!F5 -> 10 | H5: ='Final list of total hauls pros'!G5 -> 56.3 | I5: ='Final list of total hauls pros'!H5 -> 2 | J5: ='Final list of total hauls pros'!I5 -> DEN | K5: ='Final list of total hauls pros'!J5 -> 55.211667 | ... M5: ='Final list of total hauls pros'!L5 -> 21-24 | N5: =Processing!I8 -> DEN (SD 21-24)
B6: =Processing!D9 -> 22023 | C6: =Processing!F9 -> 39G1 | D6: ='Final list of total hauls pros'!C6 -> 22 | E6: ='Final list of total hauls pros'!D6 -> 55 | F6: ='Final list of total hauls pros'!E6 -> 18.47 | G6: ='Final list of total hauls pros'!F6 -> 11 | H6: ='Final list of total hauls pros'!G6 -> 1.28 | I6: ='Final list of total hauls pros'!H6 -> 2 | J6: ='Final list of total hauls pros'!I6 -> DEN | K6: ='Final list of total hauls pros'!J6 -> 55.307833 | ... M6: ='Final list of total hauls pros'!L6 -> 21-24 | N6: =Processing!I9 -> DEN (SD 21-24)
B7: =Processing!D10 -> 22024 | C7: =Processing!F10 -> 39F9 | D7: ='Final list of total hauls pros'!C7 -> 22 | E7: ='Final list of total hauls pros'!D7 -> 55 | F7: ='Final list of total hauls pros'!E7 -> 21.9 | G7: ='Final list of total hauls pros'!F7 -> 9 | H7: ='Final list of total hauls pros'!G7 -> 45.16 | I7: ='Final list of total hauls pros'!H7 -> 2 | J7: ='Final list of total hauls pros'!I7 -> DEN | K7: ='Final list of total hauls pros'!J7 -> 55.365 | ... M7: ='Final list of total hauls pros'!L7 -> 21-24 | N7: =Processing!I10 -> DEN (SD 21-24)
B8: =Processing!D11 -> 22025 | C8: =Processing!F11 -> 39G0 | D8: ='Final list of total hauls pros'!C8 -> 22 | E8: ='Final list of total hauls pros'!D8 -> 55 | F8: ='Final list of total hauls pros'!E8 -> 23.14 | G8: ='Final list of total hauls pros'!F8 -> 10 | H8: ='Final list of total hauls pros'!G8 -> 50.56 | I8: ='Final list of total hauls pros'!H8 -> 2 | J8: ='Final list of total hauls pros'!I8 -> DEN | K8: ='Final list of total hauls pros'!J8 -> 55.385667 | ... M8: ='Final list of total hauls pros'!L8 -> 21-24 | N8: =Processing!I11 -> DEN (SD 21-24)
B9: =Processing!D12 -> 22026 | C9: =Processing!F12 -> 39G0 | D9: ='Final list of total hauls pros'!C9 -> 22 | E9: ='Final list of total hauls pros'!D9 -> 55 | F9: ='Final list of total hauls pros'!E9 -> 25.4 | G9: ='Final list of total hauls pros'!F9 -> 10 | H9: ='Final list of total hauls pros'!G9 -> 46 | I9: ='Final list of total hauls pros'!H9 -> 2 | J9: ='Final list of total hauls pros'!I9 -> DEN | K9: ='Final list of total hauls pros'!J9 -> 55.423333 | ... M9: ='Final list of total hauls pros'!L9 -> 21-24 | N9: =Processing!I12 -> DEN (SD 21-24)
B10: =Processing!D13 -> 22027 | C10: =Processing!F13 -> 40G0 | D10: ='Final list of total hauls pros'!C10 -> 22 | E10: ='Final list of total hauls pros'!D10 -> 55 | F10: ='Final list of total hauls pros'!E10 -> 38.1 | G10: ='Final list of total hauls pros'!F10 -> 10 | H10: ='Final list of total hauls pros'!G10 -> 0.4 | I10: ='Final list of total hauls pros'!H10 -> 2 | J10: ='Final list of total hauls pros'!I10 -> DEN | K10: ='Final list of total hauls pros'!J10 -> 55.635 | ... M10: ='Final list of total hauls pros'!L10 -> 21-24 | N10: =Processing!I13 -> DEN (SD 21-24)
B11: =Processing!D14 -> 22032 | C11: =Processing!F14 -> 40G0 | D11: ='Final list of total hauls pros'!C11 -> 22 | E11: ='Final list of total hauls pros'!D11 -> 55 | F11: ='Final list of total hauls pros'!E11 -> 46.7 | G11: ='Final list of total hauls pros'!F11 -> 10 | H11: ='Final list of total hauls pros'!G11 -> 40.8 | I11: ='Final list of total hauls pros'!H11 -> 2 | J11: ='Final list of total hauls pros'!I11 -> DEN | K11: ='Final list of total hauls pros'!J11 -> 55.778333 | ... M11: ='Final list of total hauls pros'!L11 -> 21-24 | N11: =Processing!I14 -> DEN (SD 21-24)
B12: =Processing!D15 -> 22034 | C12: =Processing!F15 -> 40G0 | D12: ='Final list of total hauls pros'!C12 -> 22 | E12: ='Final list of total hauls pros'!D12 -> 55 | F12: ='Final list of total hauls pros'!E12 -> 59.6 | G12: ='Final list of total hauls pros'!F12 -> 10 | H12: ='Final list of total hauls pros'!G12 -> 38.4 | I12: ='Final list of total hauls pros'!H12 -> 2 | J12: ='Final list of total hauls pros'!I12 -> DEN | K12: ='Final list of total hauls pros'!J12 -> 55.993333 | ... M12: ='Final list of total hauls pros'!L12 -> 21-24 | N12: =Processing!I15 -> DEN (SD 21-24)
B13: =Processing!D16 -> 22036 | C13: =Processing!F16 -> 40G1 | D13: ='Final list of total hauls pros'!C13 -> 22 | E13: ='Final list of total hauls pros'!D13 -> 55 | F13: ='Final list of total hauls pros'!E13 -> 55.3 | G13: ='Final list of total hauls pros'!F13 -> 11 | H13: ='Final list of total hauls pros'!G13 -> 13.6 | I13: ='Final list of total hauls pros'!H13 -> 2 | J13: ='Final list of total hauls pros'!I13 -> DEN | K13: ='Final list of total hauls pros'!J13 -> 55.921667 | ... M13: ='Final list of total hauls pros'!L13 -> 21-24 | N13: =Processing!I16 -> DEN (SD 21-24)
... B302: =Processing!D305 -> 0 | C302: =Processing!F305 -> 0 | D302: ='Final list of total hauls pros'!C302 -> 0 | E302: ='Final list of total hauls pros'!D302 -> 0 | F302: ='Final list of total hauls pros'!E302 -> 0 | G302: ='Final list of total hauls pros'!F302 -> 0 | H302: ='Final list of total hauls pros'!G302 -> 0 | I302: ='Final list of total hauls pros'!H302 -> 0 | J302: ='Final list of total hauls pros'!I302 -> 0 | K302: ='Final list of total hauls pros'!J302 -> 0 | ... M302: ='Final list of total hauls pros'!L302 -> 0 | N302: =Processing!I305 -> 0

Sheet Haul list for dist. formulas
A1: BITS | B1: =CONCATENATE('Cover sheet'!B3,". ","quarter ",'Cover sheet'!B2) -> 1. quarter 2022
B3: =Processing!D4 -> NrHaul | C3: =Processing!F4 -> RectangleAlpha | D3: ='Final list of total hauls pros'!C1 -> ICES.SD | E3: ='Final list of total hauls pros'!D1 -> Latitude1_deg | F3: ='Final list of total hauls pros'!E1 -> Latitude1_dec_min | G3: ='Final list of total hauls pros'!F1 -> Longitude1_deg | H3: ='Final list of total hauls pros'!G1 -> Longitude1_dec_min | I3: ='Final list of total hauls pros'!H1 -> Layer | J3: ='Final list of total hauls pros'!I1 -> EEZ | K3: ='Final list of total hauls pros'!J1 -> Latitude1_deg_dec | ... M3: ='Final list of total hauls pros'!L1 -> codstock | N3: =Processing!B4 -> country
B4: =Processing!D5 -> 22002 | C4: =Processing!F5 -> 37G1 | D4: ='Final list of total hauls pros'!C2 -> 22 | E4: ='Final list of total hauls pros'!D2 -> 54 | F4: ='Final list of total hauls pros'!E2 -> 11.27 | G4: ='Final list of total hauls pros'!F2 -> 11 | H4: ='Final list of total hauls pros'!G2 -> 55.26 | I4: ='Final list of total hauls pros'!H2 -> 2 | J4: ='Final list of total hauls pros'!I2 -> GFR | K4: ='Final list of total hauls pros'!J2 -> 54.187833 | ... M4: ='Final list of total hauls pros'!L2 -> 21-24 | N4: =Processing!I5 -> GFR (SD 21-24)
B5: =Processing!D6 -> 22008 | C5: =Processing!F6 -> 37G1 | D5: ='Final list of total hauls pros'!C3 -> 22 | E5: ='Final list of total hauls pros'!D3 -> 54 | F5: ='Final list of total hauls pros'!E3 -> 20.8 | G5: ='Final list of total hauls pros'!F3 -> 11 | H5: ='Final list of total hauls pros'!G3 -> 55.3 | I5: ='Final list of total hauls pros'!H3 -> 2 | J5: ='Final list of total hauls pros'!I3 -> GFR | K5: ='Final list of total hauls pros'!J3 -> 54.346667 | ... M5: ='Final list of total hauls pros'!L3 -> 21-24 | N5: =Processing!I6 -> GFR (SD 21-24)
B6: =Processing!D7 -> 22018 | C6: =Processing!F7 -> 39G1 | D6: ='Final list of total hauls pros'!C4 -> 22 | E6: ='Final list of total hauls pros'!D4 -> 55 | F6: ='Final list of total hauls pros'!E4 -> 4.2 | G6: ='Final list of total hauls pros'!F4 -> 11 | H6: ='Final list of total hauls pros'!G4 -> 4.1 | I6: ='Final list of total hauls pros'!H4 -> 2 | J6: ='Final list of total hauls pros'!I4 -> DEN | K6: ='Final list of total hauls pros'!J4 -> 55.07 | ... M6: ='Final list of total hauls pros'!L4 -> 21-24 | N6: =Processing!I7 -> DEN (SD 21-24)
B7: =Processing!D8 -> 22020 | C7: =Processing!F8 -> 39G0 | D7: ='Final list of total hauls pros'!C5 -> 22 | E7: ='Final list of total hauls pros'!D5 -> 55 | F7: ='Final list of total hauls pros'!E5 -> 12.7 | G7: ='Final list of total hauls pros'!F5 -> 10 | H7: ='Final list of total hauls pros'!G5 -> 56.3 | I7: ='Final list of total hauls pros'!H5 -> 2 | J7: ='Final list of total hauls pros'!I5 -> DEN | K7: ='Final list of total hauls pros'!J5 -> 55.211667 | ... M7: ='Final list of total hauls pros'!L5 -> 21-24 | N7: =Processing!I8 -> DEN (SD 21-24)
B8: =Processing!D9 -> 22023 | C8: =Processing!F9 -> 39G1 | D8: ='Final list of total hauls pros'!C6 -> 22 | E8: ='Final list of total hauls pros'!D6 -> 55 | F8: ='Final list of total hauls pros'!E6 -> 18.47 | G8: ='Final list of total hauls pros'!F6 -> 11 | H8: ='Final list of total hauls pros'!G6 -> 1.28 | I8: ='Final list of total hauls pros'!H6 -> 2 | J8: ='Final list of total hauls pros'!I6 -> DEN | K8: ='Final list of total hauls pros'!J6 -> 55.307833 | ... M8: ='Final list of total hauls pros'!L6 -> 21-24 | N8: =Processing!I9 -> DEN (SD 21-24)
B9: =Processing!D10 -> 22024 | C9: =Processing!F10 -> 39F9 | D9: ='Final list of total hauls pros'!C7 -> 22 | E9: ='Final list of total hauls pros'!D7 -> 55 | F9: ='Final list of total hauls pros'!E7 -> 21.9 | G9: ='Final list of total hauls pros'!F7 -> 9 | H9: ='Final list of total hauls pros'!G7 -> 45.16 | I9: ='Final list of total hauls pros'!H7 -> 2 | J9: ='Final list of total hauls pros'!I7 -> DEN | K9: ='Final list of total hauls pros'!J7 -> 55.365 | ... M9: ='Final list of total hauls pros'!L7 -> 21-24 | N9: =Processing!I10 -> DEN (SD 21-24)
B10: =Processing!D11 -> 22025 | C10: =Processing!F11 -> 39G0 | D10: ='Final list of total hauls pros'!C8 -> 22 | E10: ='Final list of total hauls pros'!D8 -> 55 | F10: ='Final list of total hauls pros'!E8 -> 23.14 | G10: ='Final list of total hauls pros'!F8 -> 10 | H10: ='Final list of total hauls pros'!G8 -> 50.56 | I10: ='Final list of total hauls pros'!H8 -> 2 | J10: ='Final list of total hauls pros'!I8 -> DEN | K10: ='Final list of total hauls pros'!J8 -> 55.385667 | ... M10: ='Final list of total hauls pros'!L8 -> 21-24 | N10: =Processing!I11 -> DEN (SD 21-24)
B11: =Processing!D12 -> 22026 | C11: =Processing!F12 -> 39G0 | D11: ='Final list of total hauls pros'!C9 -> 22 | E11: ='Final list of total hauls pros'!D9 -> 55 | F11: ='Final list of total hauls pros'!E9 -> 25.4 | G11: ='Final list of total hauls pros'!F9 -> 10 | H11: ='Final list of total hauls pros'!G9 -> 46 | I11: ='Final list of total hauls pros'!H9 -> 2 | J11: ='Final list of total hauls pros'!I9 -> DEN | K11: ='Final list of total hauls pros'!J9 -> 55.423333 | ... M11: ='Final list of total hauls pros'!L9 -> 21-24 | N11: =Processing!I12 -> DEN (SD 21-24)
B12: =Processing!D13 -> 22027 | C12: =Processing!F13 -> 40G0 | D12: ='Final list of total hauls pros'!C10 -> 22 | E12: ='Final list of total hauls pros'!D10 -> 55 | F12: ='Final list of total hauls pros'!E10 -> 38.1 | G12: ='Final list of total hauls pros'!F10 -> 10 | H12: ='Final list of total hauls pros'!G10 -> 0.4 | I12: ='Final list of total hauls pros'!H10 -> 2 | J12: ='Final list of total hauls pros'!I10 -> DEN | K12: ='Final list of total hauls pros'!J10 -> 55.635 | ... M12: ='Final list of total hauls pros'!L10 -> 21-24 | N12: =Processing!I13 -> DEN (SD 21-24)
B13: =Processing!D14 -> 22032 | C13: =Processing!F14 -> 40G0 | D13: ='Final list of total hauls pros'!C11 -> 22 | E13: ='Final list of total hauls pros'!D11 -> 55 | F13: ='Final list of total hauls pros'!E11 -> 46.7 | G13: ='Final list of total hauls pros'!F11 -> 10 | H13: ='Final list of total hauls pros'!G11 -> 40.8 | I13: ='Final list of total hauls pros'!H11 -> 2 | J13: ='Final list of total hauls pros'!I11 -> DEN | K13: ='Final list of total hauls pros'!J11 -> 55.778333 | ... M13: ='Final list of total hauls pros'!L11 -> 21-24 | N13: =Processing!I14 -> DEN (SD 21-24)
B14: =Processing!D15 -> 22034 | C14: =Processing!F15 -> 40G0 | D14: ='Final list of total hauls pros'!C12 -> 22 | E14: ='Final list of total hauls pros'!D12 -> 55 | F14: ='Final list of total hauls pros'!E12 -> 59.6 | G14: ='Final list of total hauls pros'!F12 -> 10 | H14: ='Final list of total hauls pros'!G12 -> 38.4 | I14: ='Final list of total hauls pros'!H12 -> 2 | J14: ='Final list of total hauls pros'!I12 -> DEN | K14: ='Final list of total hauls pros'!J12 -> 55.993333 | ... M14: ='Final list of total hauls pros'!L12 -> 21-24 | N14: =Processing!I15 -> DEN (SD 21-24)
B15: =Processing!D16 -> 22036 | C15: =Processing!F16 -> 40G1 | D15: ='Final list of total hauls pros'!C13 -> 22 | E15: ='Final list of total hauls pros'!D13 -> 55 | F15: ='Final list of total hauls pros'!E13 -> 55.3 | G15: ='Final list of total hauls pros'!F13 -> 11 | H15: ='Final list of total hauls pros'!G13 -> 13.6 | I15: ='Final list of total hauls pros'!H13 -> 2 | J15: ='Final list of total hauls pros'!I13 -> DEN | K15: ='Final list of total hauls pros'!J13 -> 55.921667 | ... M15: ='Final list of total hauls pros'!L13 -> 21-24 | N15: =Processing!I16 -> DEN (SD 21-24)
... B304: =Processing!D305 -> 0 | C304: =Processing!F305 -> 0 | D304: ='Final list of total hauls pros'!C302 -> 0 | E304: ='Final list of total hauls pros'!D302 -> 0 | F304: ='Final list of total hauls pros'!E302 -> 0 | G304: ='Final list of total hauls pros'!F302 -> 0 | H304: ='Final list of total hauls pros'!G302 -> 0 | I304: ='Final list of total hauls pros'!H302 -> 0 | J304: ='Final list of total hauls pros'!I302 -> 0 | K304: ='Final list of total hauls pros'!J302 -> 0 | ... M304: ='Final list of total hauls pros'!L302 -> 0 | N304: =Processing!I305 -> 0

Sheet Haul list for dist no formulas
A1: BITS | B1: 1. quarter 2022
B3: NrHaul | C3: RectangleAlpha | D3: ICES.SD | E3: Latitude1_deg | F3: Latitude1_dec_min | G3: Longitude1_deg | H3: Longitude1_dec_min | I3: Layer | J3: EEZ | K3: Latitude1_deg_dec | L3: Longitude1_deg_dec | M3: codstock | N3: country
B4: 22002 | C4: 37G1 | D4: 22 | E4: 54 | F4: 11.27 | G4: 11 | H4: 55.26 | I4: 2 | J4: GFR | K4: 54.187833 | L4: 11.921 | M4: 21-24 | N4: GFR (SD 21-24)
B5: 22008 | C5: 37G1 | D5: 22 | E5: 54 | F5: 20.8 | G5: 11 | H5: 55.3 | I5: 2 | J5: GFR | K5: 54.346667 | L5: 11.921667 | M5: 21-24 | N5: GFR (SD 21-24)
B6: 22018 | C6: 39G1 | D6: 22 | E6: 55 | F6: 4.2 | G6: 11 | H6: 4.1 | I6: 2 | J6: DEN | K6: 55.07 | L6: 11.068333 | M6: 21-24 | N6: DEN (SD 21-24)
B7: 22020 | C7: 39G0 | D7: 22 | E7: 55 | F7: 12.7 | G7: 10 | H7: 56.3 | I7: 2 | J7: DEN | K7: 55.211667 | L7: 10.938333 | M7: 21-24 | N7: DEN (SD 21-24)
B8: 22023 | C8: 39G1 | D8: 22 | E8: 55 | F8: 18.47 | G8: 11 | H8: 1.28 | I8: 2 | J8: DEN | K8: 55.307833 | L8: 11.021333 | M8: 21-24 | N8: DEN (SD 21-24)
B9: 22024 | C9: 39F9 | D9: 22 | E9: 55 | F9: 21.9 | G9: 9 | H9: 45.16 | I9: 2 | J9: DEN | K9: 55.365 | L9: 9.7526667 | M9: 21-24 | N9: DEN (SD 21-24)
B10: 22025 | C10: 39G0 | D10: 22 | E10: 55 | F10: 23.14 | G10: 10 | H10: 50.56 | I10: 2 | J10: DEN | K10: 55.385667 | L10: 10.842667 | M10: 21-24 | N10: DEN (SD 21-24)
B11: 22026 | C11: 39G0 | D11: 22 | E11: 55 | F11: 25.4 | G11: 10 | H11: 46 | I11: 2 | J11: DEN | K11: 55.423333 | L11: 10.766667 | M11: 21-24 | N11: DEN (SD 21-24)
B12: 22027 | C12: 40G0 | D12: 22 | E12: 55 | F12: 38.1 | G12: 10 | H12: 0.4 | I12: 2 | J12: DEN | K12: 55.635 | L12: 10.006667 | M12: 21-24 | N12: DEN (SD 21-24)
B13: 22032 | C13: 40G0 | D13: 22 | E13: 55 | F13: 46.7 | G13: 10 | H13: 40.8 | I13: 2 | J13: DEN | K13: 55.778333 | L13: 10.68 | M13: 21-24 | N13: DEN (SD 21-24)
B14: 22034 | C14: 40G0 | D14: 22 | E14: 55 | F14: 59.6 | G14: 10 | H14: 38.4 | I14: 2 | J14: DEN | K14: 55.993333 | L14: 10.64 | M14: 21-24 | N14: DEN (SD 21-24)
B15: 22036 | C15: 40G1 | D15: 22 | E15: 55 | F15: 55.3 | G15: 11 | H15: 13.6 | I15: 2 | J15: DEN | K15: 55.921667 | L15: 11.226667 | M15: 21-24 | N15: DEN (SD 21-24)
... B298: 28173 | C298: 42H0 | D298: 28 | E298: 56 | F298: 38.85 | G298: 20 | H298: 36.28 | I298: 3 | J298: LAT | K298: 56.6475 | L298: 20.604667 | M298: 25-32 | N298: LAT (SD 25-32)
